datetime_utc,kwh_per_half_hour,watts,solar_period,solar_elevation_deg
2025-11-26 00:00,0.3200,640.0,no,-58.9
2025-11-26 00:30,0.2970,594.0,no,-58.3
2025-11-26 01:00,0.3120,624.0,no,-56.7
2025-11-26 01:30,0.3080,616.0,no,-54.2
2025-11-26 02:00,0.3110,622.0,no,-51.0
2025-11-26 02:30,0.2780,556.0,no,-47.3
2025-11-26 03:00,0.2980,596.0,no,-43.3
2025-11-26 03:30,0.3170,634.0,no,-39.0
2025-11-26 04:00,0.3210,642.0,no,-34.5
2025-11-26 04:30,0.2850,570.0,no,-30.0
2025-11-26 05:00,0.2760,552.0,no,-25.4
2025-11-26 05:30,0.3100,620.0,no,-20.8
2025-11-26 06:00,0.3090,618.0,no,-16.4
2025-11-26 06:30,0.3170,634.0,no,-12.0
2025-11-26 07:00,0.3580,716.0,no,-7.7
2025-11-26 07:30,0.3860,772.0,no,-3.7
2025-11-26 08:00,0.3570,714.0,no,0.1
2025-11-26 08:30,0.1560,312.0,no,3.6
2025-11-26 09:00,0.1040,208.0,yes,6.8
2025-11-26 09:30,0.0200,40.0,yes,9.6
2025-11-26 10:00,0.0000,0.0,yes,12.0
2025-11-26 10:30,0.0310,62.0,yes,13.8
2025-11-26 11:00,0.0000,0.0,yes,15.2
2025-11-26 11:30,0.3140,628.0,yes,16.0
2025-11-26 12:00,0.0440,88.0,yes,16.2
2025-11-26 12:30,0.0000,0.0,yes,15.9
2025-11-26 13:00,0.1970,394.0,yes,15.0
2025-11-26 13:30,0.8030,1606.0,yes,13.5
2025-11-26 14:00,0.8400,1680.0,yes,11.5
2025-11-26 14:30,0.8220,1644.0,yes,9.1
2025-11-26 15:00,1.7350,3470.0,yes,6.2
2025-11-26 15:30,1.1970,2394.0,no,3.0
2025-11-26 16:00,0.5310,1062.0,no,-0.6
2025-11-26 16:30,0.6030,1206.0,no,-4.4
2025-11-26 17:00,1.1830,2366.0,no,-8.5
2025-11-26 17:30,1.0780,2156.0,no,-12.8
2025-11-26 18:00,1.0470,2094.0,no,-17.2
2025-11-26 18:30,1.0240,2048.0,no,-21.7
2025-11-26 19:00,0.8320,1664.0,no,-26.2
2025-11-26 19:30,0.6210,1242.0,no,-30.8
2025-11-26 20:00,0.7810,1562.0,no,-35.4
2025-11-26 20:30,0.8520,1704.0,no,-39.8
2025-11-26 21:00,0.6010,1202.0,no,-44.0
2025-11-26 21:30,0.5290,1058.0,no,-48.0
2025-11-26 22:00,0.5080,1016.0,no,-51.6
2025-11-26 22:30,0.3730,746.0,no,-54.7
2025-11-26 23:00,0.2850,570.0,no,-57.0
2025-11-26 23:30,0.3160,632.0,no,-58.5
2025-11-27 00:00,0.3160,632.0,no,-59.1
2025-11-27 00:30,0.3030,606.0,no,-58.5
2025-11-27 01:00,0.2730,546.0,no,-56.8
2025-11-27 01:30,0.2700,540.0,no,-54.3
2025-11-27 02:00,0.3140,628.0,no,-51.1
2025-11-27 02:30,0.2850,570.0,no,-47.4
2025-11-27 03:00,0.2790,558.0,no,-43.4
2025-11-27 03:30,0.2710,542.0,no,-39.1
2025-11-27 04:00,0.3120,624.0,no,-34.6
2025-11-27 04:30,0.2890,578.0,no,-30.1
2025-11-27 05:00,0.2720,544.0,no,-25.5
2025-11-27 05:30,0.3060,612.0,no,-21.0
2025-11-27 06:00,0.3600,720.0,no,-16.5
2025-11-27 06:30,0.3730,746.0,no,-12.1
2025-11-27 07:00,0.3020,604.0,no,-7.9
2025-11-27 07:30,0.3330,666.0,no,-3.8
2025-11-27 08:00,0.3660,732.0,no,-0.0
2025-11-27 08:30,0.4540,908.0,no,3.5
2025-11-27 09:00,0.4150,830.0,yes,6.6
2025-11-27 09:30,0.3300,660.0,yes,9.4
2025-11-27 10:00,0.3520,704.0,yes,11.8
2025-11-27 10:30,0.3000,600.0,yes,13.7
2025-11-27 11:00,0.3070,614.0,yes,15.0
2025-11-27 11:30,0.2310,462.0,yes,15.8
2025-11-27 12:00,0.2240,448.0,yes,16.1
2025-11-27 12:30,0.2650,530.0,yes,15.7
2025-11-27 13:00,0.4160,832.0,yes,14.8
2025-11-27 13:30,0.5590,1118.0,yes,13.4
2025-11-27 14:00,0.5000,1000.0,yes,11.4
2025-11-27 14:30,0.5160,1032.0,yes,8.9
2025-11-27 15:00,0.4930,986.0,yes,6.1
2025-11-27 15:30,0.5490,1098.0,no,2.8
2025-11-27 16:00,0.5560,1112.0,no,-0.7
2025-11-27 16:30,0.5390,1078.0,no,-4.6
2025-11-27 17:00,0.5100,1020.0,no,-8.6
2025-11-27 17:30,0.4870,974.0,no,-12.9
2025-11-27 18:00,0.4810,962.0,no,-17.3
2025-11-27 18:30,0.6060,1212.0,no,-21.8
2025-11-27 19:00,0.5900,1180.0,no,-26.4
2025-11-27 19:30,0.4590,918.0,no,-30.9
2025-11-27 20:00,0.4790,958.0,no,-35.5
2025-11-27 20:30,0.4490,898.0,no,-39.9
2025-11-27 21:00,0.4190,838.0,no,-44.2
2025-11-27 21:30,0.4960,992.0,no,-48.2
2025-11-27 22:00,0.5850,1170.0,no,-51.8
2025-11-27 22:30,0.5590,1118.0,no,-54.8
2025-11-27 23:00,0.5310,1062.0,no,-57.2
2025-11-27 23:30,0.5720,1144.0,no,-58.7
2025-11-28 00:00,0.5160,1032.0,no,-59.3
2025-11-28 00:30,0.4990,998.0,no,-58.6
2025-11-28 01:00,0.4730,946.0,no,-57.0
2025-11-28 01:30,0.4990,998.0,no,-54.5
2025-11-28 02:00,0.4050,810.0,no,-51.3
2025-11-28 02:30,0.3800,760.0,no,-47.6
2025-11-28 03:00,0.4070,814.0,no,-43.5
2025-11-28 03:30,0.3240,648.0,no,-39.2
2025-11-28 04:00,0.3300,660.0,no,-34.8
2025-11-28 04:30,0.2890,578.0,no,-30.2
2025-11-28 05:00,0.3010,602.0,no,-25.6
2025-11-28 05:30,0.3430,686.0,no,-21.1
2025-11-28 06:00,0.3740,748.0,no,-16.6
2025-11-28 06:30,0.3790,758.0,no,-12.2
2025-11-28 07:00,0.3480,696.0,no,-8.0
2025-11-28 07:30,0.3790,758.0,no,-4.0
2025-11-28 08:00,0.3450,690.0,no,-0.2
2025-11-28 08:30,0.3630,726.0,no,3.3
2025-11-28 09:00,0.2590,518.0,yes,6.5
2025-11-28 09:30,0.0690,138.0,yes,9.3
2025-11-28 10:00,0.0620,124.0,yes,11.6
2025-11-28 10:30,0.0050,10.0,yes,13.5
2025-11-28 11:00,0.0010,2.0,yes,14.9
2025-11-28 11:30,0.0170,34.0,yes,15.7
2025-11-28 12:00,0.0820,164.0,yes,15.9
2025-11-28 12:30,0.0230,46.0,yes,15.6
2025-11-28 13:00,0.0240,48.0,yes,14.7
2025-11-28 13:30,0.1520,304.0,yes,13.2
2025-11-28 14:00,0.3180,636.0,yes,11.2
2025-11-28 14:30,0.3080,616.0,yes,8.8
2025-11-28 15:00,0.2960,592.0,yes,5.9
2025-11-28 15:30,0.3520,704.0,no,2.7
2025-11-28 16:00,0.3500,700.0,no,-0.9
2025-11-28 16:30,0.4020,804.0,no,-4.7
2025-11-28 17:00,0.4720,944.0,no,-8.8
2025-11-28 17:30,0.7830,1566.0,no,-13.0
2025-11-28 18:00,1.4780,2956.0,no,-17.4
2025-11-28 18:30,1.1580,2316.0,no,-21.9
2025-11-28 19:00,0.5600,1120.0,no,-26.5
2025-11-28 19:30,0.6830,1366.0,no,-31.1
2025-11-28 20:00,0.9340,1868.0,no,-35.6
2025-11-28 20:30,0.6550,1310.0,no,-40.0
2025-11-28 21:00,0.7150,1430.0,no,-44.3
2025-11-28 21:30,0.6940,1388.0,no,-48.3
2025-11-28 22:00,0.7030,1406.0,no,-51.9
2025-11-28 22:30,1.8770,3754.0,no,-55.0
2025-11-28 23:00,0.6170,1234.0,no,-57.4
2025-11-28 23:30,0.6250,1250.0,no,-58.8
2025-11-29 00:00,0.4480,896.0,no,-59.4
2025-11-29 00:30,0.4520,904.0,no,-58.8
2025-11-29 01:00,0.4220,844.0,no,-57.1
2025-11-29 01:30,0.4060,812.0,no,-54.6
2025-11-29 02:00,0.3930,786.0,no,-51.4
2025-11-29 02:30,0.4420,884.0,no,-47.7
2025-11-29 03:00,0.4090,818.0,no,-43.6
2025-11-29 03:30,0.4070,814.0,no,-39.3
2025-11-29 04:00,0.3880,776.0,no,-34.9
2025-11-29 04:30,0.4340,868.0,no,-30.3
2025-11-29 05:00,0.4290,858.0,no,-25.8
2025-11-29 05:30,0.4130,826.0,no,-21.2
2025-11-29 06:00,0.4240,848.0,no,-16.7
2025-11-29 06:30,0.4740,948.0,no,-12.3
2025-11-29 07:00,0.4990,998.0,no,-8.1
2025-11-29 07:30,0.4230,846.0,no,-4.1
2025-11-29 08:00,0.4170,834.0,no,-0.3
2025-11-29 08:30,0.4260,852.0,no,3.2
2025-11-29 09:00,0.5260,1052.0,yes,6.4
2025-11-29 09:30,0.4050,810.0,yes,9.1
2025-11-29 10:00,0.4990,998.0,yes,11.5
2025-11-29 10:30,0.4200,840.0,yes,13.4
2025-11-29 11:00,0.3700,740.0,yes,14.7
2025-11-29 11:30,0.3620,724.0,yes,15.5
2025-11-29 12:00,0.2740,548.0,yes,15.8
2025-11-29 12:30,0.2990,598.0,yes,15.4
2025-11-29 13:00,0.4040,808.0,yes,14.5
2025-11-29 13:30,1.0330,2066.0,yes,13.1
2025-11-29 14:00,0.6690,1338.0,yes,11.1
2025-11-29 14:30,0.4440,888.0,yes,8.7
2025-11-29 15:00,0.9210,1842.0,yes,5.8
2025-11-29 15:30,0.7860,1572.0,no,2.6
2025-11-29 16:00,0.5270,1054.0,no,-1.0
2025-11-29 16:30,0.5920,1184.0,no,-4.8
2025-11-29 17:00,0.6320,1264.0,no,-8.9
2025-11-29 17:30,1.7530,3506.0,no,-13.1
2025-11-29 18:00,0.7420,1484.0,no,-17.5
2025-11-29 18:30,0.5350,1070.0,no,-22.0
2025-11-29 19:00,0.4060,812.0,no,-26.6
2025-11-29 19:30,0.4430,886.0,no,-31.2
2025-11-29 20:00,0.4380,876.0,no,-35.7
2025-11-29 20:30,0.4360,872.0,no,-40.2
2025-11-29 21:00,0.4050,810.0,no,-44.4
2025-11-29 21:30,0.4430,886.0,no,-48.4
2025-11-29 22:00,0.4380,876.0,no,-52.0
2025-11-29 22:30,0.4470,894.0,no,-55.1
2025-11-29 23:00,0.4300,860.0,no,-57.5
2025-11-29 23:30,0.4170,834.0,no,-59.0
2025-11-30 00:00,0.4610,922.0,no,-59.6
2025-11-30 00:30,0.4760,952.0,no,-58.9
2025-11-30 01:00,0.4610,922.0,no,-57.3
2025-11-30 01:30,0.4320,864.0,no,-54.7
2025-11-30 02:00,0.4760,952.0,no,-51.5
2025-11-30 02:30,0.4670,934.0,no,-47.8
2025-11-30 03:00,0.4320,864.0,no,-43.8
2025-11-30 03:30,0.4420,884.0,no,-39.4
2025-11-30 04:00,0.4400,880.0,no,-35.0
2025-11-30 04:30,0.4440,888.0,no,-30.4
2025-11-30 05:00,0.4100,820.0,no,-25.9
2025-11-30 05:30,0.4170,834.0,no,-21.3
2025-11-30 06:00,0.4230,846.0,no,-16.8
2025-11-30 06:30,0.4380,876.0,no,-12.5
2025-11-30 07:00,0.4260,852.0,no,-8.2
2025-11-30 07:30,0.3980,796.0,no,-4.2
2025-11-30 08:00,0.3530,706.0,no,-0.4
2025-11-30 08:30,0.1460,292.0,no,3.1
2025-11-30 09:00,0.0010,2.0,yes,6.2
2025-11-30 09:30,0.0720,144.0,yes,9.0
2025-11-30 10:00,0.0000,0.0,yes,11.4
2025-11-30 10:30,0.0000,0.0,yes,13.2
2025-11-30 11:00,0.2580,516.0,yes,14.6
2025-11-30 11:30,0.2870,574.0,yes,15.4
2025-11-30 12:00,0.5890,1178.0,yes,15.6
2025-11-30 12:30,1.0740,2148.0,yes,15.3
2025-11-30 13:00,0.2840,568.0,yes,14.4
2025-11-30 13:30,0.6920,1384.0,yes,12.9
2025-11-30 14:00,0.6130,1226.0,yes,11.0
2025-11-30 14:30,1.6820,3364.0,yes,8.5
2025-11-30 15:00,0.4630,926.0,yes,5.7
2025-11-30 15:30,0.8810,1762.0,no,2.4
2025-11-30 16:00,1.0360,2072.0,no,-1.1
2025-11-30 16:30,0.5630,1126.0,no,-4.9
2025-11-30 17:00,0.6190,1238.0,no,-9.0
2025-11-30 17:30,0.5580,1116.0,no,-13.3
2025-11-30 18:00,0.9040,1808.0,no,-17.7
2025-11-30 18:30,0.7600,1520.0,no,-22.2
2025-11-30 19:00,1.4940,2988.0,no,-26.7
2025-11-30 19:30,1.7990,3598.0,no,-31.3
2025-11-30 20:00,1.0930,2186.0,no,-35.8
2025-11-30 20:30,0.5760,1152.0,no,-40.3
2025-11-30 21:00,0.5670,1134.0,no,-44.5
2025-11-30 21:30,0.5130,1026.0,no,-48.5
2025-11-30 22:00,0.4700,940.0,no,-52.2
2025-11-30 22:30,0.4780,956.0,no,-55.3
2025-11-30 23:00,0.3820,764.0,no,-57.6
2025-11-30 23:30,0.3750,750.0,no,-59.1
2025-12-01 00:00,0.3480,696.0,no,-59.7
2025-12-01 00:30,0.3490,698.0,no,-59.1
2025-12-01 01:00,0.3170,634.0,no,-57.4
2025-12-01 01:30,0.3120,624.0,no,-54.9
2025-12-01 02:00,0.3520,704.0,no,-51.7
2025-12-01 02:30,0.3300,660.0,no,-47.9
2025-12-01 03:00,0.3210,642.0,no,-43.9
2025-12-01 03:30,0.3050,610.0,no,-39.6
2025-12-01 04:00,0.3550,710.0,no,-35.1
2025-12-01 04:30,0.3250,650.0,no,-30.5
2025-12-01 05:00,0.3140,628.0,no,-26.0
2025-12-01 05:30,0.3380,676.0,no,-21.4
2025-12-01 06:00,0.3560,712.0,no,-16.9
2025-12-01 06:30,0.3560,712.0,no,-12.6
2025-12-01 07:00,0.3140,628.0,no,-8.3
2025-12-01 07:30,0.4850,970.0,no,-4.3
2025-12-01 08:00,0.5660,1132.0,no,-0.5
2025-12-01 08:30,0.5700,1140.0,no,2.9
2025-12-01 09:00,0.6410,1282.0,yes,6.1
2025-12-01 09:30,0.4290,858.0,yes,8.9
2025-12-01 10:00,0.5000,1000.0,yes,11.2
2025-12-01 10:30,0.4930,986.0,yes,13.1
2025-12-01 11:00,0.5260,1052.0,yes,14.5
2025-12-01 11:30,0.6380,1276.0,yes,15.3
2025-12-01 12:00,0.6110,1222.0,yes,15.5
2025-12-01 12:30,0.4940,988.0,yes,15.1
2025-12-01 13:00,0.4370,874.0,yes,14.2
2025-12-01 13:30,0.4020,804.0,yes,12.8
2025-12-01 14:00,0.9300,1860.0,yes,10.8
2025-12-01 14:30,0.9010,1802.0,yes,8.4
2025-12-01 15:00,0.3420,684.0,yes,5.5
2025-12-01 15:30,0.3700,740.0,no,2.3
2025-12-01 16:00,0.4970,994.0,no,-1.2
2025-12-01 16:30,0.5680,1136.0,no,-5.1
2025-12-01 17:00,0.6280,1256.0,no,-9.1
2025-12-01 17:30,0.5980,1196.0,no,-13.4
2025-12-01 18:00,0.5870,1174.0,no,-17.8
2025-12-01 18:30,1.1920,2384.0,no,-22.3
2025-12-01 19:00,1.4590,2918.0,no,-26.8
2025-12-01 19:30,1.0370,2074.0,no,-31.4
2025-12-01 20:00,0.7080,1416.0,no,-35.9
2025-12-01 20:30,0.6190,1238.0,no,-40.4
2025-12-01 21:00,0.6190,1238.0,no,-44.6
2025-12-01 21:30,0.6610,1322.0,no,-48.7
2025-12-01 22:00,0.6410,1282.0,no,-52.3
2025-12-01 22:30,0.6180,1236.0,no,-55.4
2025-12-01 23:00,0.5430,1086.0,no,-57.8
2025-12-01 23:30,0.4760,952.0,no,-59.3
2025-12-02 00:00,0.4360,872.0,no,-59.8
2025-12-02 00:30,0.4530,906.0,no,-59.2
2025-12-02 01:00,0.4590,918.0,no,-57.5
2025-12-02 01:30,0.4730,946.0,no,-55.0
2025-12-02 02:00,0.4210,842.0,no,-51.8
2025-12-02 02:30,0.4320,864.0,no,-48.0
2025-12-02 03:00,0.4610,922.0,no,-44.0
2025-12-02 03:30,0.4510,902.0,no,-39.7
2025-12-02 04:00,0.4360,872.0,no,-35.2
2025-12-02 04:30,0.4240,848.0,no,-30.6
2025-12-02 05:00,0.4760,952.0,no,-26.1
2025-12-02 05:30,0.4590,918.0,no,-21.5
2025-12-02 06:00,0.4530,906.0,no,-17.0
2025-12-02 06:30,0.4500,900.0,no,-12.7
2025-12-02 07:00,0.4720,944.0,no,-8.5
2025-12-02 07:30,0.4610,922.0,no,-4.4
2025-12-02 08:00,0.4460,892.0,no,-0.7
2025-12-02 08:30,0.3780,756.0,no,2.8
2025-12-02 09:00,0.0440,88.0,yes,6.0
2025-12-02 09:30,0.3830,766.0,yes,8.8
2025-12-02 10:00,0.0000,0.0,yes,11.1
2025-12-02 10:30,0.0690,138.0,yes,13.0
2025-12-02 11:00,0.0400,80.0,yes,14.3
2025-12-02 11:30,0.0000,0.0,yes,15.1
2025-12-02 12:00,0.0000,0.0,yes,15.4
2025-12-02 12:30,0.0000,0.0,yes,15.0
2025-12-02 13:00,0.0010,2.0,yes,14.1
2025-12-02 13:30,0.1200,240.0,yes,12.7
2025-12-02 14:00,0.4080,816.0,yes,10.7
2025-12-02 14:30,0.4790,958.0,yes,8.3
2025-12-02 15:00,0.5100,1020.0,yes,5.4
2025-12-02 15:30,0.4900,980.0,no,2.2
2025-12-02 16:00,0.5260,1052.0,no,-1.3
2025-12-02 16:30,0.5600,1120.0,no,-5.2
2025-12-02 17:00,0.7200,1440.0,no,-9.2
2025-12-02 17:30,0.5920,1184.0,no,-13.5
2025-12-02 18:00,0.6510,1302.0,no,-17.9
2025-12-02 18:30,0.7220,1444.0,no,-22.4
2025-12-02 19:00,1.7540,3508.0,no,-26.9
2025-12-02 19:30,2.0190,4038.0,no,-31.5
2025-12-02 20:00,1.5950,3190.0,no,-36.0
2025-12-02 20:30,0.6330,1266.0,no,-40.5
2025-12-02 21:00,0.5790,1158.0,no,-44.8
2025-12-02 21:30,0.6320,1264.0,no,-48.8
2025-12-02 22:00,0.5840,1168.0,no,-52.4
2025-12-02 22:30,0.5460,1092.0,no,-55.5
2025-12-02 23:00,0.6680,1336.0,no,-57.9
2025-12-02 23:30,0.4780,956.0,no,-59.4
2025-12-03 00:00,0.4550,910.0,no,-60.0
2025-12-03 00:30,0.4300,860.0,no,-59.3
2025-12-03 01:00,0.4620,924.0,no,-57.6
2025-12-03 01:30,0.4420,884.0,no,-55.1
2025-12-03 02:00,0.4450,890.0,no,-51.9
2025-12-03 02:30,0.4200,840.0,no,-48.1
2025-12-03 03:00,0.4220,844.0,no,-44.1
2025-12-03 03:30,0.4630,926.0,no,-39.8
2025-12-03 04:00,0.4410,882.0,no,-35.3
2025-12-03 04:30,0.4330,866.0,no,-30.7
2025-12-03 05:00,0.4150,830.0,no,-26.2
2025-12-03 05:30,0.4510,902.0,no,-21.6
2025-12-03 06:00,0.4220,844.0,no,-17.1
2025-12-03 06:30,0.4760,952.0,no,-12.8
2025-12-03 07:00,0.5110,1022.0,no,-8.6
2025-12-03 07:30,0.3760,752.0,no,-4.5
2025-12-03 08:00,0.5060,1012.0,no,-0.8
2025-12-03 08:30,0.4870,974.0,no,2.7
2025-12-03 09:00,0.4090,818.0,yes,5.9
2025-12-03 09:30,0.2880,576.0,yes,8.6
2025-12-03 10:00,0.2380,476.0,yes,11.0
2025-12-03 10:30,0.0890,178.0,yes,12.9
2025-12-03 11:00,0.0000,0.0,yes,14.2
2025-12-03 11:30,0.0000,0.0,yes,15.0
2025-12-03 12:00,0.0400,80.0,yes,15.2
2025-12-03 12:30,0.0000,0.0,yes,14.9
2025-12-03 13:00,0.0000,0.0,yes,14.0
2025-12-03 13:30,0.0400,80.0,yes,12.5
2025-12-03 14:00,0.2120,424.0,yes,10.6
2025-12-03 14:30,0.3010,602.0,yes,8.2
2025-12-03 15:00,0.3650,730.0,yes,5.3
2025-12-03 15:30,0.3410,682.0,no,2.1
2025-12-03 16:00,0.2970,594.0,no,-1.5
2025-12-03 16:30,0.2570,514.0,no,-5.3
2025-12-03 17:00,0.3010,602.0,no,-9.3
2025-12-03 17:30,0.2930,586.0,no,-13.6
2025-12-03 18:00,0.3450,690.0,no,-18.0
2025-12-03 18:30,0.3880,776.0,no,-22.5
2025-12-03 19:00,0.3200,640.0,no,-27.0
2025-12-03 19:30,0.3590,718.0,no,-31.6
2025-12-03 20:00,0.3180,636.0,no,-36.1
2025-12-03 20:30,0.3570,714.0,no,-40.6
2025-12-03 21:00,0.3480,696.0,no,-44.9
2025-12-03 21:30,0.3700,740.0,no,-48.9
2025-12-03 22:00,0.3320,664.0,no,-52.5
2025-12-03 22:30,0.3330,666.0,no,-55.6
2025-12-03 23:00,0.5560,1112.0,no,-58.0
2025-12-03 23:30,0.3460,692.0,no,-59.5
2025-12-04 00:00,0.2690,538.0,no,-60.1
2025-12-04 00:30,0.2320,464.0,no,-59.4
2025-12-04 01:00,0.2670,534.0,no,-57.7
2025-12-04 01:30,0.2650,530.0,no,-55.2
2025-12-04 02:00,0.2370,474.0,no,-52.0
2025-12-04 02:30,0.2300,460.0,no,-48.2
2025-12-04 03:00,0.2210,442.0,no,-44.2
2025-12-04 03:30,0.2800,560.0,no,-39.8
2025-12-04 04:00,0.2370,474.0,no,-35.4
2025-12-04 04:30,0.2310,462.0,no,-30.8
2025-12-04 05:00,0.2150,430.0,no,-26.2
2025-12-04 05:30,0.2650,530.0,no,-21.7
2025-12-04 06:00,0.3040,608.0,no,-17.2
2025-12-04 06:30,0.3280,656.0,no,-12.9
2025-12-04 07:00,0.4200,840.0,no,-8.7
2025-12-04 07:30,0.2920,584.0,no,-4.6
2025-12-04 08:00,0.2880,576.0,no,-0.9
2025-12-04 08:30,0.2320,464.0,no,2.6
2025-12-04 09:00,0.2320,464.0,yes,5.8
2025-12-04 09:30,0.2190,438.0,yes,8.5
2025-12-04 10:00,0.2610,522.0,yes,10.9
2025-12-04 10:30,0.2550,510.0,yes,12.7
2025-12-04 11:00,0.2050,410.0,yes,14.1
2025-12-04 11:30,0.2270,454.0,yes,14.9
2025-12-04 12:00,0.2380,476.0,yes,15.1
2025-12-04 12:30,0.2680,536.0,yes,14.8
2025-12-04 13:00,0.2370,474.0,yes,13.9
2025-12-04 13:30,0.2420,484.0,yes,12.4
2025-12-04 14:00,0.2310,462.0,yes,10.5
2025-12-04 14:30,0.2670,534.0,yes,8.1
2025-12-04 15:00,0.2950,590.0,yes,5.2
2025-12-04 15:30,0.2500,500.0,no,2.0
2025-12-04 16:00,0.2810,562.0,no,-1.6
2025-12-04 16:30,0.3470,694.0,no,-5.4
2025-12-04 17:00,0.3850,770.0,no,-9.4
2025-12-04 17:30,0.4240,848.0,no,-13.7
2025-12-04 18:00,0.4160,832.0,no,-18.1
2025-12-04 18:30,0.4180,836.0,no,-22.5
2025-12-04 19:00,0.4520,904.0,no,-27.1
2025-12-04 19:30,0.4530,906.0,no,-31.7
2025-12-04 20:00,0.5590,1118.0,no,-36.2
2025-12-04 20:30,0.5440,1088.0,no,-40.7
2025-12-04 21:00,0.5000,1000.0,no,-44.9
2025-12-04 21:30,0.4690,938.0,no,-49.0
2025-12-04 22:00,0.4490,898.0,no,-52.6
2025-12-04 22:30,0.4670,934.0,no,-55.7
2025-12-04 23:00,0.3620,724.0,no,-58.1
2025-12-04 23:30,0.3120,624.0,no,-59.6
2025-12-05 00:00,0.3180,636.0,no,-60.2
2025-12-05 00:30,0.3170,634.0,no,-59.5
2025-12-05 01:00,0.3320,664.0,no,-57.9
2025-12-05 01:30,0.2850,570.0,no,-55.3
2025-12-05 02:00,0.2920,584.0,no,-52.1
2025-12-05 02:30,0.3160,632.0,no,-48.3
2025-12-05 03:00,0.3100,620.0,no,-44.3
2025-12-05 03:30,0.3150,630.0,no,-39.9
2025-12-05 04:00,0.2800,560.0,no,-35.5
2025-12-05 04:30,0.2990,598.0,no,-30.9
2025-12-05 05:00,0.3120,624.0,no,-26.3
2025-12-05 05:30,0.3410,682.0,no,-21.8
2025-12-05 06:00,0.3000,600.0,no,-17.3
2025-12-05 06:30,0.2950,590.0,no,-12.9
2025-12-05 07:00,0.3270,654.0,no,-8.7
2025-12-05 07:30,0.3670,734.0,no,-4.7
2025-12-05 08:00,0.4470,894.0,no,-1.0
2025-12-05 08:30,0.4440,888.0,no,2.5
2025-12-05 09:00,0.2440,488.0,yes,5.7
2025-12-05 09:30,0.2850,570.0,yes,8.4
2025-12-05 10:00,0.3170,634.0,yes,10.8
2025-12-05 10:30,0.0520,104.0,yes,12.6
2025-12-05 11:00,1.3640,2728.0,yes,14.0
2025-12-05 11:30,0.8090,1618.0,yes,14.8
2025-12-05 12:00,0.1870,374.0,yes,15.0
2025-12-05 12:30,0.1900,380.0,yes,14.7
2025-12-05 13:00,0.1850,370.0,yes,13.8
2025-12-05 13:30,0.2910,582.0,yes,12.3
2025-12-05 14:00,0.3610,722.0,yes,10.4
2025-12-05 14:30,0.3700,740.0,yes,7.9
2025-12-05 15:00,0.3890,778.0,yes,5.1
2025-12-05 15:30,0.3890,778.0,no,1.9
2025-12-05 16:00,0.4240,848.0,no,-1.6
2025-12-05 16:30,0.4240,848.0,no,-5.5
2025-12-05 17:00,0.4180,836.0,no,-9.5
2025-12-05 17:30,0.4120,824.0,no,-13.8
2025-12-05 18:00,0.4300,860.0,no,-18.1
2025-12-05 18:30,0.4630,926.0,no,-22.6
2025-12-05 19:00,0.4190,838.0,no,-27.2
2025-12-05 19:30,0.4370,874.0,no,-31.8
2025-12-05 20:00,0.4210,842.0,no,-36.3
2025-12-05 20:30,0.4660,932.0,no,-40.7
2025-12-05 21:00,0.4270,854.0,no,-45.0
2025-12-05 21:30,0.4780,956.0,no,-49.1
2025-12-05 22:00,0.5410,1082.0,no,-52.7
2025-12-05 22:30,0.5160,1032.0,no,-55.8
2025-12-05 23:00,0.5600,1120.0,no,-58.2
2025-12-05 23:30,0.5230,1046.0,no,-59.7
2025-12-06 00:00,0.5310,1062.0,no,-60.3
2025-12-06 00:30,0.5390,1078.0,no,-59.6
2025-12-06 01:00,0.5530,1106.0,no,-58.0
2025-12-06 01:30,0.5260,1052.0,no,-55.4
2025-12-06 02:00,0.5120,1024.0,no,-52.2
2025-12-06 02:30,0.5300,1060.0,no,-48.4
2025-12-06 03:00,0.5410,1082.0,no,-44.3
2025-12-06 03:30,0.5540,1108.0,no,-40.0
2025-12-06 04:00,0.5060,1012.0,no,-35.5
2025-12-06 04:30,0.4670,934.0,no,-31.0
2025-12-06 05:00,0.4420,884.0,no,-26.4
2025-12-06 05:30,0.4740,948.0,no,-21.9
2025-12-06 06:00,0.4240,848.0,no,-17.4
2025-12-06 06:30,0.4000,800.0,no,-13.0
2025-12-06 07:00,0.4340,868.0,no,-8.8
2025-12-06 07:30,0.4300,860.0,no,-4.8
2025-12-06 08:00,0.4070,814.0,no,-1.1
2025-12-06 08:30,0.3720,744.0,no,2.4
2025-12-06 09:00,0.3740,748.0,yes,5.6
2025-12-06 09:30,0.3080,616.0,yes,8.3
2025-12-06 10:00,0.2820,564.0,yes,10.7
2025-12-06 10:30,0.0800,160.0,yes,12.5
2025-12-06 11:00,0.1120,224.0,yes,13.9
2025-12-06 11:30,0.2540,508.0,yes,14.7
2025-12-06 12:00,0.2290,458.0,yes,14.9
2025-12-06 12:30,0.2160,432.0,yes,14.6
2025-12-06 13:00,0.3040,608.0,yes,13.7
2025-12-06 13:30,0.3340,668.0,yes,12.2
2025-12-06 14:00,0.3690,738.0,yes,10.3
2025-12-06 14:30,0.3980,796.0,yes,7.9
2025-12-06 15:00,0.4240,848.0,yes,5.0
2025-12-06 15:30,0.4570,914.0,no,1.8
2025-12-06 16:00,0.4610,922.0,no,-1.7
2025-12-06 16:30,0.4630,926.0,no,-5.5
2025-12-06 17:00,1.1100,2220.0,no,-9.6
2025-12-06 17:30,0.5280,1056.0,no,-13.8
2025-12-06 18:00,0.5080,1016.0,no,-18.2
2025-12-06 18:30,0.6020,1204.0,no,-22.7
2025-12-06 19:00,0.5680,1136.0,no,-27.3
2025-12-06 19:30,0.5650,1130.0,no,-31.8
2025-12-06 20:00,0.6170,1234.0,no,-36.4
2025-12-06 20:30,0.5660,1132.0,no,-40.8
2025-12-06 21:00,0.5590,1118.0,no,-45.1
2025-12-06 21:30,0.5880,1176.0,no,-49.2
2025-12-06 22:00,0.5760,1152.0,no,-52.8
2025-12-06 22:30,0.6430,1286.0,no,-55.9
2025-12-06 23:00,0.7790,1558.0,no,-58.3
2025-12-06 23:30,0.6570,1314.0,no,-59.8
2025-12-07 00:00,0.5120,1024.0,no,-60.4
2025-12-07 00:30,0.4870,974.0,no,-59.7
2025-12-07 01:00,0.5300,1060.0,no,-58.0
2025-12-07 01:30,0.5170,1034.0,no,-55.5
2025-12-07 02:00,0.5180,1036.0,no,-52.2
2025-12-07 02:30,0.4840,968.0,no,-48.5
2025-12-07 03:00,0.4920,984.0,no,-44.4
2025-12-07 03:30,0.5190,1038.0,no,-40.1
2025-12-07 04:00,0.5140,1028.0,no,-35.6
2025-12-07 04:30,0.5120,1024.0,no,-31.1
2025-12-07 05:00,0.4820,964.0,no,-26.5
2025-12-07 05:30,0.5000,1000.0,no,-21.9
2025-12-07 06:00,0.5180,1036.0,no,-17.5
2025-12-07 06:30,0.5230,1046.0,no,-13.1
2025-12-07 07:00,0.4230,846.0,no,-8.9
2025-12-07 07:30,0.4260,852.0,no,-4.9
2025-12-07 08:00,0.4770,954.0,no,-1.1
2025-12-07 08:30,0.5700,1140.0,no,2.3
2025-12-07 09:00,0.3870,774.0,yes,5.5
2025-12-07 09:30,0.3030,606.0,yes,8.2
2025-12-07 10:00,0.4060,812.0,yes,10.6
2025-12-07 10:30,0.4250,850.0,yes,12.4
2025-12-07 11:00,0.6300,1260.0,yes,13.8
2025-12-07 11:30,0.4650,930.0,yes,14.6
2025-12-07 12:00,0.4540,908.0,yes,14.8
2025-12-07 12:30,0.5220,1044.0,yes,14.5
2025-12-07 13:00,0.5420,1084.0,yes,13.6
2025-12-07 13:30,0.5430,1086.0,yes,12.1
2025-12-07 14:00,0.4980,996.0,yes,10.2
2025-12-07 14:30,0.5230,1046.0,yes,7.8
2025-12-07 15:00,0.7690,1538.0,no,4.9
2025-12-07 15:30,0.5840,1168.0,no,1.7
2025-12-07 16:00,0.5840,1168.0,no,-1.8
2025-12-07 16:30,0.6610,1322.0,no,-5.6
2025-12-07 17:00,0.6340,1268.0,no,-9.7
2025-12-07 17:30,0.5620,1124.0,no,-13.9
2025-12-07 18:00,0.8540,1708.0,no,-18.3
2025-12-07 18:30,1.5370,3074.0,no,-22.8
2025-12-07 19:00,0.8210,1642.0,no,-27.3
2025-12-07 19:30,1.1160,2232.0,no,-31.9
2025-12-07 20:00,1.0130,2026.0,no,-36.5
2025-12-07 20:30,0.5590,1118.0,no,-40.9
2025-12-07 21:00,0.6200,1240.0,no,-45.2
2025-12-07 21:30,0.5860,1172.0,no,-49.2
2025-12-07 22:00,0.6090,1218.0,no,-52.9
2025-12-07 22:30,0.6340,1268.0,no,-56.0
2025-12-07 23:00,0.4270,854.0,no,-58.4
2025-12-07 23:30,0.4650,930.0,no,-59.9
2025-12-08 00:00,0.4470,894.0,no,-60.5
2025-12-08 00:30,0.4440,888.0,no,-59.8
2025-12-08 01:00,0.4220,844.0,no,-58.1
2025-12-08 01:30,0.4400,880.0,no,-55.6
2025-12-08 02:00,0.4600,920.0,no,-52.3
2025-12-08 02:30,0.4310,862.0,no,-48.6
2025-12-08 03:00,0.4560,912.0,no,-44.5
2025-12-08 03:30,0.4480,896.0,no,-40.2
2025-12-08 04:00,0.4720,944.0,no,-35.7
2025-12-08 04:30,0.4360,872.0,no,-31.1
2025-12-08 05:00,0.4300,860.0,no,-26.6
2025-12-08 05:30,0.4620,924.0,no,-22.0
2025-12-08 06:00,0.4910,982.0,no,-17.5
2025-12-08 06:30,0.5400,1080.0,no,-13.2
2025-12-08 07:00,0.5620,1124.0,no,-9.0
2025-12-08 07:30,0.5880,1176.0,no,-5.0
2025-12-08 08:00,0.6130,1226.0,no,-1.2
2025-12-08 08:30,0.6540,1308.0,no,2.3
2025-12-08 09:00,0.5150,1030.0,yes,5.4
2025-12-08 09:30,0.3930,786.0,yes,8.2
2025-12-08 10:00,0.3680,736.0,yes,10.5
2025-12-08 10:30,0.3350,670.0,yes,12.3
2025-12-08 11:00,0.1430,286.0,yes,13.7
2025-12-08 11:30,0.0440,88.0,yes,14.5
2025-12-08 12:00,0.1000,200.0,yes,14.7
2025-12-08 12:30,0.0490,98.0,yes,14.4
2025-12-08 13:00,0.2470,494.0,yes,13.5
2025-12-08 13:30,0.1860,372.0,yes,12.0
2025-12-08 14:00,0.2990,598.0,yes,10.1
2025-12-08 14:30,0.3150,630.0,yes,7.7
2025-12-08 15:00,0.3180,636.0,no,4.8
2025-12-08 15:30,0.3360,672.0,no,1.6
2025-12-08 16:00,0.3950,790.0,no,-1.9
2025-12-08 16:30,0.5400,1080.0,no,-5.7
2025-12-08 17:00,0.5120,1024.0,no,-9.7
2025-12-08 17:30,0.5530,1106.0,no,-14.0
2025-12-08 18:00,0.6100,1220.0,no,-18.4
2025-12-08 18:30,0.6930,1386.0,no,-22.8
2025-12-08 19:00,1.6800,3360.0,no,-27.4
2025-12-08 19:30,1.4690,2938.0,no,-32.0
2025-12-08 20:00,1.1110,2222.0,no,-36.5
2025-12-08 20:30,0.8430,1686.0,no,-41.0
2025-12-08 21:00,0.6120,1224.0,no,-45.3
2025-12-08 21:30,0.6590,1318.0,no,-49.3
2025-12-08 22:00,0.6700,1340.0,no,-53.0
2025-12-08 22:30,1.4280,2856.0,no,-56.1
2025-12-08 23:00,1.2330,2466.0,no,-58.5
2025-12-08 23:30,0.7940,1588.0,no,-60.0
2025-12-09 00:00,0.4630,926.0,no,-60.6
2025-12-09 00:30,0.4620,924.0,no,-59.9
2025-12-09 01:00,0.4310,862.0,no,-58.2
2025-12-09 01:30,0.4760,952.0,no,-55.6
2025-12-09 02:00,0.4490,898.0,no,-52.4
2025-12-09 02:30,0.4360,872.0,no,-48.6
2025-12-09 03:00,0.4300,860.0,no,-44.6
2025-12-09 03:30,0.4640,928.0,no,-40.2
2025-12-09 04:00,0.4640,928.0,no,-35.7
2025-12-09 04:30,0.4340,868.0,no,-31.2
2025-12-09 05:00,0.4720,944.0,no,-26.6
2025-12-09 05:30,0.4820,964.0,no,-22.1
2025-12-09 06:00,0.4190,838.0,no,-17.6
2025-12-09 06:30,0.3520,704.0,no,-13.2
2025-12-09 07:00,0.4420,884.0,no,-9.0
2025-12-09 07:30,0.3960,792.0,no,-5.0
2025-12-09 08:00,0.4500,900.0,no,-1.3
2025-12-09 08:30,0.6200,1240.0,no,2.2
2025-12-09 09:00,0.4990,998.0,yes,5.3
2025-12-09 09:30,0.4390,878.0,yes,8.1
2025-12-09 10:00,0.3910,782.0,yes,10.4
2025-12-09 10:30,0.4260,852.0,yes,12.3
2025-12-09 11:00,0.4210,842.0,yes,13.6
2025-12-09 11:30,0.4050,810.0,yes,14.4
2025-12-09 12:00,0.3650,730.0,yes,14.6
2025-12-09 12:30,0.4940,988.0,yes,14.3
2025-12-09 13:00,0.4370,874.0,yes,13.4
2025-12-09 13:30,0.4040,808.0,yes,12.0
2025-12-09 14:00,0.4340,868.0,yes,10.0
2025-12-09 14:30,0.4530,906.0,yes,7.6
2025-12-09 15:00,0.4790,958.0,no,4.8
2025-12-09 15:30,0.4480,896.0,no,1.6
2025-12-09 16:00,0.4620,924.0,no,-2.0
2025-12-09 16:30,0.4770,954.0,no,-5.8
2025-12-09 17:00,0.5340,1068.0,no,-9.8
2025-12-09 17:30,0.5250,1050.0,no,-14.0
2025-12-09 18:00,0.6430,1286.0,no,-18.4
2025-12-09 18:30,0.9120,1824.0,no,-22.9
2025-12-09 19:00,1.1840,2368.0,no,-27.5
2025-12-09 19:30,1.1470,2294.0,no,-32.0
2025-12-09 20:00,1.4180,2836.0,no,-36.6
2025-12-09 20:30,1.1730,2346.0,no,-41.0
2025-12-09 21:00,1.2410,2482.0,no,-45.3
2025-12-09 21:30,0.6350,1270.0,no,-49.4
2025-12-09 22:00,0.5250,1050.0,no,-53.0
2025-12-09 22:30,0.5740,1148.0,no,-56.2
2025-12-09 23:00,0.6020,1204.0,no,-58.6
2025-12-09 23:30,0.5890,1178.0,no,-60.1
2025-12-10 00:00,0.4840,968.0,no,-60.6
2025-12-10 00:30,0.4370,874.0,no,-60.0
2025-12-10 01:00,0.4510,902.0,no,-58.3
2025-12-10 01:30,0.4760,952.0,no,-55.7
2025-12-10 02:00,0.4480,896.0,no,-52.5
2025-12-10 02:30,0.4430,886.0,no,-48.7
2025-12-10 03:00,0.4310,862.0,no,-44.6
2025-12-10 03:30,0.4780,956.0,no,-40.3
2025-12-10 04:00,0.4480,896.0,no,-35.8
2025-12-10 04:30,0.4330,866.0,no,-31.2
2025-12-10 05:00,0.4340,868.0,no,-26.7
2025-12-10 05:30,0.4830,966.0,no,-22.1
2025-12-10 06:00,0.4740,948.0,no,-17.7
2025-12-10 06:30,0.4280,856.0,no,-13.3
2025-12-10 07:00,0.4540,908.0,no,-9.1
2025-12-10 07:30,0.5590,1118.0,no,-5.1
2025-12-10 08:00,0.5290,1058.0,no,-1.4
2025-12-10 08:30,0.4930,986.0,no,2.1
2025-12-10 09:00,0.3200,640.0,yes,5.3
2025-12-10 09:30,1.0320,2064.0,yes,8.0
2025-12-10 10:00,0.1000,200.0,yes,10.3
2025-12-10 10:30,0.0580,116.0,yes,12.2
2025-12-10 11:00,0.0160,32.0,yes,13.5
2025-12-10 11:30,0.0420,84.0,yes,14.3
2025-12-10 12:00,0.0470,94.0,yes,14.5
2025-12-10 12:30,0.1820,364.0,yes,14.2
2025-12-10 13:00,0.6730,1346.0,yes,13.3
2025-12-10 13:30,0.1210,242.0,yes,11.9
2025-12-10 14:00,0.2050,410.0,yes,9.9
2025-12-10 14:30,0.2900,580.0,yes,7.5
2025-12-10 15:00,0.3670,734.0,no,4.7
2025-12-10 15:30,0.3450,690.0,no,1.5
2025-12-10 16:00,0.4300,860.0,no,-2.0
2025-12-10 16:30,1.0650,2130.0,no,-5.8
2025-12-10 17:00,1.1080,2216.0,no,-9.9
2025-12-10 17:30,0.6080,1216.0,no,-14.1
2025-12-10 18:00,0.6140,1228.0,no,-18.5
2025-12-10 18:30,0.6450,1290.0,no,-23.0
2025-12-10 19:00,1.5870,3174.0,no,-27.5
2025-12-10 19:30,1.7860,3572.0,no,-32.1
2025-12-10 20:00,0.6340,1268.0,no,-36.6
2025-12-10 20:30,0.6090,1218.0,no,-41.1
2025-12-10 21:00,0.5420,1084.0,no,-45.4
2025-12-10 21:30,0.5800,1160.0,no,-49.4
2025-12-10 22:00,0.5960,1192.0,no,-53.1
2025-12-10 22:30,0.5550,1110.0,no,-56.3
2025-12-10 23:00,0.4170,834.0,no,-58.7
2025-12-10 23:30,0.4720,944.0,no,-60.2
2025-12-11 00:00,0.4560,912.0,no,-60.7
2025-12-11 00:30,0.4240,848.0,no,-60.1
2025-12-11 01:00,0.4780,956.0,no,-58.4
2025-12-11 01:30,0.4690,938.0,no,-55.8
2025-12-11 02:00,0.4770,954.0,no,-52.5
2025-12-11 02:30,0.4240,848.0,no,-48.8
2025-12-11 03:00,0.4600,920.0,no,-44.7
2025-12-11 03:30,0.4750,950.0,no,-40.3
2025-12-11 04:00,0.4560,912.0,no,-35.9
2025-12-11 04:30,0.4370,874.0,no,-31.3
2025-12-11 05:00,0.4500,900.0,no,-26.7
2025-12-11 05:30,0.5000,1000.0,no,-22.2
2025-12-11 06:00,0.4610,922.0,no,-17.7
2025-12-11 06:30,0.6690,1338.0,no,-13.4
2025-12-11 07:00,0.5920,1184.0,no,-9.2
2025-12-11 07:30,0.5290,1058.0,no,-5.2
2025-12-11 08:00,0.4260,852.0,no,-1.4
2025-12-11 08:30,0.3320,664.0,no,2.1
2025-12-11 09:00,0.3140,628.0,yes,5.2
2025-12-11 09:30,0.2530,506.0,yes,7.9
2025-12-11 10:00,0.3170,634.0,yes,10.3
2025-12-11 10:30,0.4300,860.0,yes,12.1
2025-12-11 11:00,0.3270,654.0,yes,13.5
2025-12-11 11:30,0.2850,570.0,yes,14.2
2025-12-11 12:00,0.2450,490.0,yes,14.5
2025-12-11 12:30,0.3160,632.0,yes,14.1
2025-12-11 13:00,0.2030,406.0,yes,13.2
2025-12-11 13:30,0.2370,474.0,yes,11.8
2025-12-11 14:00,0.2600,520.0,yes,9.9
2025-12-11 14:30,0.3940,788.0,yes,7.5
2025-12-11 15:00,0.3670,734.0,no,4.6
2025-12-11 15:30,0.3840,768.0,no,1.4
2025-12-11 16:00,0.3660,732.0,no,-2.1
2025-12-11 16:30,0.4600,920.0,no,-5.9
2025-12-11 17:00,0.6000,1200.0,no,-9.9
2025-12-11 17:30,0.6250,1250.0,no,-14.2
2025-12-11 18:00,0.6080,1216.0,no,-18.5
2025-12-11 18:30,0.5850,1170.0,no,-23.0
2025-12-11 19:00,0.6220,1244.0,no,-27.6
2025-12-11 19:30,0.4660,932.0,no,-32.2
2025-12-11 20:00,0.4580,916.0,no,-36.7
2025-12-11 20:30,0.4360,872.0,no,-41.2
2025-12-11 21:00,0.4600,920.0,no,-45.5
2025-12-11 21:30,0.4770,954.0,no,-49.5
2025-12-11 22:00,0.4370,874.0,no,-53.2
2025-12-11 22:30,0.5870,1174.0,no,-56.3
2025-12-11 23:00,0.4660,932.0,no,-58.7
2025-12-11 23:30,0.4910,982.0,no,-60.3
2025-12-12 00:00,0.4370,874.0,no,-60.8
2025-12-12 00:30,0.4430,886.0,no,-60.1
2025-12-12 01:00,0.4300,860.0,no,-58.4
2025-12-12 01:30,0.4640,928.0,no,-55.8
2025-12-12 02:00,0.4670,934.0,no,-52.6
2025-12-12 02:30,0.4260,852.0,no,-48.8
2025-12-12 03:00,0.4430,886.0,no,-44.7
2025-12-12 03:30,0.4540,908.0,no,-40.4
2025-12-12 04:00,0.4760,952.0,no,-35.9
2025-12-12 04:30,0.4340,868.0,no,-31.3
2025-12-12 05:00,0.4400,880.0,no,-26.8
2025-12-12 05:30,0.4800,960.0,no,-22.2
2025-12-12 06:00,0.5100,1020.0,no,-17.8
2025-12-12 06:30,0.5660,1132.0,no,-13.4
2025-12-12 07:00,0.5420,1084.0,no,-9.2
2025-12-12 07:30,0.5170,1034.0,no,-5.2
2025-12-12 08:00,0.4930,986.0,no,-1.5
2025-12-12 08:30,0.6490,1298.0,no,2.0
2025-12-12 09:00,0.4960,992.0,yes,5.1
2025-12-12 09:30,0.4650,930.0,yes,7.9
2025-12-12 10:00,0.5040,1008.0,yes,10.2
2025-12-12 10:30,1.0070,2014.0,yes,12.1
2025-12-12 11:00,1.0730,2146.0,yes,13.4
2025-12-12 11:30,0.3760,752.0,yes,14.2
2025-12-12 12:00,0.4430,886.0,yes,14.4
2025-12-12 12:30,0.5450,1090.0,yes,14.1
2025-12-12 13:00,0.4870,974.0,yes,13.2
2025-12-12 13:30,0.4450,890.0,yes,11.7
2025-12-12 14:00,0.4420,884.0,yes,9.8
2025-12-12 14:30,0.5220,1044.0,yes,7.4
2025-12-12 15:00,0.4750,950.0,no,4.6
2025-12-12 15:30,0.5260,1052.0,no,1.4
2025-12-12 16:00,0.5290,1058.0,no,-2.1
2025-12-12 16:30,0.5880,1176.0,no,-5.9
2025-12-12 17:00,0.6220,1244.0,no,-10.0
2025-12-12 17:30,0.5850,1170.0,no,-14.2
2025-12-12 18:00,0.6270,1254.0,no,-18.6
2025-12-12 18:30,0.5510,1102.0,no,-23.1
2025-12-12 19:00,0.5770,1154.0,no,-27.6
2025-12-12 19:30,0.5120,1024.0,no,-32.2
2025-12-12 20:00,0.7780,1556.0,no,-36.7
2025-12-12 20:30,1.1330,2266.0,no,-41.2
2025-12-12 21:00,0.9810,1962.0,no,-45.5
2025-12-12 21:30,0.5670,1134.0,no,-49.6
2025-12-12 22:00,0.5490,1098.0,no,-53.2
2025-12-12 22:30,0.5910,1182.0,no,-56.4
2025-12-12 23:00,0.5400,1080.0,no,-58.8
2025-12-12 23:30,0.6250,1250.0,no,-60.3
2025-12-13 00:00,0.4970,994.0,no,-60.8
2025-12-13 00:30,0.4760,952.0,no,-60.2
2025-12-13 01:00,0.4530,906.0,no,-58.5
2025-12-13 01:30,0.4780,956.0,no,-55.9
2025-12-13 02:00,0.5130,1026.0,no,-52.6
2025-12-13 02:30,0.5010,1002.0,no,-48.9
2025-12-13 03:00,0.5740,1148.0,no,-44.8
2025-12-13 03:30,0.5550,1110.0,no,-40.4
2025-12-13 04:00,0.5330,1066.0,no,-35.9
2025-12-13 04:30,0.4970,994.0,no,-31.4
2025-12-13 05:00,0.4840,968.0,no,-26.8
2025-12-13 05:30,0.4940,988.0,no,-22.3
2025-12-13 06:00,0.4670,934.0,no,-17.8
2025-12-13 06:30,0.4900,980.0,no,-13.5
2025-12-13 07:00,0.4750,950.0,no,-9.3
2025-12-13 07:30,0.4520,904.0,no,-5.3
2025-12-13 08:00,0.3920,784.0,no,-1.5
2025-12-13 08:30,0.2470,494.0,no,2.0
2025-12-13 09:00,0.0360,72.0,yes,5.1
2025-12-13 09:30,0.0520,104.0,yes,7.8
2025-12-13 10:00,0.1180,236.0,yes,10.2
2025-12-13 10:30,0.0010,2.0,yes,12.0
2025-12-13 11:00,0.1230,246.0,yes,13.3
2025-12-13 11:30,0.4620,924.0,yes,14.1
2025-12-13 12:00,0.1800,360.0,yes,14.4
2025-12-13 12:30,1.0450,2090.0,yes,14.0
2025-12-13 13:00,0.5730,1146.0,yes,13.1
2025-12-13 13:30,0.4960,992.0,yes,11.7
2025-12-13 14:00,1.3710,2742.0,yes,9.8
2025-12-13 14:30,0.9420,1884.0,yes,7.4
2025-12-13 15:00,0.6800,1360.0,no,4.5
2025-12-13 15:30,0.7560,1512.0,no,1.3
2025-12-13 16:00,0.7260,1452.0,no,-2.2
2025-12-13 16:30,0.6760,1352.0,no,-6.0
2025-12-13 17:00,0.7020,1404.0,no,-10.0
2025-12-13 17:30,1.0620,2124.0,no,-14.3
2025-12-13 18:00,1.5960,3192.0,no,-18.6
2025-12-13 18:30,0.6360,1272.0,no,-23.1
2025-12-13 19:00,0.6690,1338.0,no,-27.7
2025-12-13 19:30,1.1240,2248.0,no,-32.2
2025-12-13 20:00,0.6520,1304.0,no,-36.8
2025-12-13 20:30,0.5890,1178.0,no,-41.2
2025-12-13 21:00,0.6160,1232.0,no,-45.6
2025-12-13 21:30,0.5450,1090.0,no,-49.6
2025-12-13 22:00,0.5310,1062.0,no,-53.3
2025-12-13 22:30,0.5120,1024.0,no,-56.4
2025-12-13 23:00,0.7120,1424.0,no,-58.9
2025-12-13 23:30,0.7770,1554.0,no,-60.4
2025-12-14 00:00,0.7680,1536.0,no,-60.9
2025-12-14 00:30,0.7710,1542.0,no,-60.2
2025-12-14 01:00,0.7570,1514.0,no,-58.5
2025-12-14 01:30,0.6640,1328.0,no,-55.9
2025-12-14 02:00,0.5750,1150.0,no,-52.7
2025-12-14 02:30,0.5520,1104.0,no,-48.9
2025-12-14 03:00,0.5160,1032.0,no,-44.8
2025-12-14 03:30,0.5260,1052.0,no,-40.5
2025-12-14 04:00,0.4990,998.0,no,-36.0
2025-12-14 04:30,0.4670,934.0,no,-31.4
2025-12-14 05:00,0.4820,964.0,no,-26.9
2025-12-14 05:30,0.5010,1002.0,no,-22.3
2025-12-14 06:00,0.5000,1000.0,no,-17.8
2025-12-14 06:30,0.4580,916.0,no,-13.5
2025-12-14 07:00,0.4670,934.0,no,-9.3
2025-12-14 07:30,0.5310,1062.0,no,-5.3
2025-12-14 08:00,0.5180,1036.0,no,-1.6
2025-12-14 08:30,0.6050,1210.0,no,1.9
2025-12-14 09:00,0.2270,454.0,yes,5.0
2025-12-14 09:30,0.3220,644.0,yes,7.8
2025-12-14 10:00,0.1990,398.0,yes,10.1
2025-12-14 10:30,0.0280,56.0,yes,12.0
2025-12-14 11:00,0.0150,30.0,yes,13.3
2025-12-14 11:30,0.0000,0.0,yes,14.1
2025-12-14 12:00,0.0130,26.0,yes,14.3
2025-12-14 12:30,0.2000,400.0,yes,14.0
2025-12-14 13:00,0.2210,442.0,yes,13.1
2025-12-14 13:30,0.4730,946.0,yes,11.6
2025-12-14 14:00,0.4530,906.0,yes,9.7
2025-12-14 14:30,0.6020,1204.0,yes,7.3
2025-12-14 15:00,0.6950,1390.0,no,4.5
2025-12-14 15:30,0.7530,1506.0,no,1.3
2025-12-14 16:00,0.6600,1320.0,no,-2.2
2025-12-14 16:30,0.6180,1236.0,no,-6.0
2025-12-14 17:00,0.6180,1236.0,no,-10.1
2025-12-14 17:30,0.6250,1250.0,no,-14.3
2025-12-14 18:00,1.1780,2356.0,no,-18.7
2025-12-14 18:30,1.2080,2416.0,no,-23.2
2025-12-14 19:00,1.3560,2712.0,no,-27.7
2025-12-14 19:30,0.7160,1432.0,no,-32.3
2025-12-14 20:00,1.0940,2188.0,no,-36.8
2025-12-14 20:30,1.3540,2708.0,no,-41.3
2025-12-14 21:00,0.8640,1728.0,no,-45.6
2025-12-14 21:30,0.7620,1524.0,no,-49.6
2025-12-14 22:00,0.7360,1472.0,no,-53.3
2025-12-14 22:30,0.7300,1460.0,no,-56.5
2025-12-14 23:00,0.7440,1488.0,no,-58.9
2025-12-14 23:30,0.5690,1138.0,no,-60.4
2025-12-15 00:00,0.4870,974.0,no,-60.9
2025-12-15 00:30,0.3790,758.0,no,-60.3
2025-12-15 01:00,0.4080,816.0,no,-58.6
2025-12-15 01:30,0.3790,758.0,no,-56.0
2025-12-15 02:00,0.3530,706.0,no,-52.7
2025-12-15 02:30,0.3840,768.0,no,-48.9
2025-12-15 03:00,0.3850,770.0,no,-44.8
2025-12-15 03:30,0.3800,760.0,no,-40.5
2025-12-15 04:00,0.3520,704.0,no,-36.0
2025-12-15 04:30,0.3760,752.0,no,-31.5
2025-12-15 05:00,0.4010,802.0,no,-26.9
2025-12-15 05:30,0.3830,766.0,no,-22.3
2025-12-15 06:00,0.3900,780.0,no,-17.9
2025-12-15 06:30,0.4640,928.0,no,-13.5
2025-12-15 07:00,0.5570,1114.0,no,-9.3
2025-12-15 07:30,0.6560,1312.0,no,-5.3
2025-12-15 08:00,0.4230,846.0,no,-1.6
2025-12-15 08:30,0.3760,752.0,no,1.9
2025-12-15 09:00,0.1770,354.0,no,5.0
2025-12-15 09:30,0.2030,406.0,yes,7.7
2025-12-15 10:00,0.3650,730.0,yes,10.1
2025-12-15 10:30,0.4060,812.0,yes,11.9
2025-12-15 11:00,0.3420,684.0,yes,13.2
2025-12-15 11:30,0.3140,628.0,yes,14.0
2025-12-15 12:00,0.3390,678.0,yes,14.3
2025-12-15 12:30,0.3990,798.0,yes,13.9
2025-12-15 13:00,0.4430,886.0,yes,13.0
2025-12-15 13:30,0.3720,744.0,yes,11.6
2025-12-15 14:00,0.3730,746.0,yes,9.7
2025-12-15 14:30,0.3840,768.0,yes,7.3
2025-12-15 15:00,0.4530,906.0,no,4.4
2025-12-15 15:30,0.4530,906.0,no,1.2
2025-12-15 16:00,0.4390,878.0,no,-2.3
2025-12-15 16:30,0.4670,934.0,no,-6.1
2025-12-15 17:00,0.5330,1066.0,no,-10.1
2025-12-15 17:30,0.5780,1156.0,no,-14.3
2025-12-15 18:00,0.6330,1266.0,no,-18.7
2025-12-15 18:30,0.6090,1218.0,no,-23.2
2025-12-15 19:00,0.6030,1206.0,no,-27.7
2025-12-15 19:30,1.1120,2224.0,no,-32.3
2025-12-15 20:00,1.1010,2202.0,no,-36.9
2025-12-15 20:30,0.7000,1400.0,no,-41.3
2025-12-15 21:00,0.5730,1146.0,no,-45.6
2025-12-15 21:30,0.6040,1208.0,no,-49.7
2025-12-15 22:00,0.6090,1218.0,no,-53.4
2025-12-15 22:30,1.0400,2080.0,no,-56.5
2025-12-15 23:00,0.9880,1976.0,no,-58.9
2025-12-15 23:30,0.5210,1042.0,no,-60.5
2025-12-16 00:00,0.5340,1068.0,no,-61.0
2025-12-16 00:30,0.4800,960.0,no,-60.3
2025-12-16 01:00,0.5040,1008.0,no,-58.6
2025-12-16 01:30,0.5090,1018.0,no,-56.0
2025-12-16 02:00,0.5030,1006.0,no,-52.7
2025-12-16 02:30,0.4910,982.0,no,-49.0
2025-12-16 03:00,0.4870,974.0,no,-44.9
2025-12-16 03:30,0.5340,1068.0,no,-40.5
2025-12-16 04:00,0.4890,978.0,no,-36.0
2025-12-16 04:30,0.4850,970.0,no,-31.5
2025-12-16 05:00,0.4920,984.0,no,-26.9
2025-12-16 05:30,0.5300,1060.0,no,-22.4
2025-12-16 06:00,0.5490,1098.0,no,-17.9
2025-12-16 06:30,0.4600,920.0,no,-13.6
2025-12-16 07:00,0.6380,1276.0,no,-9.4
2025-12-16 07:30,0.4560,912.0,no,-5.4
2025-12-16 08:00,0.3600,720.0,no,-1.6
2025-12-16 08:30,0.4040,808.0,no,1.8
2025-12-16 09:00,0.3610,722.0,no,5.0
2025-12-16 09:30,0.3380,676.0,yes,7.7
2025-12-16 10:00,0.3500,700.0,yes,10.0
2025-12-16 10:30,0.3720,744.0,yes,11.9
2025-12-16 11:00,0.3620,724.0,yes,13.2
2025-12-16 11:30,0.3180,636.0,yes,14.0
2025-12-16 12:00,0.3270,654.0,yes,14.2
2025-12-16 12:30,0.3770,754.0,yes,13.9
2025-12-16 13:00,0.3820,764.0,yes,13.0
2025-12-16 13:30,0.3090,618.0,yes,11.6
2025-12-16 14:00,0.3400,680.0,yes,9.6
2025-12-16 14:30,0.3900,780.0,yes,7.2
2025-12-16 15:00,0.3800,760.0,no,4.4
2025-12-16 15:30,0.3860,772.0,no,1.2
2025-12-16 16:00,0.4030,806.0,no,-2.3
2025-12-16 16:30,1.1240,2248.0,no,-6.1
2025-12-16 17:00,1.0460,2092.0,no,-10.1
2025-12-16 17:30,0.7060,1412.0,no,-14.4
2025-12-16 18:00,1.4090,2818.0,no,-18.7
2025-12-16 18:30,0.7180,1436.0,no,-23.2
2025-12-16 19:00,0.9590,1918.0,no,-27.8
2025-12-16 19:30,0.6780,1356.0,no,-32.3
2025-12-16 20:00,0.6160,1232.0,no,-36.9
2025-12-16 20:30,0.6840,1368.0,no,-41.3
2025-12-16 21:00,0.6860,1372.0,no,-45.7
2025-12-16 21:30,0.7960,1592.0,no,-49.7
2025-12-16 22:00,0.6340,1268.0,no,-53.4
2025-12-16 22:30,0.6370,1274.0,no,-56.5
2025-12-16 23:00,0.5790,1158.0,no,-59.0
2025-12-16 23:30,0.5370,1074.0,no,-60.5
2025-12-17 00:00,0.5030,1006.0,no,-61.0
2025-12-17 00:30,0.4770,954.0,no,-60.3
2025-12-17 01:00,0.5300,1060.0,no,-58.6
2025-12-17 01:30,0.5060,1012.0,no,-56.0
2025-12-17 02:00,0.4880,976.0,no,-52.8
2025-12-17 02:30,0.4800,960.0,no,-49.0
2025-12-17 03:00,0.4950,990.0,no,-44.9
2025-12-17 03:30,0.5360,1072.0,no,-40.5
2025-12-17 04:00,0.4700,940.0,no,-36.1
2025-12-17 04:30,0.4860,972.0,no,-31.5
2025-12-17 05:00,0.5050,1010.0,no,-26.9
2025-12-17 05:30,0.5320,1064.0,no,-22.4
2025-12-17 06:00,0.5010,1002.0,no,-17.9
2025-12-17 06:30,0.4880,976.0,no,-13.6
2025-12-17 07:00,0.5290,1058.0,no,-9.4
2025-12-17 07:30,0.5490,1098.0,no,-5.4
2025-12-17 08:00,0.5320,1064.0,no,-1.6
2025-12-17 08:30,0.6150,1230.0,no,1.8
2025-12-17 09:00,0.5010,1002.0,no,4.9
2025-12-17 09:30,0.6800,1360.0,yes,7.7
2025-12-17 10:00,0.4380,876.0,yes,10.0
2025-12-17 10:30,0.4120,824.0,yes,11.8
2025-12-17 11:00,0.5110,1022.0,yes,13.2
2025-12-17 11:30,1.6780,3356.0,yes,14.0
2025-12-17 12:00,1.1160,2232.0,yes,14.2
2025-12-17 12:30,0.5320,1064.0,yes,13.9
2025-12-17 13:00,0.5760,1152.0,yes,13.0
2025-12-17 13:30,0.5190,1038.0,yes,11.5
2025-12-17 14:00,0.5000,1000.0,yes,9.6
2025-12-17 14:30,0.4730,946.0,yes,7.2
2025-12-17 15:00,0.4800,960.0,no,4.4
2025-12-17 15:30,0.9380,1876.0,no,1.2
2025-12-17 16:00,1.2330,2466.0,no,-2.3
2025-12-17 16:30,0.7420,1484.0,no,-6.1
2025-12-17 17:00,1.5210,3042.0,no,-10.2
2025-12-17 17:30,1.2620,2524.0,no,-14.4
2025-12-17 18:00,1.3080,2616.0,no,-18.8
2025-12-17 18:30,1.6320,3264.0,no,-23.2
2025-12-17 19:00,1.1970,2394.0,no,-27.8
2025-12-17 19:30,0.9030,1806.0,no,-32.4
2025-12-17 20:00,0.6590,1318.0,no,-36.9
2025-12-17 20:30,0.9160,1832.0,no,-41.4
2025-12-17 21:00,1.6560,3312.0,no,-45.7
2025-12-17 21:30,0.9120,1824.0,no,-49.7
2025-12-17 22:00,0.6730,1346.0,no,-53.4
2025-12-17 22:30,0.6350,1270.0,no,-56.6
2025-12-17 23:00,0.6030,1206.0,no,-59.0
2025-12-17 23:30,0.5120,1024.0,no,-60.5
2025-12-18 00:00,0.5140,1028.0,no,-61.0
2025-12-18 00:30,0.5190,1038.0,no,-60.4
2025-12-18 01:00,0.4860,972.0,no,-58.6
2025-12-18 01:30,0.4890,978.0,no,-56.1
2025-12-18 02:00,0.5250,1050.0,no,-52.8
2025-12-18 02:30,0.4900,980.0,no,-49.0
2025-12-18 03:00,0.4920,984.0,no,-44.9
2025-12-18 03:30,0.4950,990.0,no,-40.6
2025-12-18 04:00,0.5100,1020.0,no,-36.1
2025-12-18 04:30,0.4840,968.0,no,-31.5
2025-12-18 05:00,0.4570,914.0,no,-27.0
2025-12-18 05:30,0.4410,882.0,no,-22.4
2025-12-18 06:00,0.4360,872.0,no,-17.9
2025-12-18 06:30,0.5020,1004.0,no,-13.6
2025-12-18 07:00,0.6140,1228.0,no,-9.4
2025-12-18 07:30,0.5130,1026.0,no,-5.4
2025-12-18 08:00,0.4770,954.0,no,-1.7
2025-12-18 08:30,0.4890,978.0,no,1.8
2025-12-18 09:00,0.4700,940.0,no,4.9
2025-12-18 09:30,0.4210,842.0,yes,7.7
2025-12-18 10:00,0.4170,834.0,yes,10.0
2025-12-18 10:30,0.4250,850.0,yes,11.8
2025-12-18 11:00,0.4790,958.0,yes,13.2
2025-12-18 11:30,0.4920,984.0,yes,13.9
2025-12-18 12:00,0.3890,778.0,yes,14.2
2025-12-18 12:30,0.4730,946.0,yes,13.8
2025-12-18 13:00,0.4780,956.0,yes,12.9
2025-12-18 13:30,0.4800,960.0,yes,11.5
2025-12-18 14:00,0.3560,712.0,yes,9.6
2025-12-18 14:30,0.3680,736.0,yes,7.2
2025-12-18 15:00,0.4030,806.0,no,4.4
2025-12-18 15:30,0.3740,748.0,no,1.2
2025-12-18 16:00,0.4170,834.0,no,-2.3
2025-12-18 16:30,0.4430,886.0,no,-6.1
2025-12-18 17:00,0.5020,1004.0,no,-10.2
2025-12-18 17:30,0.5930,1186.0,no,-14.4
2025-12-18 18:00,0.5960,1192.0,no,-18.8
2025-12-18 18:30,0.6660,1332.0,no,-23.3
2025-12-18 19:00,0.4870,974.0,no,-27.8
2025-12-18 19:30,0.4330,866.0,no,-32.4
2025-12-18 20:00,0.4320,864.0,no,-36.9
2025-12-18 20:30,0.4670,934.0,no,-41.4
2025-12-18 21:00,0.4340,868.0,no,-45.7
2025-12-18 21:30,0.4240,848.0,no,-49.8
2025-12-18 22:00,0.4630,926.0,no,-53.4
2025-12-18 22:30,0.4400,880.0,no,-56.6
2025-12-18 23:00,0.6250,1250.0,no,-59.0
2025-12-18 23:30,0.5290,1058.0,no,-60.6
2025-12-19 00:00,0.5930,1186.0,no,-61.0
2025-12-19 00:30,0.5300,1060.0,no,-60.4
2025-12-19 01:00,0.5000,1000.0,no,-58.7
2025-12-19 01:30,0.5130,1026.0,no,-56.1
2025-12-19 02:00,0.5040,1008.0,no,-52.8
2025-12-19 02:30,0.4940,988.0,no,-49.0
2025-12-19 03:00,0.4690,938.0,no,-44.9
2025-12-19 03:30,0.4980,996.0,no,-40.6
2025-12-19 04:00,0.5020,1004.0,no,-36.1
2025-12-19 04:30,0.4390,878.0,no,-31.5
2025-12-19 05:00,0.4370,874.0,no,-27.0
2025-12-19 05:30,0.4490,898.0,no,-22.4
2025-12-19 06:00,0.5040,1008.0,no,-18.0
2025-12-19 06:30,0.4710,942.0,no,-13.6
2025-12-19 07:00,0.5480,1096.0,no,-9.4
2025-12-19 07:30,0.4690,938.0,no,-5.4
2025-12-19 08:00,0.4160,832.0,no,-1.7
2025-12-19 08:30,0.3980,796.0,no,1.8
2025-12-19 09:00,0.2220,444.0,no,4.9
2025-12-19 09:30,0.1170,234.0,yes,7.6
2025-12-19 10:00,0.0000,0.0,yes,10.0
2025-12-19 10:30,0.0000,0.0,yes,11.8
2025-12-19 11:00,0.0000,0.0,yes,13.1
2025-12-19 11:30,0.0000,0.0,yes,13.9
2025-12-19 12:00,0.1190,238.0,yes,14.2
2025-12-19 12:30,0.0010,2.0,yes,13.8
2025-12-19 13:00,0.0350,70.0,yes,12.9
2025-12-19 13:30,0.1810,362.0,yes,11.5
2025-12-19 14:00,0.5410,1082.0,yes,9.6
2025-12-19 14:30,0.4870,974.0,yes,7.2
2025-12-19 15:00,0.5020,1004.0,no,4.3
2025-12-19 15:30,0.5790,1158.0,no,1.2
2025-12-19 16:00,0.5860,1172.0,no,-2.4
2025-12-19 16:30,0.6250,1250.0,no,-6.2
2025-12-19 17:00,0.5440,1088.0,no,-10.2
2025-12-19 17:30,0.5760,1152.0,no,-14.4
2025-12-19 18:00,0.6480,1296.0,no,-18.8
2025-12-19 18:30,0.6880,1376.0,no,-23.3
2025-12-19 19:00,0.8310,1662.0,no,-27.8
2025-12-19 19:30,1.2990,2598.0,no,-32.4
2025-12-19 20:00,1.2330,2466.0,no,-36.9
2025-12-19 20:30,1.1590,2318.0,no,-41.4
2025-12-19 21:00,0.7480,1496.0,no,-45.7
2025-12-19 21:30,0.6730,1346.0,no,-49.8
2025-12-19 22:00,0.6900,1380.0,no,-53.4
2025-12-19 22:30,0.6850,1370.0,no,-56.6
2025-12-19 23:00,0.6140,1228.0,no,-59.0
2025-12-19 23:30,0.5370,1074.0,no,-60.6
2025-12-20 00:00,0.5130,1026.0,no,-61.0
2025-12-20 00:30,0.5250,1050.0,no,-60.4
2025-12-20 01:00,0.4810,962.0,no,-58.7
2025-12-20 01:30,0.5150,1030.0,no,-56.1
2025-12-20 02:00,0.5660,1132.0,no,-52.8
2025-12-20 02:30,0.5340,1068.0,no,-49.0
2025-12-20 03:00,0.5360,1072.0,no,-44.9
2025-12-20 03:30,0.5360,1072.0,no,-40.6
2025-12-20 04:00,0.5640,1128.0,no,-36.1
2025-12-20 04:30,0.5340,1068.0,no,-31.5
2025-12-20 05:00,0.5260,1052.0,no,-27.0
2025-12-20 05:30,0.5430,1086.0,no,-22.4
2025-12-20 06:00,0.5380,1076.0,no,-18.0
2025-12-20 06:30,0.5360,1072.0,no,-13.6
2025-12-20 07:00,0.5010,1002.0,no,-9.4
2025-12-20 07:30,0.5370,1074.0,no,-5.4
2025-12-20 08:00,0.5110,1022.0,no,-1.7
2025-12-20 08:30,0.4820,964.0,no,1.8
2025-12-20 09:00,0.4480,896.0,no,4.9
2025-12-20 09:30,0.8860,1772.0,yes,7.6
2025-12-20 10:00,0.4380,876.0,yes,10.0
2025-12-20 10:30,0.5220,1044.0,yes,11.8
2025-12-20 11:00,0.5870,1174.0,yes,13.1
2025-12-20 11:30,0.6690,1338.0,yes,13.9
2025-12-20 12:00,1.4680,2936.0,yes,14.1
2025-12-20 12:30,0.9970,1994.0,yes,13.8
2025-12-20 13:00,0.4250,850.0,yes,12.9
2025-12-20 13:30,0.3340,668.0,yes,11.5
2025-12-20 14:00,0.4400,880.0,yes,9.6
2025-12-20 14:30,0.5870,1174.0,yes,7.2
2025-12-20 15:00,0.5880,1176.0,no,4.3
2025-12-20 15:30,0.5910,1182.0,no,1.1
2025-12-20 16:00,0.6590,1318.0,no,-2.4
2025-12-20 16:30,0.5880,1176.0,no,-6.2
2025-12-20 17:00,0.5400,1080.0,no,-10.2
2025-12-20 17:30,0.5350,1070.0,no,-14.4
2025-12-20 18:00,0.5570,1114.0,no,-18.8
2025-12-20 18:30,0.5320,1064.0,no,-23.3
2025-12-20 19:00,0.5180,1036.0,no,-27.8
2025-12-20 19:30,0.5690,1138.0,no,-32.4
2025-12-20 20:00,0.5430,1086.0,no,-36.9
2025-12-20 20:30,0.5410,1082.0,no,-41.4
2025-12-20 21:00,0.5300,1060.0,no,-45.7
2025-12-20 21:30,0.5840,1168.0,no,-49.8
2025-12-20 22:00,0.6590,1318.0,no,-53.5
2025-12-20 22:30,0.6170,1234.0,no,-56.6
2025-12-20 23:00,0.6260,1252.0,no,-59.1
2025-12-20 23:30,1.1130,2226.0,no,-60.6
2025-12-21 00:00,0.6150,1230.0,no,-61.0
2025-12-21 00:30,0.8350,1670.0,no,-60.4
2025-12-21 01:00,0.8940,1788.0,no,-58.7
2025-12-21 01:30,0.5180,1036.0,no,-56.1
2025-12-21 02:00,0.4860,972.0,no,-52.8
2025-12-21 02:30,0.4860,972.0,no,-49.0
2025-12-21 03:00,0.4540,908.0,no,-44.9
2025-12-21 03:30,0.4900,980.0,no,-40.6
2025-12-21 04:00,0.4670,934.0,no,-36.1
2025-12-21 04:30,0.4390,878.0,no,-31.5
2025-12-21 05:00,0.4550,910.0,no,-27.0
2025-12-21 05:30,0.4430,886.0,no,-22.4
2025-12-21 06:00,0.4500,900.0,no,-18.0
2025-12-21 06:30,0.4030,806.0,no,-13.6
2025-12-21 07:00,0.4040,808.0,no,-9.4
2025-12-21 07:30,0.4300,860.0,no,-5.4
2025-12-21 08:00,0.4370,874.0,no,-1.7
2025-12-21 08:30,0.4540,908.0,no,1.8
2025-12-21 09:00,0.4130,826.0,no,4.9
2025-12-21 09:30,0.4030,806.0,yes,7.6
2025-12-21 10:00,0.4570,914.0,yes,10.0
2025-12-21 10:30,0.3380,676.0,yes,11.8
2025-12-21 11:00,0.3330,666.0,yes,13.1
2025-12-21 11:30,0.3600,720.0,yes,13.9
2025-12-21 12:00,0.5400,1080.0,yes,14.1
2025-12-21 12:30,0.4090,818.0,yes,13.8
2025-12-21 13:00,0.5000,1000.0,yes,12.9
2025-12-21 13:30,0.6710,1342.0,yes,11.5
2025-12-21 14:00,0.7070,1414.0,yes,9.6
2025-12-21 14:30,0.7820,1564.0,yes,7.2
2025-12-21 15:00,0.5960,1192.0,no,4.3
2025-12-21 15:30,1.1280,2256.0,no,1.1
2025-12-21 16:00,1.1950,2390.0,no,-2.4
2025-12-21 16:30,0.6900,1380.0,no,-6.2
2025-12-21 17:00,0.6850,1370.0,no,-10.2
2025-12-21 17:30,0.7200,1440.0,no,-14.4
2025-12-21 18:00,0.7400,1480.0,no,-18.8
2025-12-21 18:30,0.8340,1668.0,no,-23.3
2025-12-21 19:00,0.9700,1940.0,no,-27.8
2025-12-21 19:30,1.5540,3108.0,no,-32.4
2025-12-21 20:00,2.0440,4088.0,no,-36.9
2025-12-21 20:30,1.0300,2060.0,no,-41.4
2025-12-21 21:00,0.6690,1338.0,no,-45.7
2025-12-21 21:30,1.7560,3512.0,no,-49.8
2025-12-21 22:00,0.6210,1242.0,no,-53.5
2025-12-21 22:30,0.6590,1318.0,no,-56.6
2025-12-21 23:00,0.6500,1300.0,no,-59.1
2025-12-21 23:30,0.6290,1258.0,no,-60.6
2025-12-22 00:00,0.5230,1046.0,no,-61.0
2025-12-22 00:30,0.5170,1034.0,no,-60.4
2025-12-22 01:00,0.4830,966.0,no,-58.7
2025-12-22 01:30,0.4840,968.0,no,-56.1
2025-12-22 02:00,0.5640,1128.0,no,-52.8
2025-12-22 02:30,0.5220,1044.0,no,-49.0
2025-12-22 03:00,0.5080,1016.0,no,-44.9
2025-12-22 03:30,0.4870,974.0,no,-40.6
2025-12-22 04:00,0.5060,1012.0,no,-36.1
2025-12-22 04:30,0.4880,976.0,no,-31.5
2025-12-22 05:00,0.4690,938.0,no,-27.0
2025-12-22 05:30,0.5300,1060.0,no,-22.4
2025-12-22 06:00,0.5080,1016.0,no,-18.0
2025-12-22 06:30,0.4900,980.0,no,-13.6
2025-12-22 07:00,0.4700,940.0,no,-9.4
2025-12-22 07:30,0.5040,1008.0,no,-5.4
2025-12-22 08:00,0.5040,1008.0,no,-1.7
2025-12-22 08:30,0.4480,896.0,no,1.8
2025-12-22 09:00,0.4520,904.0,no,4.9
2025-12-22 09:30,0.4040,808.0,yes,7.6
2025-12-22 10:00,0.4490,898.0,yes,10.0
2025-12-22 10:30,0.3480,696.0,yes,11.8
2025-12-22 11:00,0.3290,658.0,yes,13.1
2025-12-22 11:30,0.3770,754.0,yes,13.9
2025-12-22 12:00,0.4220,844.0,yes,14.2
2025-12-22 12:30,1.6430,3286.0,yes,13.8
2025-12-22 13:00,1.7070,3414.0,yes,12.9
2025-12-22 13:30,1.1300,2260.0,yes,11.5
2025-12-22 14:00,0.8550,1710.0,yes,9.6
2025-12-22 14:30,0.6550,1310.0,yes,7.2
2025-12-22 15:00,1.7400,3480.0,no,4.3
2025-12-22 15:30,1.2020,2404.0,no,1.2
2025-12-22 16:00,0.6940,1388.0,no,-2.4
2025-12-22 16:30,0.7310,1462.0,no,-6.2
2025-12-22 17:00,1.1410,2282.0,no,-10.2
2025-12-22 17:30,0.6260,1252.0,no,-14.4
2025-12-22 18:00,0.7130,1426.0,no,-18.8
2025-12-22 18:30,0.7290,1458.0,no,-23.3
2025-12-22 19:00,1.4730,2946.0,no,-27.8
2025-12-22 19:30,1.0810,2162.0,no,-32.4
2025-12-22 20:00,0.6670,1334.0,no,-36.9
2025-12-22 20:30,0.5960,1192.0,no,-41.4
2025-12-22 21:00,0.5600,1120.0,no,-45.7
2025-12-22 21:30,0.5960,1192.0,no,-49.8
2025-12-22 22:00,0.5820,1164.0,no,-53.5
2025-12-22 22:30,0.5410,1082.0,no,-56.6
2025-12-22 23:00,0.6170,1234.0,no,-59.1
2025-12-22 23:30,0.8290,1658.0,no,-60.6
2025-12-23 00:00,0.5150,1030.0,no,-61.0
2025-12-23 00:30,0.4580,916.0,no,-60.4
2025-12-23 01:00,0.4230,846.0,no,-58.7
2025-12-23 01:30,0.3370,674.0,no,-56.1
2025-12-23 02:00,0.3300,660.0,no,-52.8
2025-12-23 02:30,0.3260,652.0,no,-49.0
2025-12-23 03:00,0.3350,670.0,no,-44.9
2025-12-23 03:30,0.3730,746.0,no,-40.6
2025-12-23 04:00,0.3320,664.0,no,-36.1
2025-12-23 04:30,0.3400,680.0,no,-31.5
2025-12-23 05:00,0.3460,692.0,no,-27.0
2025-12-23 05:30,0.3520,704.0,no,-22.4
2025-12-23 06:00,0.3150,630.0,no,-18.0
2025-12-23 06:30,0.3070,614.0,no,-13.6
2025-12-23 07:00,0.3640,728.0,no,-9.4
2025-12-23 07:30,0.2980,596.0,no,-5.4
2025-12-23 08:00,0.2870,574.0,no,-1.7
2025-12-23 08:30,0.2980,596.0,no,1.8
2025-12-23 09:00,0.3070,614.0,no,4.9
2025-12-23 09:30,0.2790,558.0,yes,7.7
2025-12-23 10:00,0.8700,1740.0,yes,10.0
2025-12-23 10:30,0.7810,1562.0,yes,11.8
2025-12-23 11:00,0.6370,1274.0,yes,13.1
2025-12-23 11:30,0.5530,1106.0,yes,13.9
2025-12-23 12:00,0.9490,1898.0,yes,14.2
2025-12-23 12:30,1.0370,2074.0,yes,13.8
2025-12-23 13:00,0.4380,876.0,yes,12.9
2025-12-23 13:30,0.4520,904.0,yes,11.5
2025-12-23 14:00,0.4850,970.0,yes,9.6
2025-12-23 14:30,0.4320,864.0,yes,7.2
2025-12-23 15:00,0.4940,988.0,no,4.4
2025-12-23 15:30,0.5680,1136.0,no,1.2
2025-12-23 16:00,0.6690,1338.0,no,-2.4
2025-12-23 16:30,0.6220,1244.0,no,-6.2
2025-12-23 17:00,0.6070,1214.0,no,-10.2
2025-12-23 17:30,0.6720,1344.0,no,-14.4
2025-12-23 18:00,1.1080,2216.0,no,-18.8
2025-12-23 18:30,0.6750,1350.0,no,-23.3
2025-12-23 19:00,0.7050,1410.0,no,-27.8
2025-12-23 19:30,0.7990,1598.0,no,-32.4
2025-12-23 20:00,1.2970,2594.0,no,-36.9
2025-12-23 20:30,0.6490,1298.0,no,-41.4
2025-12-23 21:00,0.6060,1212.0,no,-45.7
2025-12-23 21:30,0.6140,1228.0,no,-49.8
2025-12-23 22:00,0.5090,1018.0,no,-53.4
2025-12-23 22:30,0.4890,978.0,no,-56.6
2025-12-23 23:00,0.5100,1020.0,no,-59.0
2025-12-23 23:30,0.5930,1186.0,no,-60.6
2025-12-24 00:00,0.5920,1184.0,no,-61.0
2025-12-24 00:30,0.5290,1058.0,no,-60.3
2025-12-24 01:00,0.5770,1154.0,no,-58.6
2025-12-24 01:30,0.5110,1022.0,no,-56.0
2025-12-24 02:00,0.4940,988.0,no,-52.8
2025-12-24 02:30,0.5080,1016.0,no,-49.0
2025-12-24 03:00,0.5110,1022.0,no,-44.9
2025-12-24 03:30,0.5270,1054.0,no,-40.6
2025-12-24 04:00,0.4890,978.0,no,-36.1
2025-12-24 04:30,0.4810,962.0,no,-31.5
2025-12-24 05:00,0.5030,1006.0,no,-26.9
2025-12-24 05:30,0.5220,1044.0,no,-22.4
2025-12-24 06:00,0.5190,1038.0,no,-17.9
2025-12-24 06:30,0.4890,978.0,no,-13.6
2025-12-24 07:00,0.5360,1072.0,no,-9.4
2025-12-24 07:30,0.5100,1020.0,no,-5.4
2025-12-24 08:00,0.4220,844.0,no,-1.7
2025-12-24 08:30,0.3250,650.0,no,1.8
2025-12-24 09:00,0.1950,390.0,no,4.9
2025-12-24 09:30,0.1820,364.0,yes,7.7
2025-12-24 10:00,0.4100,820.0,yes,10.0
2025-12-24 10:30,0.6810,1362.0,yes,11.8
2025-12-24 11:00,0.2900,580.0,yes,13.2
2025-12-24 11:30,0.0910,182.0,yes,14.0
2025-12-24 12:00,0.2810,562.0,yes,14.2
2025-12-24 12:30,0.5880,1176.0,yes,13.8
2025-12-24 13:00,0.5870,1174.0,yes,13.0
2025-12-24 13:30,0.5000,1000.0,yes,11.5
2025-12-24 14:00,0.5310,1062.0,yes,9.6
2025-12-24 14:30,0.6520,1304.0,yes,7.2
2025-12-24 15:00,0.4850,970.0,no,4.4
2025-12-24 15:30,0.4760,952.0,no,1.2
2025-12-24 16:00,0.8010,1602.0,no,-2.3
2025-12-24 16:30,0.5850,1170.0,no,-6.1
2025-12-24 17:00,0.7130,1426.0,no,-10.2
2025-12-24 17:30,0.6240,1248.0,no,-14.4
2025-12-24 18:00,0.5890,1178.0,no,-18.8
2025-12-24 18:30,1.3210,2642.0,no,-23.2
2025-12-24 19:00,1.1790,2358.0,no,-27.8
2025-12-24 19:30,1.0200,2040.0,no,-32.4
2025-12-24 20:00,0.8020,1604.0,no,-36.9
2025-12-24 20:30,0.7970,1594.0,no,-41.4
2025-12-24 21:00,0.7850,1570.0,no,-45.7
2025-12-24 21:30,0.6950,1390.0,no,-49.7
2025-12-24 22:00,0.6210,1242.0,no,-53.4
2025-12-24 22:30,0.5750,1150.0,no,-56.6
2025-12-24 23:00,0.5340,1068.0,no,-59.0
2025-12-24 23:30,0.4600,920.0,no,-60.6
2025-12-25 00:00,0.4410,882.0,no,-61.0
2025-12-25 00:30,0.3980,796.0,no,-60.3
2025-12-25 01:00,0.4190,838.0,no,-58.6
2025-12-25 01:30,0.3330,666.0,no,-56.0
2025-12-25 02:00,0.3440,688.0,no,-52.8
2025-12-25 02:30,0.3750,750.0,no,-49.0
2025-12-25 03:00,0.3630,726.0,no,-44.9
2025-12-25 03:30,0.3690,738.0,no,-40.5
2025-12-25 04:00,0.3350,670.0,no,-36.1
2025-12-25 04:30,0.3790,758.0,no,-31.5
2025-12-25 05:00,0.3720,744.0,no,-26.9
2025-12-25 05:30,0.3950,790.0,no,-22.4
2025-12-25 06:00,0.3580,716.0,no,-17.9
2025-12-25 06:30,0.3700,740.0,no,-13.6
2025-12-25 07:00,0.4010,802.0,no,-9.4
2025-12-25 07:30,0.3670,734.0,no,-5.4
2025-12-25 08:00,0.3370,674.0,no,-1.6
2025-12-25 08:30,0.3200,640.0,no,1.8
2025-12-25 09:00,0.1590,318.0,no,5.0
2025-12-25 09:30,0.1250,250.0,yes,7.7
2025-12-25 10:00,0.0000,0.0,yes,10.0
2025-12-25 10:30,0.0000,0.0,yes,11.9
2025-12-25 11:00,0.0800,160.0,yes,13.2
2025-12-25 11:30,0.3280,656.0,yes,14.0
2025-12-25 12:00,0.6020,1204.0,yes,14.2
2025-12-25 12:30,0.4320,864.0,yes,13.9
2025-12-25 13:00,0.8830,1766.0,yes,13.0
2025-12-25 13:30,0.5190,1038.0,yes,11.6
2025-12-25 14:00,1.1760,2352.0,yes,9.6
2025-12-25 14:30,1.1910,2382.0,yes,7.2
2025-12-25 15:00,1.1230,2246.0,no,4.4
2025-12-25 15:30,1.7750,3550.0,no,1.2
2025-12-25 16:00,1.5400,3080.0,no,-2.3
2025-12-25 16:30,2.8060,5612.0,no,-6.1
2025-12-25 17:00,0.5850,1170.0,no,-10.1
2025-12-25 17:30,0.6150,1230.0,no,-14.4
2025-12-25 18:00,1.0810,2162.0,no,-18.7
2025-12-25 18:30,1.2530,2506.0,no,-23.2
2025-12-25 19:00,0.5720,1144.0,no,-27.8
2025-12-25 19:30,0.5760,1152.0,no,-32.4
2025-12-25 20:00,0.5930,1186.0,no,-36.9
2025-12-25 20:30,0.5870,1174.0,no,-41.4
2025-12-25 21:00,1.0250,2050.0,no,-45.7
2025-12-25 21:30,0.9190,1838.0,no,-49.7
2025-12-25 22:00,0.6870,1374.0,no,-53.4
2025-12-25 22:30,1.2160,2432.0,no,-56.6
2025-12-25 23:00,0.6160,1232.0,no,-59.0
2025-12-25 23:30,1.0340,2068.0,no,-60.5
2025-12-26 00:00,1.1740,2348.0,no,-60.9
2025-12-26 00:30,0.5940,1188.0,no,-60.3
2025-12-26 01:00,0.4660,932.0,no,-58.6
2025-12-26 01:30,0.4170,834.0,no,-56.0
2025-12-26 02:00,0.4090,818.0,no,-52.7
2025-12-26 02:30,0.3940,788.0,no,-49.0
2025-12-26 03:00,0.3720,744.0,no,-44.9
2025-12-26 03:30,0.3870,774.0,no,-40.5
2025-12-26 04:00,0.4090,818.0,no,-36.0
2025-12-26 04:30,0.3640,728.0,no,-31.5
2025-12-26 05:00,0.3810,762.0,no,-26.9
2025-12-26 05:30,0.4070,814.0,no,-22.4
2025-12-26 06:00,0.3970,794.0,no,-17.9
2025-12-26 06:30,0.3830,766.0,no,-13.5
2025-12-26 07:00,0.4040,808.0,no,-9.4
2025-12-26 07:30,0.4220,844.0,no,-5.4
2025-12-26 08:00,0.3480,696.0,no,-1.6
2025-12-26 08:30,0.3390,678.0,no,1.9
2025-12-26 09:00,2.0480,4096.0,no,5.0
2025-12-26 09:30,0.3710,742.0,yes,7.7
2025-12-26 10:00,0.7360,1472.0,yes,10.0
2025-12-26 10:30,0.0000,0.0,yes,11.9
2025-12-26 11:00,0.0000,0.0,yes,13.2
2025-12-26 11:30,0.0260,52.0,yes,14.0
2025-12-26 12:00,0.6220,1244.0,yes,14.2
2025-12-26 12:30,0.0210,42.0,yes,13.9
2025-12-26 13:00,0.0290,58.0,yes,13.0
2025-12-26 13:30,0.1670,334.0,yes,11.6
2025-12-26 14:00,0.5190,1038.0,yes,9.6
2025-12-26 14:30,0.7800,1560.0,yes,7.2
2025-12-26 15:00,0.7610,1522.0,no,4.4
2025-12-26 15:30,0.8540,1708.0,no,1.2
2025-12-26 16:00,1.4700,2940.0,no,-2.3
2025-12-26 16:30,1.1800,2360.0,no,-6.1
2025-12-26 17:00,0.6790,1358.0,no,-10.1
2025-12-26 17:30,0.6990,1398.0,no,-14.3
2025-12-26 18:00,0.7360,1472.0,no,-18.7
2025-12-26 18:30,0.5700,1140.0,no,-23.2
2025-12-26 19:00,0.7340,1468.0,no,-27.8
2025-12-26 19:30,1.2520,2504.0,no,-32.3
2025-12-26 20:00,0.9570,1914.0,no,-36.9
2025-12-26 20:30,0.7100,1420.0,no,-41.3
2025-12-26 21:00,0.6430,1286.0,no,-45.6
2025-12-26 21:30,0.7220,1444.0,no,-49.7
2025-12-26 22:00,0.6920,1384.0,no,-53.4
2025-12-26 22:30,0.7110,1422.0,no,-56.5
2025-12-26 23:00,0.6820,1364.0,no,-59.0
2025-12-26 23:30,0.7110,1422.0,no,-60.5
2025-12-27 00:00,0.6870,1374.0,no,-60.9
2025-12-27 00:30,0.4850,970.0,no,-60.2
2025-12-27 01:00,0.4780,956.0,no,-58.5
2025-12-27 01:30,0.5120,1024.0,no,-56.0
2025-12-27 02:00,0.4890,978.0,no,-52.7
2025-12-27 02:30,0.4910,982.0,no,-48.9
2025-12-27 03:00,0.4440,888.0,no,-44.8
2025-12-27 03:30,0.5710,1142.0,no,-40.5
2025-12-27 04:00,0.5360,1072.0,no,-36.0
2025-12-27 04:30,0.5320,1064.0,no,-31.4
2025-12-27 05:00,0.5380,1076.0,no,-26.9
2025-12-27 05:30,0.5730,1146.0,no,-22.3
2025-12-27 06:00,0.5710,1142.0,no,-17.9
2025-12-27 06:30,0.5340,1068.0,no,-13.5
2025-12-27 07:00,0.5620,1124.0,no,-9.3
2025-12-27 07:30,0.5300,1060.0,no,-5.3
2025-12-27 08:00,0.4700,940.0,no,-1.6
2025-12-27 08:30,0.4510,902.0,no,1.9
2025-12-27 09:00,0.4110,822.0,yes,5.0
2025-12-27 09:30,0.2690,538.0,yes,7.8
2025-12-27 10:00,0.3350,670.0,yes,10.1
2025-12-27 10:30,0.6120,1224.0,yes,11.9
2025-12-27 11:00,1.0280,2056.0,yes,13.3
2025-12-27 11:30,0.9030,1806.0,yes,14.1
2025-12-27 12:00,0.4670,934.0,yes,14.3
2025-12-27 12:30,0.5010,1002.0,yes,13.9
2025-12-27 13:00,0.7090,1418.0,yes,13.1
2025-12-27 13:30,0.7100,1420.0,yes,11.6
2025-12-27 14:00,0.6750,1350.0,yes,9.7
2025-12-27 14:30,0.6480,1296.0,yes,7.3
2025-12-27 15:00,0.7370,1474.0,no,4.5
2025-12-27 15:30,0.7230,1446.0,no,1.3
2025-12-27 16:00,0.6940,1388.0,no,-2.3
2025-12-27 16:30,0.7330,1466.0,no,-6.1
2025-12-27 17:00,0.8000,1600.0,no,-10.1
2025-12-27 17:30,1.7970,3594.0,no,-14.3
2025-12-27 18:00,0.7180,1436.0,no,-18.7
2025-12-27 18:30,0.5540,1108.0,no,-23.2
2025-12-27 19:00,0.5450,1090.0,no,-27.7
2025-12-27 19:30,0.5700,1140.0,no,-32.3
2025-12-27 20:00,0.5580,1116.0,no,-36.8
2025-12-27 20:30,0.5410,1082.0,no,-41.3
2025-12-27 21:00,0.5320,1064.0,no,-45.6
2025-12-27 21:30,0.5610,1122.0,no,-49.7
2025-12-27 22:00,0.5240,1048.0,no,-53.3
2025-12-27 22:30,0.4960,992.0,no,-56.5
2025-12-27 23:00,0.5350,1070.0,no,-58.9
2025-12-27 23:30,0.5280,1056.0,no,-60.5
2025-12-28 00:00,0.5490,1098.0,no,-60.9
2025-12-28 00:30,0.5560,1112.0,no,-60.2
2025-12-28 01:00,0.6540,1308.0,no,-58.5
2025-12-28 01:30,0.5590,1118.0,no,-55.9
2025-12-28 02:00,0.4660,932.0,no,-52.6
2025-12-28 02:30,0.4700,940.0,no,-48.9
2025-12-28 03:00,0.4560,912.0,no,-44.8
2025-12-28 03:30,0.4500,900.0,no,-40.4
2025-12-28 04:00,0.4180,836.0,no,-36.0
2025-12-28 04:30,0.4650,930.0,no,-31.4
2025-12-28 05:00,0.4440,888.0,no,-26.8
2025-12-28 05:30,0.3610,722.0,no,-22.3
2025-12-28 06:00,0.3750,750.0,no,-17.8
2025-12-28 06:30,0.3880,776.0,no,-13.5
2025-12-28 07:00,0.3890,778.0,no,-9.3
2025-12-28 07:30,0.4030,806.0,no,-5.3
2025-12-28 08:00,0.4070,814.0,no,-1.5
2025-12-28 08:30,0.4590,918.0,no,1.9
2025-12-28 09:00,0.3720,744.0,yes,5.1
2025-12-28 09:30,0.3440,688.0,yes,7.8
2025-12-28 10:00,0.3260,652.0,yes,10.1
2025-12-28 10:30,0.3440,688.0,yes,12.0
2025-12-28 11:00,0.5210,1042.0,yes,13.3
2025-12-28 11:30,0.4040,808.0,yes,14.1
2025-12-28 12:00,0.4010,802.0,yes,14.3
2025-12-28 12:30,0.4370,874.0,yes,14.0
2025-12-28 13:00,0.4230,846.0,yes,13.1
2025-12-28 13:30,0.5360,1072.0,yes,11.7
2025-12-28 14:00,0.5160,1032.0,yes,9.7
2025-12-28 14:30,0.5910,1182.0,yes,7.3
2025-12-28 15:00,0.5290,1058.0,no,4.5
2025-12-28 15:30,0.5550,1110.0,no,1.3
2025-12-28 16:00,0.5790,1158.0,no,-2.2
2025-12-28 16:30,0.7480,1496.0,no,-6.0
2025-12-28 17:00,0.8090,1618.0,no,-10.1
2025-12-28 17:30,0.8100,1620.0,no,-14.3
2025-12-28 18:00,0.8010,1602.0,no,-18.7
2025-12-28 18:30,0.8200,1640.0,no,-23.1
2025-12-28 19:00,0.8230,1646.0,no,-27.7
2025-12-28 19:30,1.4880,2976.0,no,-32.3
2025-12-28 20:00,0.7590,1518.0,no,-36.8
2025-12-28 20:30,0.7490,1498.0,no,-41.3
2025-12-28 21:00,0.7790,1558.0,no,-45.6
2025-12-28 21:30,0.7280,1456.0,no,-49.6
2025-12-28 22:00,0.7360,1472.0,no,-53.3
2025-12-28 22:30,0.6890,1378.0,no,-56.5
2025-12-28 23:00,0.6730,1346.0,no,-58.9
2025-12-28 23:30,0.6310,1262.0,no,-60.4
2025-12-29 00:00,0.6030,1206.0,no,-60.8
2025-12-29 00:30,0.5740,1148.0,no,-60.1
2025-12-29 01:00,0.5650,1130.0,no,-58.4
2025-12-29 01:30,0.5660,1132.0,no,-55.9
2025-12-29 02:00,0.5450,1090.0,no,-52.6
2025-12-29 02:30,0.5410,1082.0,no,-48.8
2025-12-29 03:00,0.5140,1028.0,no,-44.7
2025-12-29 03:30,0.4810,962.0,no,-40.4
2025-12-29 04:00,0.5210,1042.0,no,-35.9
2025-12-29 04:30,0.5110,1022.0,no,-31.4
2025-12-29 05:00,0.5160,1032.0,no,-26.8
2025-12-29 05:30,0.5120,1024.0,no,-22.3
2025-12-29 06:00,0.5320,1064.0,no,-17.8
2025-12-29 06:30,0.5750,1150.0,no,-13.4
2025-12-29 07:00,0.7230,1446.0,no,-9.2
2025-12-29 07:30,1.1790,2358.0,no,-5.2
2025-12-29 08:00,0.4980,996.0,no,-1.5
2025-12-29 08:30,0.4610,922.0,no,2.0
2025-12-29 09:00,0.4660,932.0,yes,5.1
2025-12-29 09:30,0.4720,944.0,yes,7.9
2025-12-29 10:00,0.4720,944.0,yes,10.2
2025-12-29 10:30,3.3970,6794.0,yes,12.0
2025-12-29 11:00,0.5030,1006.0,yes,13.4
2025-12-29 11:30,0.3790,758.0,yes,14.2
2025-12-29 12:00,0.3500,700.0,yes,14.4
2025-12-29 12:30,0.3820,764.0,yes,14.0
2025-12-29 13:00,0.4580,916.0,yes,13.2
2025-12-29 13:30,0.4490,898.0,yes,11.7
2025-12-29 14:00,0.4690,938.0,yes,9.8
2025-12-29 14:30,0.5510,1102.0,yes,7.4
2025-12-29 15:00,0.5350,1070.0,no,4.6
2025-12-29 15:30,0.5210,1042.0,no,1.4
2025-12-29 16:00,0.5070,1014.0,no,-2.2
2025-12-29 16:30,0.5270,1054.0,no,-6.0
2025-12-29 17:00,0.5550,1110.0,no,-10.0
2025-12-29 17:30,0.7480,1496.0,no,-14.2
2025-12-29 18:00,0.6370,1274.0,no,-18.6
2025-12-29 18:30,0.6680,1336.0,no,-23.1
2025-12-29 19:00,0.7480,1496.0,no,-27.6
2025-12-29 19:30,1.6490,3298.0,no,-32.2
2025-12-29 20:00,0.9460,1892.0,no,-36.8
2025-12-29 20:30,0.7130,1426.0,no,-41.2
2025-12-29 21:00,0.7060,1412.0,no,-45.5
2025-12-29 21:30,0.7530,1506.0,no,-49.6
2025-12-29 22:00,0.7020,1404.0,no,-53.3
2025-12-29 22:30,0.6890,1378.0,no,-56.4
2025-12-29 23:00,1.1130,2226.0,no,-58.8
2025-12-29 23:30,1.2640,2528.0,no,-60.4
2025-12-30 00:00,0.8600,1720.0,no,-60.7
2025-12-30 00:30,0.5720,1144.0,no,-60.1
2025-12-30 01:00,0.6480,1296.0,no,-58.4
2025-12-30 01:30,0.6780,1356.0,no,-55.8
2025-12-30 02:00,0.6220,1244.0,no,-52.6
2025-12-30 02:30,0.5510,1102.0,no,-48.8
2025-12-30 03:00,0.5740,1148.0,no,-44.7
2025-12-30 03:30,0.5800,1160.0,no,-40.4
2025-12-30 04:00,0.5320,1064.0,no,-35.9
2025-12-30 04:30,0.5520,1104.0,no,-31.3
2025-12-30 05:00,0.5440,1088.0,no,-26.7
2025-12-30 05:30,0.5460,1092.0,no,-22.2
2025-12-30 06:00,0.5250,1050.0,no,-17.7
2025-12-30 06:30,0.5310,1062.0,no,-13.4
2025-12-30 07:00,0.5670,1134.0,no,-9.2
2025-12-30 07:30,0.5140,1028.0,no,-5.2
2025-12-30 08:00,0.5120,1024.0,no,-1.4
2025-12-30 08:30,0.5070,1014.0,no,2.0
2025-12-30 09:00,0.4850,970.0,yes,5.2
2025-12-30 09:30,0.5770,1154.0,yes,7.9
2025-12-30 10:00,0.5280,1056.0,yes,10.2
2025-12-30 10:30,0.6700,1340.0,yes,12.1
2025-12-30 11:00,0.4350,870.0,yes,13.4
2025-12-30 11:30,0.2840,568.0,yes,14.2
2025-12-30 12:00,0.2900,580.0,yes,14.4
2025-12-30 12:30,0.2750,550.0,yes,14.1
2025-12-30 13:00,0.4160,832.0,yes,13.2
2025-12-30 13:30,0.3200,640.0,yes,11.8
2025-12-30 14:00,2.4890,4978.0,yes,9.8
2025-12-30 14:30,1.4610,2922.0,yes,7.4
2025-12-30 15:00,1.6250,3250.0,no,4.6
2025-12-30 15:30,0.8120,1624.0,no,1.4
2025-12-30 16:00,0.7970,1594.0,no,-2.1
2025-12-30 16:30,1.0600,2120.0,no,-5.9
2025-12-30 17:00,0.7430,1486.0,no,-10.0
2025-12-30 17:30,0.7060,1412.0,no,-14.2
2025-12-30 18:00,0.6980,1396.0,no,-18.6
2025-12-30 18:30,0.6830,1366.0,no,-23.1
2025-12-30 19:00,0.7030,1406.0,no,-27.6
2025-12-30 19:30,0.6750,1350.0,no,-32.2
2025-12-30 20:00,1.6880,3376.0,no,-36.7
2025-12-30 20:30,1.1890,2378.0,no,-41.2
2025-12-30 21:00,0.9210,1842.0,no,-45.5
2025-12-30 21:30,1.4990,2998.0,no,-49.5
2025-12-30 22:00,1.1180,2236.0,no,-53.2
2025-12-30 22:30,0.6450,1290.0,no,-56.3
2025-12-30 23:00,0.6380,1276.0,no,-58.8
2025-12-30 23:30,0.5580,1116.0,no,-60.3
2025-12-31 00:00,0.5910,1182.0,no,-60.7
2025-12-31 00:30,0.5750,1150.0,no,-60.0
2025-12-31 01:00,0.4800,960.0,no,-58.3
2025-12-31 01:30,0.3790,758.0,no,-55.7
2025-12-31 02:00,0.4370,874.0,no,-52.5
2025-12-31 02:30,0.4550,910.0,no,-48.7
2025-12-31 03:00,0.4370,874.0,no,-44.6
2025-12-31 03:30,0.6260,1252.0,no,-40.3
2025-12-31 04:00,0.6340,1268.0,no,-35.8
2025-12-31 04:30,0.5710,1142.0,no,-31.3
2025-12-31 05:00,0.4810,962.0,no,-26.7
2025-12-31 05:30,0.5020,1004.0,no,-22.2
2025-12-31 06:00,0.5360,1072.0,no,-17.7
2025-12-31 06:30,0.4820,964.0,no,-13.3
2025-12-31 07:00,0.5030,1006.0,no,-9.1
2025-12-31 07:30,0.5180,1036.0,no,-5.1
2025-12-31 08:00,0.4680,936.0,no,-1.4
2025-12-31 08:30,0.3650,730.0,no,2.1
2025-12-31 09:00,0.1210,242.0,yes,5.2
2025-12-31 09:30,0.0000,0.0,yes,8.0
2025-12-31 10:00,0.0010,2.0,yes,10.3
2025-12-31 10:30,0.0000,0.0,yes,12.2
2025-12-31 11:00,0.0000,0.0,yes,13.5
2025-12-31 11:30,0.0830,166.0,yes,14.3
2025-12-31 12:00,0.0000,0.0,yes,14.5
2025-12-31 12:30,1.6860,3372.0,yes,14.2
2025-12-31 13:00,0.2480,496.0,yes,13.3
2025-12-31 13:30,0.9600,1920.0,yes,11.8
2025-12-31 14:00,1.6310,3262.0,yes,9.9
2025-12-31 14:30,0.6180,1236.0,yes,7.5
2025-12-31 15:00,0.7270,1454.0,no,4.7
2025-12-31 15:30,0.7290,1458.0,no,1.5
2025-12-31 16:00,0.6570,1314.0,no,-2.1
2025-12-31 16:30,0.9530,1906.0,no,-5.9
2025-12-31 17:00,0.7430,1486.0,no,-9.9
2025-12-31 17:30,0.7150,1430.0,no,-14.1
2025-12-31 18:00,0.7540,1508.0,no,-18.5
2025-12-31 18:30,0.7530,1506.0,no,-23.0
2025-12-31 19:00,1.0390,2078.0,no,-27.6
2025-12-31 19:30,0.7530,1506.0,no,-32.1
2025-12-31 20:00,0.6260,1252.0,no,-36.7
2025-12-31 20:30,0.6420,1284.0,no,-41.1
2025-12-31 21:00,0.6240,1248.0,no,-45.4
2025-12-31 21:30,0.6680,1336.0,no,-49.5
2025-12-31 22:00,1.1070,2214.0,no,-53.1
2025-12-31 22:30,1.0550,2110.0,no,-56.3
2025-12-31 23:00,0.6380,1276.0,no,-58.7
2025-12-31 23:30,0.6000,1200.0,no,-60.2
2026-01-01 00:00,0.5620,1124.0,no,-60.6
2026-01-01 00:30,0.4840,968.0,no,-59.9
2026-01-01 01:00,0.5070,1014.0,no,-58.3
2026-01-01 01:30,0.4790,958.0,no,-55.7
2026-01-01 02:00,0.4630,926.0,no,-52.4
2026-01-01 02:30,0.5170,1034.0,no,-48.7
2026-01-01 03:00,0.4850,970.0,no,-44.6
2026-01-01 03:30,0.4750,950.0,no,-40.3
2026-01-01 04:00,0.4830,966.0,no,-35.8
2026-01-01 04:30,0.4900,980.0,no,-31.2
2026-01-01 05:00,0.4920,984.0,no,-26.6
2026-01-01 05:30,0.4830,966.0,no,-22.1
2026-01-01 06:00,0.5180,1036.0,no,-17.6
2026-01-01 06:30,0.5020,1004.0,no,-13.3
2026-01-01 07:00,0.4740,948.0,no,-9.1
2026-01-01 07:30,0.5500,1100.0,no,-5.1
2026-01-01 08:00,0.6030,1206.0,no,-1.3
2026-01-01 08:30,0.5790,1158.0,no,2.2
2026-01-01 09:00,0.5750,1150.0,yes,5.3
2026-01-01 09:30,0.3620,724.0,yes,8.0
2026-01-01 10:00,0.2530,506.0,yes,10.4
2026-01-01 10:30,0.2120,424.0,yes,12.2
2026-01-01 11:00,0.2210,442.0,yes,13.6
2026-01-01 11:30,0.1450,290.0,yes,14.4
2026-01-01 12:00,0.2440,488.0,yes,14.6
2026-01-01 12:30,0.3100,620.0,yes,14.2
2026-01-01 13:00,0.4150,830.0,yes,13.4
2026-01-01 13:30,1.3350,2670.0,yes,11.9
2026-01-01 14:00,0.8160,1632.0,yes,10.0
2026-01-01 14:30,0.6930,1386.0,yes,7.6
2026-01-01 15:00,0.6810,1362.0,no,4.7
2026-01-01 15:30,0.6340,1268.0,no,1.5
2026-01-01 16:00,0.6560,1312.0,no,-2.0
2026-01-01 16:30,0.6180,1236.0,no,-5.8
2026-01-01 17:00,0.6260,1252.0,no,-9.8
2026-01-01 17:30,0.7410,1482.0,no,-14.1
2026-01-01 18:00,0.7410,1482.0,no,-18.5
2026-01-01 18:30,1.7960,3592.0,no,-22.9
2026-01-01 19:00,1.4090,2818.0,no,-27.5
2026-01-01 19:30,0.8490,1698.0,no,-32.1
2026-01-01 20:00,1.3330,2666.0,no,-36.6
2026-01-01 20:30,0.6380,1276.0,no,-41.1
2026-01-01 21:00,0.6410,1282.0,no,-45.4
2026-01-01 21:30,0.7090,1418.0,no,-49.4
2026-01-01 22:00,0.7550,1510.0,no,-53.1
2026-01-01 22:30,0.6250,1250.0,no,-56.2
2026-01-01 23:00,0.5210,1042.0,no,-58.6
2026-01-01 23:30,0.5170,1034.0,no,-60.2
2026-01-02 00:00,0.4280,856.0,no,-60.5
2026-01-02 00:30,0.4040,808.0,no,-59.9
2026-01-02 01:00,0.3810,762.0,no,-58.2
2026-01-02 01:30,0.4220,844.0,no,-55.6
2026-01-02 02:00,0.4280,856.0,no,-52.4
2026-01-02 02:30,0.6120,1224.0,no,-48.6
2026-01-02 03:00,0.5560,1112.0,no,-44.5
2026-01-02 03:30,0.5310,1062.0,no,-40.2
2026-01-02 04:00,0.5230,1046.0,no,-35.7
2026-01-02 04:30,0.5240,1048.0,no,-31.2
2026-01-02 05:00,0.4810,962.0,no,-26.6
2026-01-02 05:30,0.4750,950.0,no,-22.0
2026-01-02 06:00,0.5850,1170.0,no,-17.6
2026-01-02 06:30,0.5810,1162.0,no,-13.2
2026-01-02 07:00,0.6820,1364.0,no,-9.0
2026-01-02 07:30,0.5150,1030.0,no,-5.0
2026-01-02 08:00,0.4980,996.0,no,-1.2
2026-01-02 08:30,0.4280,856.0,no,2.2
2026-01-02 09:00,0.1510,302.0,yes,5.4
2026-01-02 09:30,0.0010,2.0,yes,8.1
2026-01-02 10:00,0.0000,0.0,yes,10.4
2026-01-02 10:30,0.0000,0.0,yes,12.3
2026-01-02 11:00,0.0000,0.0,yes,13.6
2026-01-02 11:30,0.0480,96.0,yes,14.4
2026-01-02 12:00,0.0000,0.0,yes,14.7
2026-01-02 12:30,0.0000,0.0,yes,14.3
2026-01-02 13:00,0.0010,2.0,yes,13.4
2026-01-02 13:30,0.0370,74.0,yes,12.0
2026-01-02 14:00,0.2550,510.0,yes,10.0
2026-01-02 14:30,0.4570,914.0,yes,7.6
2026-01-02 15:00,0.4400,880.0,no,4.8
2026-01-02 15:30,0.4620,924.0,no,1.6
2026-01-02 16:00,0.5280,1056.0,no,-1.9
2026-01-02 16:30,0.5090,1018.0,no,-5.7
2026-01-02 17:00,0.5400,1080.0,no,-9.8
2026-01-02 17:30,0.5700,1140.0,no,-14.0
2026-01-02 18:00,0.6410,1282.0,no,-18.4
2026-01-02 18:30,0.6700,1340.0,no,-22.9
2026-01-02 19:00,1.5070,3014.0,no,-27.4
2026-01-02 19:30,1.2930,2586.0,no,-32.0
2026-01-02 20:00,0.6350,1270.0,no,-36.6
2026-01-02 20:30,0.7410,1482.0,no,-41.0
2026-01-02 21:00,0.7580,1516.0,no,-45.3
2026-01-02 21:30,0.7460,1492.0,no,-49.3
2026-01-02 22:00,0.8080,1616.0,no,-53.0
2026-01-02 22:30,0.7850,1570.0,no,-56.1
2026-01-02 23:00,0.7280,1456.0,no,-58.6
2026-01-02 23:30,0.7350,1470.0,no,-60.1
2026-01-03 00:00,0.7230,1446.0,no,-60.4
2026-01-03 00:30,0.6950,1390.0,no,-59.8
2026-01-03 01:00,0.5020,1004.0,no,-58.1
2026-01-03 01:30,0.5100,1020.0,no,-55.5
2026-01-03 02:00,0.5110,1022.0,no,-52.3
2026-01-03 02:30,0.4960,992.0,no,-48.5
2026-01-03 03:00,0.4940,988.0,no,-44.4
2026-01-03 03:30,0.5020,1004.0,no,-40.1
2026-01-03 04:00,0.5260,1052.0,no,-35.6
2026-01-03 04:30,0.4920,984.0,no,-31.1
2026-01-03 05:00,0.5290,1058.0,no,-26.5
2026-01-03 05:30,0.5820,1164.0,no,-22.0
2026-01-03 06:00,0.5620,1124.0,no,-17.5
2026-01-03 06:30,0.5890,1178.0,no,-13.1
2026-01-03 07:00,0.6790,1358.0,no,-8.9
2026-01-03 07:30,0.5990,1198.0,no,-4.9
2026-01-03 08:00,0.5270,1054.0,no,-1.2
2026-01-03 08:30,0.4170,834.0,no,2.3
2026-01-03 09:00,0.1300,260.0,yes,5.4
2026-01-03 09:30,0.0010,2.0,yes,8.2
2026-01-03 10:00,0.0000,0.0,yes,10.5
2026-01-03 10:30,0.0000,0.0,yes,12.4
2026-01-03 11:00,0.0000,0.0,yes,13.7
2026-01-03 11:30,0.0000,0.0,yes,14.5
2026-01-03 12:00,0.0000,0.0,yes,14.8
2026-01-03 12:30,0.0030,6.0,yes,14.4
2026-01-03 13:00,0.3750,750.0,yes,13.5
2026-01-03 13:30,0.2370,474.0,yes,12.1
2026-01-03 14:00,0.2130,426.0,yes,10.1
2026-01-03 14:30,0.5000,1000.0,yes,7.7
2026-01-03 15:00,0.5400,1080.0,no,4.9
2026-01-03 15:30,0.5750,1150.0,no,1.7
2026-01-03 16:00,0.6950,1390.0,no,-1.9
2026-01-03 16:30,0.8020,1604.0,no,-5.7
2026-01-03 17:00,0.8670,1734.0,no,-9.7
2026-01-03 17:30,0.8030,1606.0,no,-13.9
2026-01-03 18:00,1.6500,3300.0,no,-18.3
2026-01-03 18:30,1.3650,2730.0,no,-22.8
2026-01-03 19:00,0.8140,1628.0,no,-27.4
2026-01-03 19:30,0.6840,1368.0,no,-31.9
2026-01-03 20:00,0.6690,1338.0,no,-36.5
2026-01-03 20:30,0.6520,1304.0,no,-40.9
2026-01-03 21:00,0.6470,1294.0,no,-45.2
2026-01-03 21:30,0.6550,1310.0,no,-49.3
2026-01-03 22:00,0.6410,1282.0,no,-52.9
2026-01-03 22:30,0.6070,1214.0,no,-56.1
2026-01-03 23:00,0.5920,1184.0,no,-58.5
2026-01-03 23:30,0.4580,916.0,no,-60.0
2026-01-04 00:00,0.4820,964.0,no,-60.3
2026-01-04 00:30,0.5080,1016.0,no,-59.7
2026-01-04 01:00,0.5040,1008.0,no,-58.0
2026-01-04 01:30,0.4890,978.0,no,-55.4
2026-01-04 02:00,0.4740,948.0,no,-52.2
2026-01-04 02:30,0.4880,976.0,no,-48.5
2026-01-04 03:00,0.5100,1020.0,no,-44.4
2026-01-04 03:30,0.4650,930.0,no,-40.0
2026-01-04 04:00,0.4860,972.0,no,-35.6
2026-01-04 04:30,0.7340,1468.0,no,-31.0
2026-01-04 05:00,0.5330,1066.0,no,-26.4
2026-01-04 05:30,0.4830,966.0,no,-21.9
2026-01-04 06:00,0.4660,932.0,no,-17.4
2026-01-04 06:30,0.4920,984.0,no,-13.1
2026-01-04 07:00,0.4810,962.0,no,-8.9
2026-01-04 07:30,0.4330,866.0,no,-4.9
2026-01-04 08:00,0.4550,910.0,no,-1.1
2026-01-04 08:30,0.3960,792.0,no,2.4
2026-01-04 09:00,0.1000,200.0,yes,5.5
2026-01-04 09:30,0.0000,0.0,yes,8.3
2026-01-04 10:00,0.0560,112.0,yes,10.6
2026-01-04 10:30,0.1450,290.0,yes,12.5
2026-01-04 11:00,0.0000,0.0,yes,13.8
2026-01-04 11:30,0.0730,146.0,yes,14.6
2026-01-04 12:00,0.2550,510.0,yes,14.8
2026-01-04 12:30,0.0010,2.0,yes,14.5
2026-01-04 13:00,0.4150,830.0,yes,13.6
2026-01-04 13:30,0.3190,638.0,yes,12.2
2026-01-04 14:00,0.4340,868.0,yes,10.2
2026-01-04 14:30,0.5250,1050.0,yes,7.8
2026-01-04 15:00,0.7220,1444.0,no,5.0
2026-01-04 15:30,0.8490,1698.0,no,1.8
2026-01-04 16:00,0.9080,1816.0,no,-1.8
2026-01-04 16:30,0.7920,1584.0,no,-5.6
2026-01-04 17:00,1.1560,2312.0,no,-9.6
2026-01-04 17:30,0.8060,1612.0,no,-13.9
2026-01-04 18:00,0.9350,1870.0,no,-18.3
2026-01-04 18:30,1.4310,2862.0,no,-22.7
2026-01-04 19:00,1.3990,2798.0,no,-27.3
2026-01-04 19:30,1.0190,2038.0,no,-31.9
2026-01-04 20:00,1.6970,3394.0,no,-36.4
2026-01-04 20:30,1.2900,2580.0,no,-40.9
2026-01-04 21:00,0.6160,1232.0,no,-45.2
2026-01-04 21:30,0.6020,1204.0,no,-49.2
2026-01-04 22:00,0.5930,1186.0,no,-52.9
2026-01-04 22:30,0.5870,1174.0,no,-56.0
2026-01-04 23:00,0.6110,1222.0,no,-58.4
2026-01-04 23:30,0.6430,1286.0,no,-59.9
2026-01-05 00:00,0.6590,1318.0,no,-60.2
2026-01-05 00:30,0.6300,1260.0,no,-59.6
2026-01-05 01:00,0.5900,1180.0,no,-57.9
2026-01-05 01:30,0.5840,1168.0,no,-55.3
2026-01-05 02:00,0.5890,1178.0,no,-52.1
2026-01-05 02:30,0.4410,882.0,no,-48.4
2026-01-05 03:00,0.3990,798.0,no,-44.3
2026-01-05 03:30,0.3920,784.0,no,-40.0
2026-01-05 04:00,0.4120,824.0,no,-35.5
2026-01-05 04:30,0.4000,800.0,no,-30.9
2026-01-05 05:00,0.3700,740.0,no,-26.4
2026-01-05 05:30,0.4320,864.0,no,-21.8
2026-01-05 06:00,0.4320,864.0,no,-17.3
2026-01-05 06:30,0.5170,1034.0,no,-13.0
2026-01-05 07:00,0.6060,1212.0,no,-8.8
2026-01-05 07:30,0.4910,982.0,no,-4.8
2026-01-05 08:00,0.5560,1112.0,no,-1.0
2026-01-05 08:30,0.6040,1208.0,no,2.5
2026-01-05 09:00,0.4140,828.0,yes,5.6
2026-01-05 09:30,0.2510,502.0,yes,8.4
2026-01-05 10:00,0.0090,18.0,yes,10.7
2026-01-05 10:30,0.0000,0.0,yes,12.6
2026-01-05 11:00,0.0000,0.0,yes,13.9
2026-01-05 11:30,0.0400,80.0,yes,14.7
2026-01-05 12:00,0.0000,0.0,yes,15.0
2026-01-05 12:30,0.0000,0.0,yes,14.6
2026-01-05 13:00,0.0010,2.0,yes,13.7
2026-01-05 13:30,0.0940,188.0,yes,12.3
2026-01-05 14:00,0.2310,462.0,yes,10.3
2026-01-05 14:30,0.4420,884.0,yes,7.9
2026-01-05 15:00,0.5100,1020.0,yes,5.1
2026-01-05 15:30,0.4980,996.0,no,1.8
2026-01-05 16:00,0.4490,898.0,no,-1.7
2026-01-05 16:30,0.4800,960.0,no,-5.5
2026-01-05 17:00,0.5520,1104.0,no,-9.6
2026-01-05 17:30,0.6390,1278.0,no,-13.8
2026-01-05 18:00,1.3530,2706.0,no,-18.2
2026-01-05 18:30,1.1010,2202.0,no,-22.7
2026-01-05 19:00,1.8190,3638.0,no,-27.2
2026-01-05 19:30,1.0320,2064.0,no,-31.8
2026-01-05 20:00,0.8760,1752.0,no,-36.3
2026-01-05 20:30,0.7280,1456.0,no,-40.8
2026-01-05 21:00,0.8710,1742.0,no,-45.1
2026-01-05 21:30,1.0700,2140.0,no,-49.1
2026-01-05 22:00,0.8230,1646.0,no,-52.8
2026-01-05 22:30,0.6750,1350.0,no,-55.9
2026-01-05 23:00,0.7000,1400.0,no,-58.3
2026-01-05 23:30,0.7180,1436.0,no,-59.8
2026-01-06 00:00,0.5640,1128.0,no,-60.1
2026-01-06 00:30,0.4700,940.0,no,-59.5
2026-01-06 01:00,0.4760,952.0,no,-57.8
2026-01-06 01:30,0.4790,958.0,no,-55.3
2026-01-06 02:00,0.4700,940.0,no,-52.0
2026-01-06 02:30,0.4430,886.0,no,-48.3
2026-01-06 03:00,0.4250,850.0,no,-44.2
2026-01-06 03:30,0.4580,916.0,no,-39.9
2026-01-06 04:00,0.4100,820.0,no,-35.4
2026-01-06 04:30,0.4140,828.0,no,-30.9
2026-01-06 05:00,0.4360,872.0,no,-26.3
2026-01-06 05:30,0.4570,914.0,no,-21.7
2026-01-06 06:00,0.4370,874.0,no,-17.3
2026-01-06 06:30,0.5080,1016.0,no,-12.9
2026-01-06 07:00,0.5070,1014.0,no,-8.7
2026-01-06 07:30,0.5600,1120.0,no,-4.7
2026-01-06 08:00,0.5100,1020.0,no,-0.9
2026-01-06 08:30,0.4920,984.0,no,2.6
2026-01-06 09:00,0.4780,956.0,yes,5.7
2026-01-06 09:30,0.3850,770.0,yes,8.5
2026-01-06 10:00,0.3660,732.0,yes,10.8
2026-01-06 10:30,0.3600,720.0,yes,12.7
2026-01-06 11:00,0.4440,888.0,yes,14.0
2026-01-06 11:30,0.2910,582.0,yes,14.8
2026-01-06 12:00,0.0750,150.0,yes,15.1
2026-01-06 12:30,0.1690,338.0,yes,14.7
2026-01-06 13:00,0.7180,1436.0,yes,13.8
2026-01-06 13:30,0.4010,802.0,yes,12.4
2026-01-06 14:00,0.3710,742.0,yes,10.4
2026-01-06 14:30,0.9320,1864.0,yes,8.0
2026-01-06 15:00,1.0750,2150.0,yes,5.2
2026-01-06 15:30,0.4770,954.0,no,1.9
2026-01-06 16:00,0.4690,938.0,no,-1.6
2026-01-06 16:30,0.5000,1000.0,no,-5.4
2026-01-06 17:00,0.5130,1026.0,no,-9.5
2026-01-06 17:30,0.5420,1084.0,no,-13.7
2026-01-06 18:00,1.0060,2012.0,no,-18.1
2026-01-06 18:30,0.6670,1334.0,no,-22.6
2026-01-06 19:00,0.8710,1742.0,no,-27.1
2026-01-06 19:30,1.4760,2952.0,no,-31.7
2026-01-06 20:00,1.2400,2480.0,no,-36.3
2026-01-06 20:30,0.7020,1404.0,no,-40.7
2026-01-06 21:00,0.7150,1430.0,no,-45.0
2026-01-06 21:30,0.6480,1296.0,no,-49.0
2026-01-06 22:00,0.6760,1352.0,no,-52.7
2026-01-06 22:30,0.6780,1356.0,no,-55.8
2026-01-06 23:00,0.6820,1364.0,no,-58.2
2026-01-06 23:30,0.7500,1500.0,no,-59.7
2026-01-07 00:00,0.5160,1032.0,no,-60.0
2026-01-07 00:30,0.5200,1040.0,no,-59.4
2026-01-07 01:00,0.4860,972.0,no,-57.7
2026-01-07 01:30,0.4570,914.0,no,-55.1
2026-01-07 02:00,0.4940,988.0,no,-51.9
2026-01-07 02:30,0.4870,974.0,no,-48.2
2026-01-07 03:00,0.4820,964.0,no,-44.1
2026-01-07 03:30,0.4740,948.0,no,-39.8
2026-01-07 04:00,0.4620,924.0,no,-35.3
2026-01-07 04:30,0.4830,966.0,no,-30.8
2026-01-07 05:00,0.5090,1018.0,no,-26.2
2026-01-07 05:30,0.4840,968.0,no,-21.7
2026-01-07 06:00,0.4790,958.0,no,-17.2
2026-01-07 06:30,0.4630,926.0,no,-12.8
2026-01-07 07:00,0.4770,954.0,no,-8.6
2026-01-07 07:30,0.6040,1208.0,no,-4.6
2026-01-07 08:00,0.4070,814.0,no,-0.8
2026-01-07 08:30,0.5140,1028.0,no,2.7
2026-01-07 09:00,0.4780,956.0,yes,5.8
2026-01-07 09:30,0.4580,916.0,yes,8.6
2026-01-07 10:00,0.4320,864.0,yes,10.9
2026-01-07 10:30,0.4170,834.0,yes,12.8
2026-01-07 11:00,0.5870,1174.0,yes,14.1
2026-01-07 11:30,0.3660,732.0,yes,14.9
2026-01-07 12:00,0.7960,1592.0,yes,15.2
2026-01-07 12:30,0.5960,1192.0,yes,14.8
2026-01-07 13:00,0.3130,626.0,yes,13.9
2026-01-07 13:30,0.4210,842.0,yes,12.5
2026-01-07 14:00,0.4230,846.0,yes,10.5
2026-01-07 14:30,1.7550,3510.0,yes,8.1
2026-01-07 15:00,0.4490,898.0,yes,5.3
2026-01-07 15:30,0.4430,886.0,no,2.0
2026-01-07 16:00,0.5420,1084.0,no,-1.5
2026-01-07 16:30,0.5560,1112.0,no,-5.3
2026-01-07 17:00,0.5340,1068.0,no,-9.4
2026-01-07 17:30,0.5760,1152.0,no,-13.6
2026-01-07 18:00,0.6340,1268.0,no,-18.0
2026-01-07 18:30,1.0940,2188.0,no,-22.5
2026-01-07 19:00,0.8070,1614.0,no,-27.1
2026-01-07 19:30,1.3450,2690.0,no,-31.6
2026-01-07 20:00,0.9660,1932.0,no,-36.2
2026-01-07 20:30,0.5550,1110.0,no,-40.6
2026-01-07 21:00,0.5460,1092.0,no,-44.9
2026-01-07 21:30,0.5870,1174.0,no,-48.9
2026-01-07 22:00,0.8260,1652.0,no,-52.6
2026-01-07 22:30,0.6920,1384.0,no,-55.7
2026-01-07 23:00,0.4970,994.0,no,-58.1
2026-01-07 23:30,0.3880,776.0,no,-59.6
2026-01-08 00:00,0.3810,762.0,no,-59.9
2026-01-08 00:30,0.3730,746.0,no,-59.2
2026-01-08 01:00,0.3960,792.0,no,-57.6
2026-01-08 01:30,0.3770,754.0,no,-55.0
2026-01-08 02:00,0.3480,696.0,no,-51.8
2026-01-08 02:30,0.3970,794.0,no,-48.1
2026-01-08 03:00,0.3840,768.0,no,-44.0
2026-01-08 03:30,0.3580,716.0,no,-39.7
2026-01-08 04:00,0.3690,738.0,no,-35.2
2026-01-08 04:30,0.4370,874.0,no,-30.7
2026-01-08 05:00,0.4460,892.0,no,-26.1
2026-01-08 05:30,0.3770,754.0,no,-21.6
2026-01-08 06:00,0.3630,726.0,no,-17.1
2026-01-08 06:30,0.5000,1000.0,no,-12.7
2026-01-08 07:00,0.6590,1318.0,no,-8.5
2026-01-08 07:30,0.4280,856.0,no,-4.5
2026-01-08 08:00,0.3770,754.0,no,-0.7
2026-01-08 08:30,0.3830,766.0,no,2.8
2026-01-08 09:00,0.3660,732.0,yes,5.9
2026-01-08 09:30,0.3360,672.0,yes,8.7
2026-01-08 10:00,0.3190,638.0,yes,11.0
2026-01-08 10:30,0.3450,690.0,yes,12.9
2026-01-08 11:00,0.3180,636.0,yes,14.3
2026-01-08 11:30,0.3140,628.0,yes,15.1
2026-01-08 12:00,0.3870,774.0,yes,15.3
2026-01-08 12:30,0.4220,844.0,yes,15.0
2026-01-08 13:00,0.4440,888.0,yes,14.1
2026-01-08 13:30,0.4090,818.0,yes,12.6
2026-01-08 14:00,0.4470,894.0,yes,10.6
2026-01-08 14:30,0.5040,1008.0,yes,8.2
2026-01-08 15:00,0.4770,954.0,yes,5.4
2026-01-08 15:30,0.4640,928.0,no,2.1
2026-01-08 16:00,0.5000,1000.0,no,-1.4
2026-01-08 16:30,0.5610,1122.0,no,-5.2
2026-01-08 17:00,0.6790,1358.0,no,-9.3
2026-01-08 17:30,0.6470,1294.0,no,-13.5
2026-01-08 18:00,0.7110,1422.0,no,-17.9
2026-01-08 18:30,0.6850,1370.0,no,-22.4
2026-01-08 19:00,0.5880,1176.0,no,-27.0
2026-01-08 19:30,0.5050,1010.0,no,-31.5
2026-01-08 20:00,0.4670,934.0,no,-36.1
2026-01-08 20:30,0.4620,924.0,no,-40.5
2026-01-08 21:00,0.4560,912.0,no,-44.8
2026-01-08 21:30,0.4300,860.0,no,-48.8
2026-01-08 22:00,0.3950,790.0,no,-52.5
2026-01-08 22:30,0.4130,826.0,no,-55.6
2026-01-08 23:00,0.3880,776.0,no,-58.0
2026-01-08 23:30,0.4350,870.0,no,-59.5
2026-01-09 00:00,0.3880,776.0,no,-59.8
2026-01-09 00:30,0.3620,724.0,no,-59.1
2026-01-09 01:00,0.3690,738.0,no,-57.5
2026-01-09 01:30,0.3630,726.0,no,-54.9
2026-01-09 02:00,0.3860,772.0,no,-51.7
2026-01-09 02:30,0.3570,714.0,no,-48.0
2026-01-09 03:00,0.3460,692.0,no,-43.9
2026-01-09 03:30,0.3980,796.0,no,-39.6
2026-01-09 04:00,0.3860,772.0,no,-35.1
2026-01-09 04:30,0.3470,694.0,no,-30.6
2026-01-09 05:00,0.3550,710.0,no,-26.0
2026-01-09 05:30,0.3640,728.0,no,-21.5
2026-01-09 06:00,0.4130,826.0,no,-17.0
2026-01-09 06:30,0.4530,906.0,no,-12.6
2026-01-09 07:00,0.4660,932.0,no,-8.4
2026-01-09 07:30,0.3900,780.0,no,-4.4
2026-01-09 08:00,0.4260,852.0,no,-0.6
2026-01-09 08:30,0.3480,696.0,no,2.9
2026-01-09 09:00,0.3640,728.0,yes,6.0
2026-01-09 09:30,0.4200,840.0,yes,8.8
2026-01-09 10:00,0.3180,636.0,yes,11.2
2026-01-09 10:30,0.2630,526.0,yes,13.0
2026-01-09 11:00,0.3640,728.0,yes,14.4
2026-01-09 11:30,0.3160,632.0,yes,15.2
2026-01-09 12:00,0.2870,574.0,yes,15.4
2026-01-09 12:30,0.4630,926.0,yes,15.1
2026-01-09 13:00,0.2760,552.0,yes,14.2
2026-01-09 13:30,0.3520,704.0,yes,12.7
2026-01-09 14:00,0.3530,706.0,yes,10.8
2026-01-09 14:30,0.3440,688.0,yes,8.3
2026-01-09 15:00,0.3820,764.0,yes,5.5
2026-01-09 15:30,0.4340,868.0,no,2.3
2026-01-09 16:00,0.4400,880.0,no,-1.3
2026-01-09 16:30,0.4580,916.0,no,-5.1
2026-01-09 17:00,0.4070,814.0,no,-9.2
2026-01-09 17:30,0.4500,900.0,no,-13.4
2026-01-09 18:00,0.5240,1048.0,no,-17.8
2026-01-09 18:30,0.4970,994.0,no,-22.3
2026-01-09 19:00,0.4670,934.0,no,-26.9
2026-01-09 19:30,0.6190,1238.0,no,-31.4
2026-01-09 20:00,0.5090,1018.0,no,-36.0
2026-01-09 20:30,0.6950,1390.0,no,-40.4
2026-01-09 21:00,0.5300,1060.0,no,-44.7
2026-01-09 21:30,0.5950,1190.0,no,-48.7
2026-01-09 22:00,0.6680,1336.0,no,-52.4
2026-01-09 22:30,0.9870,1974.0,no,-55.5
2026-01-09 23:00,0.6440,1288.0,no,-57.8
2026-01-09 23:30,0.6560,1312.0,no,-59.3
2026-01-10 00:00,0.6360,1272.0,no,-59.6
2026-01-10 00:30,0.6700,1340.0,no,-59.0
2026-01-10 01:00,0.5720,1144.0,no,-57.3
2026-01-10 01:30,0.5210,1042.0,no,-54.8
2026-01-10 02:00,0.5270,1054.0,no,-51.6
2026-01-10 02:30,0.5410,1082.0,no,-47.9
2026-01-10 03:00,0.5360,1072.0,no,-43.8
2026-01-10 03:30,0.5080,1016.0,no,-39.5
2026-01-10 04:00,0.5030,1006.0,no,-35.0
2026-01-10 04:30,0.4970,994.0,no,-30.5
2026-01-10 05:00,0.4320,864.0,no,-25.9
2026-01-10 05:30,0.4280,856.0,no,-21.4
2026-01-10 06:00,0.4560,912.0,no,-16.9
2026-01-10 06:30,0.4340,868.0,no,-12.5
2026-01-10 07:00,0.4310,862.0,no,-8.3
2026-01-10 07:30,0.4200,840.0,no,-4.3
2026-01-10 08:00,0.4310,862.0,no,-0.5
2026-01-10 08:30,0.3200,640.0,no,3.0
2026-01-10 09:00,0.0530,106.0,yes,6.2
2026-01-10 09:30,0.4040,808.0,yes,8.9
2026-01-10 10:00,0.0000,0.0,yes,11.3
2026-01-10 10:30,0.0000,0.0,yes,13.2
2026-01-10 11:00,0.0800,160.0,yes,14.5
2026-01-10 11:30,0.1210,242.0,yes,15.3
2026-01-10 12:00,1.1690,2338.0,yes,15.6
2026-01-10 12:30,0.1080,216.0,yes,15.2
2026-01-10 13:00,0.0000,0.0,yes,14.3
2026-01-10 13:30,0.0270,54.0,yes,12.9
2026-01-10 14:00,0.3930,786.0,yes,10.9
2026-01-10 14:30,0.8170,1634.0,yes,8.5
2026-01-10 15:00,1.0260,2052.0,yes,5.6
2026-01-10 15:30,0.7740,1548.0,no,2.4
2026-01-10 16:00,0.5380,1076.0,no,-1.2
2026-01-10 16:30,0.4830,966.0,no,-5.0
2026-01-10 17:00,0.5120,1024.0,no,-9.1
2026-01-10 17:30,0.5080,1016.0,no,-13.3
2026-01-10 18:00,0.4850,970.0,no,-17.7
2026-01-10 18:30,0.4720,944.0,no,-22.2
2026-01-10 19:00,0.5890,1178.0,no,-26.8
2026-01-10 19:30,0.5420,1084.0,no,-31.3
2026-01-10 20:00,0.4690,938.0,no,-35.9
2026-01-10 20:30,0.4800,960.0,no,-40.3
2026-01-10 21:00,0.5190,1038.0,no,-44.6
2026-01-10 21:30,0.4700,940.0,no,-48.6
2026-01-10 22:00,0.4780,956.0,no,-52.2
2026-01-10 22:30,0.4830,966.0,no,-55.3
2026-01-10 23:00,0.4830,966.0,no,-57.7
2026-01-10 23:30,0.5030,1006.0,no,-59.2
2026-01-11 00:00,0.4140,828.0,no,-59.5
2026-01-11 00:30,0.4430,886.0,no,-58.9
2026-01-11 01:00,0.4510,902.0,no,-57.2
2026-01-11 01:30,0.4280,856.0,no,-54.7
2026-01-11 02:00,0.4220,844.0,no,-51.5
2026-01-11 02:30,0.4110,822.0,no,-47.8
2026-01-11 03:00,0.4400,880.0,no,-43.7
2026-01-11 03:30,0.4460,892.0,no,-39.4
2026-01-11 04:00,0.4070,814.0,no,-34.9
2026-01-11 04:30,0.4130,826.0,no,-30.4
2026-01-11 05:00,0.4380,876.0,no,-25.8
2026-01-11 05:30,0.4370,874.0,no,-21.3
2026-01-11 06:00,0.4300,860.0,no,-16.8
2026-01-11 06:30,0.4070,814.0,no,-12.4
2026-01-11 07:00,0.4030,806.0,no,-8.2
2026-01-11 07:30,0.4580,916.0,no,-4.2
2026-01-11 08:00,0.4400,880.0,no,-0.4
2026-01-11 08:30,0.4230,846.0,no,3.1
2026-01-11 09:00,0.4120,824.0,yes,6.3
2026-01-11 09:30,0.4920,984.0,yes,9.1
2026-01-11 10:00,0.6430,1286.0,yes,11.4
2026-01-11 10:30,0.3700,740.0,yes,13.3
2026-01-11 11:00,0.3540,708.0,yes,14.7
2026-01-11 11:30,0.9910,1982.0,yes,15.5
2026-01-11 12:00,0.5080,1016.0,yes,15.7
2026-01-11 12:30,0.7820,1564.0,yes,15.4
2026-01-11 13:00,1.2040,2408.0,yes,14.4
2026-01-11 13:30,0.7620,1524.0,yes,13.0
2026-01-11 14:00,0.6170,1234.0,yes,11.0
2026-01-11 14:30,0.6100,1220.0,yes,8.6
2026-01-11 15:00,0.6510,1302.0,yes,5.7
2026-01-11 15:30,0.6290,1258.0,no,2.5
2026-01-11 16:00,0.6640,1328.0,no,-1.1
2026-01-11 16:30,0.5570,1114.0,no,-4.9
2026-01-11 17:00,0.4790,958.0,no,-9.0
2026-01-11 17:30,0.4790,958.0,no,-13.2
2026-01-11 18:00,0.7880,1576.0,no,-17.6
2026-01-11 18:30,0.8070,1614.0,no,-22.1
2026-01-11 19:00,0.5400,1080.0,no,-26.7
2026-01-11 19:30,0.5170,1034.0,no,-31.2
2026-01-11 20:00,0.5240,1048.0,no,-35.8
2026-01-11 20:30,0.5620,1124.0,no,-40.2
2026-01-11 21:00,0.5490,1098.0,no,-44.5
2026-01-11 21:30,0.5520,1104.0,no,-48.5
2026-01-11 22:00,0.7720,1544.0,no,-52.1
2026-01-11 22:30,0.5930,1186.0,no,-55.2
2026-01-11 23:00,0.4700,940.0,no,-57.6
2026-01-11 23:30,0.3750,750.0,no,-59.1
2026-01-12 00:00,0.3920,784.0,no,-59.3
2026-01-12 00:30,0.3980,796.0,no,-58.7
2026-01-12 01:00,0.3340,668.0,no,-57.1
2026-01-12 01:30,0.3460,692.0,no,-54.5
2026-01-12 02:00,0.3720,744.0,no,-51.3
2026-01-12 02:30,0.3580,716.0,no,-47.6
2026-01-12 03:00,0.3550,710.0,no,-43.6
2026-01-12 03:30,0.3320,664.0,no,-39.3
2026-01-12 04:00,0.3690,738.0,no,-34.8
2026-01-12 04:30,0.3710,742.0,no,-30.3
2026-01-12 05:00,0.3370,674.0,no,-25.7
2026-01-12 05:30,0.3700,740.0,no,-21.1
2026-01-12 06:00,0.3910,782.0,no,-16.7
2026-01-12 06:30,0.3610,722.0,no,-12.3
2026-01-12 07:00,0.3700,740.0,no,-8.1
2026-01-12 07:30,0.3820,764.0,no,-4.0
2026-01-12 08:00,0.4270,854.0,no,-0.2
2026-01-12 08:30,0.4600,920.0,no,3.3
2026-01-12 09:00,0.5170,1034.0,yes,6.4
2026-01-12 09:30,0.4970,994.0,yes,9.2
2026-01-12 10:00,1.0780,2156.0,yes,11.6
2026-01-12 10:30,1.0050,2010.0,yes,13.4
2026-01-12 11:00,0.5290,1058.0,yes,14.8
2026-01-12 11:30,0.6040,1208.0,yes,15.6
2026-01-12 12:00,0.1390,278.0,yes,15.8
2026-01-12 12:30,0.2240,448.0,yes,15.5
2026-01-12 13:00,0.1990,398.0,yes,14.6
2026-01-12 13:30,0.1820,364.0,yes,13.1
2026-01-12 14:00,0.1740,348.0,yes,11.2
2026-01-12 14:30,0.3350,670.0,yes,8.7
2026-01-12 15:00,0.3610,722.0,yes,5.9
2026-01-12 15:30,0.3730,746.0,no,2.6
2026-01-12 16:00,0.3560,712.0,no,-0.9
2026-01-12 16:30,0.3920,784.0,no,-4.8
2026-01-12 17:00,1.7510,3502.0,no,-8.8
2026-01-12 17:30,0.9510,1902.0,no,-13.1
2026-01-12 18:00,0.7060,1412.0,no,-17.5
2026-01-12 18:30,0.8490,1698.0,no,-22.0
2026-01-12 19:00,1.5950,3190.0,no,-26.5
2026-01-12 19:30,0.9310,1862.0,no,-31.1
2026-01-12 20:00,0.6830,1366.0,no,-35.7
2026-01-12 20:30,0.7870,1574.0,no,-40.1
2026-01-12 21:00,0.6330,1266.0,no,-44.4
2026-01-12 21:30,0.5830,1166.0,no,-48.4
2026-01-12 22:00,0.6300,1260.0,no,-52.0
2026-01-12 22:30,0.8470,1694.0,no,-55.1
2026-01-12 23:00,0.4830,966.0,no,-57.4
2026-01-12 23:30,0.3670,734.0,no,-58.9
2026-01-13 00:00,0.3700,740.0,no,-59.2
2026-01-13 00:30,0.3850,770.0,no,-58.6
2026-01-13 01:00,0.3360,672.0,no,-56.9
2026-01-13 01:30,0.3430,686.0,no,-54.4
2026-01-13 02:00,0.3840,768.0,no,-51.2
2026-01-13 02:30,0.3560,712.0,no,-47.5
2026-01-13 03:00,0.3420,684.0,no,-43.5
2026-01-13 03:30,0.3580,716.0,no,-39.2
2026-01-13 04:00,0.3740,748.0,no,-34.7
2026-01-13 04:30,0.3740,748.0,no,-30.2
2026-01-13 05:00,0.3630,726.0,no,-25.6
2026-01-13 05:30,0.3610,722.0,no,-21.0
2026-01-13 06:00,0.4040,808.0,no,-16.5
2026-01-13 06:30,0.3740,748.0,no,-12.2
2026-01-13 07:00,0.4000,800.0,no,-7.9
2026-01-13 07:30,0.4950,990.0,no,-3.9
2026-01-13 08:00,0.4590,918.0,no,-0.1
2026-01-13 08:30,0.8750,1750.0,no,3.4
2026-01-13 09:00,0.5350,1070.0,yes,6.6
2026-01-13 09:30,0.5570,1114.0,yes,9.4
2026-01-13 10:00,1.0180,2036.0,yes,11.7
2026-01-13 10:30,1.1000,2200.0,yes,13.6
2026-01-13 11:00,0.4990,998.0,yes,15.0
2026-01-13 11:30,0.3930,786.0,yes,15.8
2026-01-13 12:00,0.3620,724.0,yes,16.0
2026-01-13 12:30,0.3560,712.0,yes,15.7
2026-01-13 13:00,0.3660,732.0,yes,14.7
2026-01-13 13:30,0.4040,808.0,yes,13.3
2026-01-13 14:00,0.9650,1930.0,yes,11.3
2026-01-13 14:30,1.4250,2850.0,yes,8.9
2026-01-13 15:00,0.4410,882.0,yes,6.0
2026-01-13 15:30,0.4450,890.0,no,2.8
2026-01-13 16:00,0.5190,1038.0,no,-0.8
2026-01-13 16:30,0.6800,1360.0,no,-4.6
2026-01-13 17:00,0.6590,1318.0,no,-8.7
2026-01-13 17:30,0.6570,1314.0,no,-13.0
2026-01-13 18:00,0.5980,1196.0,no,-17.4
2026-01-13 18:30,0.7670,1534.0,no,-21.9
2026-01-13 19:00,1.0100,2020.0,no,-26.4
2026-01-13 19:30,1.1780,2356.0,no,-31.0
2026-01-13 20:00,0.5240,1048.0,no,-35.5
2026-01-13 20:30,0.4830,966.0,no,-40.0
2026-01-13 21:00,0.5120,1024.0,no,-44.2
2026-01-13 21:30,0.4940,988.0,no,-48.2
2026-01-13 22:00,0.5090,1018.0,no,-51.8
2026-01-13 22:30,0.4600,920.0,no,-54.9
2026-01-13 23:00,0.3370,674.0,no,-57.3
2026-01-13 23:30,0.3830,766.0,no,-58.8
2026-01-14 00:00,0.3690,738.0,no,-59.0
2026-01-14 00:30,0.3470,694.0,no,-58.4
2026-01-14 01:00,0.3480,696.0,no,-56.8
2026-01-14 01:30,0.3420,684.0,no,-54.2
2026-01-14 02:00,0.3790,758.0,no,-51.1
2026-01-14 02:30,0.3500,700.0,no,-47.4
2026-01-14 03:00,0.3280,656.0,no,-43.3
2026-01-14 03:30,0.3490,698.0,no,-39.0
2026-01-14 04:00,0.3580,716.0,no,-34.6
2026-01-14 04:30,0.3600,720.0,no,-30.0
2026-01-14 05:00,0.3500,700.0,no,-25.5
2026-01-14 05:30,0.3430,686.0,no,-20.9
2026-01-14 06:00,0.4240,848.0,no,-16.4
2026-01-14 06:30,0.4520,904.0,no,-12.0
2026-01-14 07:00,0.5770,1154.0,no,-7.8
2026-01-14 07:30,0.4040,808.0,no,-3.8
2026-01-14 08:00,0.3530,706.0,no,0.0
2026-01-14 08:30,0.1710,342.0,no,3.5
2026-01-14 09:00,0.0360,72.0,yes,6.7
2026-01-14 09:30,0.1840,368.0,yes,9.5
2026-01-14 10:00,0.1620,324.0,yes,11.9
2026-01-14 10:30,0.0000,0.0,yes,13.8
2026-01-14 11:00,0.0070,14.0,yes,15.1
2026-01-14 11:30,0.1190,238.0,yes,15.9
2026-01-14 12:00,0.0070,14.0,yes,16.2
2026-01-14 12:30,0.1530,306.0,yes,15.8
2026-01-14 13:00,0.1940,388.0,yes,14.9
2026-01-14 13:30,0.1720,344.0,yes,13.4
2026-01-14 14:00,0.1810,362.0,yes,11.5
2026-01-14 14:30,0.2620,524.0,yes,9.0
2026-01-14 15:00,0.3300,660.0,yes,6.1
2026-01-14 15:30,0.3400,680.0,no,2.9
2026-01-14 16:00,0.4920,984.0,no,-0.7
2026-01-14 16:30,0.7000,1400.0,no,-4.5
2026-01-14 17:00,0.6580,1316.0,no,-8.6
2026-01-14 17:30,0.6420,1284.0,no,-12.8
2026-01-14 18:00,0.7950,1590.0,no,-17.2
2026-01-14 18:30,0.6950,1390.0,no,-21.8
2026-01-14 19:00,1.3160,2632.0,no,-26.3
2026-01-14 19:30,1.7200,3440.0,no,-30.9
2026-01-14 20:00,1.3560,2712.0,no,-35.4
2026-01-14 20:30,1.5990,3198.0,no,-39.8
2026-01-14 21:00,0.6820,1364.0,no,-44.1
2026-01-14 21:30,0.7230,1446.0,no,-48.1
2026-01-14 22:00,0.6740,1348.0,no,-51.7
2026-01-14 22:30,0.5690,1138.0,no,-54.8
2026-01-14 23:00,0.4680,936.0,no,-57.1
2026-01-14 23:30,0.4020,804.0,no,-58.6
2026-01-15 00:00,0.4000,800.0,no,-58.9
2026-01-15 00:30,0.3630,726.0,no,-58.2
2026-01-15 01:00,0.3480,696.0,no,-56.6
2026-01-15 01:30,0.3850,770.0,no,-54.1
2026-01-15 02:00,0.3770,754.0,no,-50.9
2026-01-15 02:30,0.3600,720.0,no,-47.2
2026-01-15 03:00,0.3590,718.0,no,-43.2
2026-01-15 03:30,0.3490,698.0,no,-38.9
2026-01-15 04:00,0.3970,794.0,no,-34.4
2026-01-15 04:30,0.3720,744.0,no,-29.9
2026-01-15 05:00,0.3490,698.0,no,-25.3
2026-01-15 05:30,0.3850,770.0,no,-20.8
2026-01-15 06:00,0.4050,810.0,no,-16.3
2026-01-15 06:30,0.4510,902.0,no,-11.9
2026-01-15 07:00,0.4790,958.0,no,-7.7
2026-01-15 07:30,0.3930,786.0,no,-3.6
2026-01-15 08:00,0.4010,802.0,no,0.2
2026-01-15 08:30,0.3760,752.0,no,3.7
2026-01-15 09:00,0.3660,732.0,yes,6.9
2026-01-15 09:30,0.3710,742.0,yes,9.7
2026-01-15 10:00,0.3660,732.0,yes,12.0
2026-01-15 10:30,0.3800,760.0,yes,13.9
2026-01-15 11:00,0.3420,684.0,yes,15.3
2026-01-15 11:30,0.3360,672.0,yes,16.1
2026-01-15 12:00,0.3800,760.0,yes,16.3
2026-01-15 12:30,0.4660,932.0,yes,16.0
2026-01-15 13:00,0.3760,752.0,yes,15.1
2026-01-15 13:30,0.3610,722.0,yes,13.6
2026-01-15 14:00,0.4670,934.0,yes,11.6
2026-01-15 14:30,0.4360,872.0,yes,9.2
2026-01-15 15:00,0.3920,784.0,yes,6.3
2026-01-15 15:30,0.3670,734.0,no,3.0
2026-01-15 16:00,0.4420,884.0,no,-0.5
2026-01-15 16:30,0.4970,994.0,no,-4.4
2026-01-15 17:00,0.5300,1060.0,no,-8.5
2026-01-15 17:30,0.5540,1108.0,no,-12.7
2026-01-15 18:00,0.7330,1466.0,no,-17.1
2026-01-15 18:30,0.7040,1408.0,no,-21.6
2026-01-15 19:00,0.7550,1510.0,no,-26.2
2026-01-15 19:30,1.5540,3108.0,no,-30.8
2026-01-15 20:00,1.3780,2756.0,no,-35.3
2026-01-15 20:30,0.6900,1380.0,no,-39.7
2026-01-15 21:00,0.7810,1562.0,no,-44.0
2026-01-15 21:30,0.6490,1298.0,no,-48.0
2026-01-15 22:00,0.6440,1288.0,no,-51.6
2026-01-15 22:30,0.5890,1178.0,no,-54.6
2026-01-15 23:00,0.5160,1032.0,no,-57.0
2026-01-15 23:30,0.5380,1076.0,no,-58.4
2026-01-16 00:00,0.4960,992.0,no,-58.7
2026-01-16 00:30,0.4460,892.0,no,-58.1
2026-01-16 01:00,0.4970,994.0,no,-56.4
2026-01-16 01:30,0.4780,956.0,no,-53.9
2026-01-16 02:00,0.4500,900.0,no,-50.8
2026-01-16 02:30,0.4140,828.0,no,-47.1
2026-01-16 03:00,0.3620,724.0,no,-43.1
2026-01-16 03:30,0.3720,744.0,no,-38.8
2026-01-16 04:00,0.3300,660.0,no,-34.3
2026-01-16 04:30,0.3260,652.0,no,-29.8
2026-01-16 05:00,0.3880,776.0,no,-25.2
2026-01-16 05:30,0.3710,742.0,no,-20.6
2026-01-16 06:00,0.3740,748.0,no,-16.2
2026-01-16 06:30,0.4140,828.0,no,-11.8
2026-01-16 07:00,0.5620,1124.0,no,-7.5
2026-01-16 07:30,0.4340,868.0,no,-3.5
2026-01-16 08:00,0.3290,658.0,no,0.3
2026-01-16 08:30,0.3550,710.0,no,3.8
2026-01-16 09:00,0.3720,744.0,yes,7.0
2026-01-16 09:30,0.3330,666.0,yes,9.8
2026-01-16 10:00,0.2930,586.0,yes,12.2
2026-01-16 10:30,0.3810,762.0,yes,14.1
2026-01-16 11:00,0.3020,604.0,yes,15.5
2026-01-16 11:30,0.2730,546.0,yes,16.3
2026-01-16 12:00,0.1670,334.0,yes,16.5
2026-01-16 12:30,0.0350,70.0,yes,16.2
2026-01-16 13:00,0.0000,0.0,yes,15.2
2026-01-16 13:30,0.0920,184.0,yes,13.8
2026-01-16 14:00,0.1710,342.0,yes,11.8
2026-01-16 14:30,0.2830,566.0,yes,9.3
2026-01-16 15:00,0.3160,632.0,yes,6.5
2026-01-16 15:30,0.3720,744.0,no,3.2
2026-01-16 16:00,0.3990,798.0,no,-0.4
2026-01-16 16:30,0.5330,1066.0,no,-4.2
2026-01-16 17:00,0.5530,1106.0,no,-8.3
2026-01-16 17:30,0.7220,1444.0,no,-12.6
2026-01-16 18:00,1.9200,3840.0,no,-17.0
2026-01-16 18:30,1.9060,3812.0,no,-21.5
2026-01-16 19:00,1.9650,3930.0,no,-26.1
2026-01-16 19:30,1.1130,2226.0,no,-30.6
2026-01-16 20:00,1.2380,2476.0,no,-35.2
2026-01-16 20:30,1.1160,2232.0,no,-39.6
2026-01-16 21:00,0.7020,1404.0,no,-43.8
2026-01-16 21:30,0.7010,1402.0,no,-47.8
2026-01-16 22:00,0.6560,1312.0,no,-51.4
2026-01-16 22:30,0.6830,1366.0,no,-54.5
2026-01-16 23:00,0.6410,1282.0,no,-56.8
2026-01-16 23:30,0.5560,1112.0,no,-58.3
2026-01-17 00:00,0.4730,946.0,no,-58.5
2026-01-17 00:30,0.4430,886.0,no,-57.9
2026-01-17 01:00,0.3940,788.0,no,-56.3
2026-01-17 01:30,0.3910,782.0,no,-53.8
2026-01-17 02:00,0.3860,772.0,no,-50.6
2026-01-17 02:30,0.4240,848.0,no,-46.9
2026-01-17 03:00,0.3960,792.0,no,-42.9
2026-01-17 03:30,0.3760,752.0,no,-38.6
2026-01-17 04:00,0.3920,784.0,no,-34.2
2026-01-17 04:30,0.4030,806.0,no,-29.6
2026-01-17 05:00,0.4110,822.0,no,-25.1
2026-01-17 05:30,0.4020,804.0,no,-20.5
2026-01-17 06:00,0.3790,758.0,no,-16.0
2026-01-17 06:30,0.4160,832.0,no,-11.6
2026-01-17 07:00,0.4090,818.0,no,-7.4
2026-01-17 07:30,0.3740,748.0,no,-3.3
2026-01-17 08:00,0.3890,778.0,no,0.5
2026-01-17 08:30,0.4180,836.0,no,4.0
2026-01-17 09:00,0.5320,1064.0,yes,7.2
2026-01-17 09:30,0.5150,1030.0,yes,10.0
2026-01-17 10:00,0.3650,730.0,yes,12.4
2026-01-17 10:30,0.3960,792.0,yes,14.3
2026-01-17 11:00,0.3630,726.0,yes,15.6
2026-01-17 11:30,0.2530,506.0,yes,16.4
2026-01-17 12:00,0.4000,800.0,yes,16.7
2026-01-17 12:30,0.1640,328.0,yes,16.3
2026-01-17 13:00,0.3930,786.0,yes,15.4
2026-01-17 13:30,0.3720,744.0,yes,13.9
2026-01-17 14:00,0.3060,612.0,yes,12.0
2026-01-17 14:30,0.4840,968.0,yes,9.5
2026-01-17 15:00,0.4920,984.0,yes,6.6
2026-01-17 15:30,0.4930,986.0,no,3.4
2026-01-17 16:00,0.5730,1146.0,no,-0.2
2026-01-17 16:30,0.6570,1314.0,no,-4.1
2026-01-17 17:00,0.8610,1722.0,no,-8.2
2026-01-17 17:30,0.6800,1360.0,no,-12.4
2026-01-17 18:00,0.7470,1494.0,no,-16.8
2026-01-17 18:30,1.3890,2778.0,no,-21.4
2026-01-17 19:00,1.2940,2588.0,no,-25.9
2026-01-17 19:30,1.0310,2062.0,no,-30.5
2026-01-17 20:00,0.6640,1328.0,no,-35.0
2026-01-17 20:30,0.8350,1670.0,no,-39.4
2026-01-17 21:00,1.1300,2260.0,no,-43.7
2026-01-17 21:30,1.3170,2634.0,no,-47.7
2026-01-17 22:00,1.1360,2272.0,no,-51.2
2026-01-17 22:30,0.7080,1416.0,no,-54.3
2026-01-17 23:00,0.5980,1196.0,no,-56.6
2026-01-17 23:30,0.5070,1014.0,no,-58.1
2026-01-18 00:00,0.4590,918.0,no,-58.3
2026-01-18 00:30,0.3750,750.0,no,-57.7
2026-01-18 01:00,0.3580,716.0,no,-56.1
2026-01-18 01:30,0.3940,788.0,no,-53.6
2026-01-18 02:00,0.3870,774.0,no,-50.5
2026-01-18 02:30,0.3840,768.0,no,-46.8
2026-01-18 03:00,0.3600,720.0,no,-42.8
2026-01-18 03:30,0.3680,736.0,no,-38.5
2026-01-18 04:00,0.3910,782.0,no,-34.0
2026-01-18 04:30,0.3390,678.0,no,-29.5
2026-01-18 05:00,0.3270,654.0,no,-24.9
2026-01-18 05:30,0.3440,688.0,no,-20.4
2026-01-18 06:00,0.3510,702.0,no,-15.9
2026-01-18 06:30,0.3630,726.0,no,-11.5
2026-01-18 07:00,0.3620,724.0,no,-7.2
2026-01-18 07:30,0.4180,836.0,no,-3.2
2026-01-18 08:00,0.4900,980.0,no,0.6
2026-01-18 08:30,0.6040,1208.0,no,4.2
2026-01-18 09:00,0.3580,716.0,yes,7.4
2026-01-18 09:30,0.3110,622.0,yes,10.2
2026-01-18 10:00,0.2830,566.0,yes,12.5
2026-01-18 10:30,0.3410,682.0,yes,14.4
2026-01-18 11:00,0.2880,576.0,yes,15.8
2026-01-18 11:30,0.2850,570.0,yes,16.6
2026-01-18 12:00,0.3700,740.0,yes,16.9
2026-01-18 12:30,0.4200,840.0,yes,16.5
2026-01-18 13:00,0.7150,1430.0,yes,15.6
2026-01-18 13:30,0.4830,966.0,yes,14.1
2026-01-18 14:00,0.5890,1178.0,yes,12.1
2026-01-18 14:30,0.6030,1206.0,yes,9.7
2026-01-18 15:00,0.6370,1274.0,yes,6.8
2026-01-18 15:30,0.6990,1398.0,no,3.5
2026-01-18 16:00,0.5980,1196.0,no,-0.1
2026-01-18 16:30,1.3450,2690.0,no,-3.9
2026-01-18 17:00,1.1370,2274.0,no,-8.0
2026-01-18 17:30,0.6500,1300.0,no,-12.3
2026-01-18 18:00,1.3350,2670.0,no,-16.7
2026-01-18 18:30,1.4560,2912.0,no,-21.2
2026-01-18 19:00,0.8120,1624.0,no,-25.8
2026-01-18 19:30,0.6440,1288.0,no,-30.3
2026-01-18 20:00,0.7120,1424.0,no,-34.9
2026-01-18 20:30,0.6820,1364.0,no,-39.3
2026-01-18 21:00,0.6510,1302.0,no,-43.5
2026-01-18 21:30,0.6060,1212.0,no,-47.5
2026-01-18 22:00,0.5710,1142.0,no,-51.1
2026-01-18 22:30,0.5360,1072.0,no,-54.1
2026-01-18 23:00,0.5220,1044.0,no,-56.5
2026-01-18 23:30,0.4410,882.0,no,-57.9
2026-01-19 00:00,0.4030,806.0,no,-58.1
2026-01-19 00:30,0.4100,820.0,no,-57.5
2026-01-19 01:00,0.4050,810.0,no,-55.9
2026-01-19 01:30,0.4180,836.0,no,-53.4
2026-01-19 02:00,0.3730,746.0,no,-50.3
2026-01-19 02:30,0.3800,760.0,no,-46.6
2026-01-19 03:00,0.4230,846.0,no,-42.6
2026-01-19 03:30,0.3980,796.0,no,-38.3
2026-01-19 04:00,0.3890,778.0,no,-33.9
2026-01-19 04:30,0.3760,752.0,no,-29.4
2026-01-19 05:00,0.4050,810.0,no,-24.8
2026-01-19 05:30,0.4330,866.0,no,-20.2
2026-01-19 06:00,0.4310,862.0,no,-15.7
2026-01-19 06:30,0.4720,944.0,no,-11.3
2026-01-19 07:00,0.5660,1132.0,no,-7.1
2026-01-19 07:30,1.0140,2028.0,no,-3.0
2026-01-19 08:00,1.0440,2088.0,no,0.8
2026-01-19 08:30,0.4140,828.0,no,4.3
2026-01-19 09:00,0.4440,888.0,yes,7.5
2026-01-19 09:30,0.5020,1004.0,yes,10.3
2026-01-19 10:00,0.4560,912.0,yes,12.7
2026-01-19 10:30,0.4090,818.0,yes,14.6
2026-01-19 11:00,0.4660,932.0,yes,16.0
2026-01-19 11:30,0.4000,800.0,yes,16.8
2026-01-19 12:00,0.4670,934.0,yes,17.1
2026-01-19 12:30,0.3890,778.0,yes,16.7
2026-01-19 13:00,0.4260,852.0,yes,15.8
2026-01-19 13:30,0.5560,1112.0,yes,14.3
2026-01-19 14:00,0.5180,1036.0,yes,12.3
2026-01-19 14:30,0.5190,1038.0,yes,9.8
2026-01-19 15:00,0.4960,992.0,yes,7.0
2026-01-19 15:30,0.5420,1084.0,no,3.7
2026-01-19 16:00,0.6850,1370.0,no,0.1
2026-01-19 16:30,0.6360,1272.0,no,-3.8
2026-01-19 17:00,0.5720,1144.0,no,-7.9
2026-01-19 17:30,0.5540,1108.0,no,-12.1
2026-01-19 18:00,0.6690,1338.0,no,-16.6
2026-01-19 18:30,0.7310,1462.0,no,-21.1
2026-01-19 19:00,0.7450,1490.0,no,-25.6
2026-01-19 19:30,1.4460,2892.0,no,-30.2
2026-01-19 20:00,1.2060,2412.0,no,-34.7
2026-01-19 20:30,0.9120,1824.0,no,-39.1
2026-01-19 21:00,0.5910,1182.0,no,-43.4
2026-01-19 21:30,0.6080,1216.0,no,-47.3
2026-01-19 22:00,0.5970,1194.0,no,-50.9
2026-01-19 22:30,0.5630,1126.0,no,-53.9
2026-01-19 23:00,0.5910,1182.0,no,-56.3
2026-01-19 23:30,0.5740,1148.0,no,-57.7
2026-01-20 00:00,0.3910,782.0,no,-57.9
2026-01-20 00:30,0.3840,768.0,no,-57.3
2026-01-20 01:00,0.3760,752.0,no,-55.7
2026-01-20 01:30,0.3700,740.0,no,-53.2
2026-01-20 02:00,0.3590,718.0,no,-50.1
2026-01-20 02:30,0.3380,676.0,no,-46.5
2026-01-20 03:00,0.3820,764.0,no,-42.5
2026-01-20 03:30,0.3770,754.0,no,-38.2
2026-01-20 04:00,0.3480,696.0,no,-33.7
2026-01-20 04:30,0.3610,722.0,no,-29.2
2026-01-20 05:00,0.3570,714.0,no,-24.6
2026-01-20 05:30,0.3980,796.0,no,-20.1
2026-01-20 06:00,0.3760,752.0,no,-15.6
2026-01-20 06:30,0.3380,676.0,no,-11.2
2026-01-20 07:00,0.3730,746.0,no,-6.9
2026-01-20 07:30,0.5380,1076.0,no,-2.9
2026-01-20 08:00,0.4340,868.0,no,1.0
2026-01-20 08:30,0.5870,1174.0,no,4.5
2026-01-20 09:00,0.3460,692.0,yes,7.7
2026-01-20 09:30,0.5380,1076.0,yes,10.5
2026-01-20 10:00,0.1640,328.0,yes,12.9
2026-01-20 10:30,0.0420,84.0,yes,14.8
2026-01-20 11:00,1.8600,3720.0,yes,16.2
2026-01-20 11:30,0.7080,1416.0,yes,17.0
2026-01-20 12:00,0.4200,840.0,yes,17.3
2026-01-20 12:30,0.3720,744.0,yes,16.9
2026-01-20 13:00,0.2630,526.0,yes,16.0
2026-01-20 13:30,0.4860,972.0,yes,14.5
2026-01-20 14:00,1.4770,2954.0,yes,12.5
2026-01-20 14:30,0.6050,1210.0,yes,10.0
2026-01-20 15:00,0.5070,1014.0,yes,7.1
2026-01-20 15:30,0.4450,890.0,no,3.9
2026-01-20 16:00,0.4460,892.0,no,0.3
2026-01-20 16:30,0.3880,776.0,no,-3.6
2026-01-20 17:00,0.4610,922.0,no,-7.7
2026-01-20 17:30,0.5650,1130.0,no,-12.0
2026-01-20 18:00,0.5690,1138.0,no,-16.4
2026-01-20 18:30,0.6700,1340.0,no,-20.9
2026-01-20 19:00,0.6760,1352.0,no,-25.5
2026-01-20 19:30,0.7920,1584.0,no,-30.1
2026-01-20 20:00,0.7390,1478.0,no,-34.6
2026-01-20 20:30,0.5720,1144.0,no,-39.0
2026-01-20 21:00,0.6230,1246.0,no,-43.2
2026-01-20 21:30,0.6210,1242.0,no,-47.2
2026-01-20 22:00,1.0790,2158.0,no,-50.7
2026-01-20 22:30,1.1730,2346.0,no,-53.8
2026-01-20 23:00,0.3910,782.0,no,-56.1
2026-01-20 23:30,0.3280,656.0,no,-57.5
2026-01-21 00:00,0.3090,618.0,no,-57.7
2026-01-21 00:30,0.3270,654.0,no,-57.1
2026-01-21 01:00,0.3450,690.0,no,-55.5
2026-01-21 01:30,0.2940,588.0,no,-53.1
2026-01-21 02:00,0.3080,616.0,no,-49.9
2026-01-21 02:30,0.3280,656.0,no,-46.3
2026-01-21 03:00,0.3200,640.0,no,-42.3
2026-01-21 03:30,0.3270,654.0,no,-38.0
2026-01-21 04:00,0.2800,560.0,no,-33.6
2026-01-21 04:30,0.3200,640.0,no,-29.0
2026-01-21 05:00,0.3250,650.0,no,-24.5
2026-01-21 05:30,0.3030,606.0,no,-19.9
2026-01-21 06:00,0.3110,622.0,no,-15.4
2026-01-21 06:30,0.3170,634.0,no,-11.0
2026-01-21 07:00,0.3590,718.0,no,-6.8
2026-01-21 07:30,0.3940,788.0,no,-2.7
2026-01-21 08:00,0.3390,678.0,no,1.1
2026-01-21 08:30,0.5260,1052.0,no,4.7
2026-01-21 09:00,0.4020,804.0,yes,7.9
2026-01-21 09:30,0.3410,682.0,yes,10.7
2026-01-21 10:00,0.4010,802.0,yes,13.1
2026-01-21 10:30,0.5490,1098.0,yes,15.0
2026-01-21 11:00,0.3720,744.0,yes,16.4
2026-01-21 11:30,0.3400,680.0,yes,17.2
2026-01-21 12:00,0.3810,762.0,yes,17.5
2026-01-21 12:30,0.4150,830.0,yes,17.1
2026-01-21 13:00,0.4090,818.0,yes,16.2
2026-01-21 13:30,1.5850,3170.0,yes,14.7
2026-01-21 14:00,1.0980,2196.0,yes,12.7
2026-01-21 14:30,0.8460,1692.0,yes,10.2
2026-01-21 15:00,1.1200,2240.0,yes,7.3
2026-01-21 15:30,0.4720,944.0,no,4.0
2026-01-21 16:00,0.4300,860.0,no,0.4
2026-01-21 16:30,0.6160,1232.0,no,-3.4
2026-01-21 17:00,0.6090,1218.0,no,-7.5
2026-01-21 17:30,0.6860,1372.0,no,-11.8
2026-01-21 18:00,0.7830,1566.0,no,-16.2
2026-01-21 18:30,2.3660,4732.0,no,-20.8
2026-01-21 19:00,1.1110,2222.0,no,-25.3
2026-01-21 19:30,0.6800,1360.0,no,-29.9
2026-01-21 20:00,0.6360,1272.0,no,-34.4
2026-01-21 20:30,0.6160,1232.0,no,-38.8
2026-01-21 21:00,0.7370,1474.0,no,-43.1
2026-01-21 21:30,0.6250,1250.0,no,-47.0
2026-01-21 22:00,0.4840,968.0,no,-50.6
2026-01-21 22:30,0.3890,778.0,no,-53.6
2026-01-21 23:00,0.3800,760.0,no,-55.9
2026-01-21 23:30,0.3850,770.0,no,-57.3
2026-01-22 00:00,0.3450,690.0,no,-57.5
2026-01-22 00:30,0.3300,660.0,no,-56.9
2026-01-22 01:00,0.3820,764.0,no,-55.3
2026-01-22 01:30,0.3530,706.0,no,-52.9
2026-01-22 02:00,0.3330,666.0,no,-49.8
2026-01-22 02:30,0.3470,694.0,no,-46.1
2026-01-22 03:00,0.3600,720.0,no,-42.1
2026-01-22 03:30,0.3680,736.0,no,-37.9
2026-01-22 04:00,0.3250,650.0,no,-33.4
2026-01-22 04:30,0.3300,660.0,no,-28.9
2026-01-22 05:00,0.3820,764.0,no,-24.3
2026-01-22 05:30,0.3510,702.0,no,-19.8
2026-01-22 06:00,0.3840,768.0,no,-15.3
2026-01-22 06:30,0.4820,964.0,no,-10.8
2026-01-22 07:00,0.7110,1422.0,no,-6.6
2026-01-22 07:30,1.2660,2532.0,no,-2.5
2026-01-22 08:00,0.9000,1800.0,no,1.3
2026-01-22 08:30,0.4200,840.0,no,4.9
2026-01-22 09:00,0.3890,778.0,yes,8.1
2026-01-22 09:30,0.3760,752.0,yes,10.9
2026-01-22 10:00,0.4320,864.0,yes,13.3
2026-01-22 10:30,0.3740,748.0,yes,15.2
2026-01-22 11:00,0.4660,932.0,yes,16.6
2026-01-22 11:30,0.4000,800.0,yes,17.4
2026-01-22 12:00,0.3930,786.0,yes,17.7
2026-01-22 12:30,0.3930,786.0,yes,17.3
2026-01-22 13:00,0.4080,816.0,yes,16.4
2026-01-22 13:30,0.4610,922.0,yes,14.9
2026-01-22 14:00,0.4220,844.0,yes,12.9
2026-01-22 14:30,0.3690,738.0,yes,10.4
2026-01-22 15:00,0.4680,936.0,yes,7.5
2026-01-22 15:30,0.4760,952.0,no,4.2
2026-01-22 16:00,0.4770,954.0,no,0.6
2026-01-22 16:30,0.4920,984.0,no,-3.3
2026-01-22 17:00,0.6110,1222.0,no,-7.4
2026-01-22 17:30,0.5020,1004.0,no,-11.7
2026-01-22 18:00,0.4660,932.0,no,-16.1
2026-01-22 18:30,0.5960,1192.0,no,-20.6
2026-01-22 19:00,0.5930,1186.0,no,-25.2
2026-01-22 19:30,0.4890,978.0,no,-29.7
2026-01-22 20:00,0.4290,858.0,no,-34.3
2026-01-22 20:30,0.4320,864.0,no,-38.7
2026-01-22 21:00,0.4420,884.0,no,-42.9
2026-01-22 21:30,0.4470,894.0,no,-46.8
2026-01-22 22:00,0.4060,812.0,no,-50.4
2026-01-22 22:30,0.4910,982.0,no,-53.4
2026-01-22 23:00,0.5170,1034.0,no,-55.7
2026-01-22 23:30,0.4080,816.0,no,-57.1
2026-01-23 00:00,0.3840,768.0,no,-57.3
2026-01-23 00:30,0.3500,700.0,no,-56.7
2026-01-23 01:00,0.3670,734.0,no,-55.1
2026-01-23 01:30,0.3380,676.0,no,-52.7
2026-01-23 02:00,0.3200,640.0,no,-49.6
2026-01-23 02:30,0.3670,734.0,no,-45.9
2026-01-23 03:00,0.3510,702.0,no,-41.9
2026-01-23 03:30,0.3310,662.0,no,-37.7
2026-01-23 04:00,0.3430,686.0,no,-33.3
2026-01-23 04:30,0.3510,702.0,no,-28.7
2026-01-23 05:00,0.3870,774.0,no,-24.1
2026-01-23 05:30,0.3580,716.0,no,-19.6
2026-01-23 06:00,0.3760,752.0,no,-15.1
2026-01-23 06:30,0.4770,954.0,no,-10.7
2026-01-23 07:00,0.6530,1306.0,no,-6.4
2026-01-23 07:30,0.3740,748.0,no,-2.3
2026-01-23 08:00,0.3250,650.0,no,1.5
2026-01-23 08:30,0.3300,660.0,yes,5.0
2026-01-23 09:00,0.3440,688.0,yes,8.3
2026-01-23 09:30,0.2780,556.0,yes,11.1
2026-01-23 10:00,0.2990,598.0,yes,13.5
2026-01-23 10:30,0.3090,618.0,yes,15.4
2026-01-23 11:00,0.3710,742.0,yes,16.8
2026-01-23 11:30,0.3020,604.0,yes,17.6
2026-01-23 12:00,0.3100,620.0,yes,17.9
2026-01-23 12:30,0.2880,576.0,yes,17.5
2026-01-23 13:00,0.3600,720.0,yes,16.6
2026-01-23 13:30,0.3740,748.0,yes,15.1
2026-01-23 14:00,0.3080,616.0,yes,13.1
2026-01-23 14:30,0.3040,608.0,yes,10.6
2026-01-23 15:00,0.3500,700.0,yes,7.7
2026-01-23 15:30,0.3990,798.0,no,4.4
2026-01-23 16:00,0.4100,820.0,no,0.8
2026-01-23 16:30,0.5650,1130.0,no,-3.1
2026-01-23 17:00,0.6640,1328.0,no,-7.2
2026-01-23 17:30,0.6640,1328.0,no,-11.5
2026-01-23 18:00,0.6320,1264.0,no,-15.9
2026-01-23 18:30,0.6530,1306.0,no,-20.4
2026-01-23 19:00,0.6090,1218.0,no,-25.0
2026-01-23 19:30,0.7470,1494.0,no,-29.6
2026-01-23 20:00,0.5720,1144.0,no,-34.1
2026-01-23 20:30,0.5910,1182.0,no,-38.5
2026-01-23 21:00,0.6060,1212.0,no,-42.7
2026-01-23 21:30,0.6280,1256.0,no,-46.6
2026-01-23 22:00,0.6850,1370.0,no,-50.2
2026-01-23 22:30,0.6530,1306.0,no,-53.2
2026-01-23 23:00,0.6290,1258.0,no,-55.5
2026-01-23 23:30,0.6460,1292.0,no,-56.9
2026-01-24 00:00,0.5770,1154.0,no,-57.1
2026-01-24 00:30,0.4480,896.0,no,-56.5
2026-01-24 01:00,0.4200,840.0,no,-54.9
2026-01-24 01:30,0.4310,862.0,no,-52.5
2026-01-24 02:00,0.4460,892.0,no,-49.4
2026-01-24 02:30,0.4380,876.0,no,-45.8
2026-01-24 03:00,0.5010,1002.0,no,-41.8
2026-01-24 03:30,0.5590,1118.0,no,-37.5
2026-01-24 04:00,0.5230,1046.0,no,-33.1
2026-01-24 04:30,0.4780,956.0,no,-28.6
2026-01-24 05:00,0.4110,822.0,no,-24.0
2026-01-24 05:30,0.4660,932.0,no,-19.4
2026-01-24 06:00,0.4590,918.0,no,-14.9
2026-01-24 06:30,0.4420,884.0,no,-10.5
2026-01-24 07:00,0.4800,960.0,no,-6.2
2026-01-24 07:30,0.4410,882.0,no,-2.2
2026-01-24 08:00,0.3620,724.0,no,1.7
2026-01-24 08:30,0.2900,580.0,yes,5.2
2026-01-24 09:00,0.2830,566.0,yes,8.5
2026-01-24 09:30,0.0860,172.0,yes,11.3
2026-01-24 10:00,0.0250,50.0,yes,13.7
2026-01-24 10:30,0.0010,2.0,yes,15.6
2026-01-24 11:00,0.1100,220.0,yes,17.0
2026-01-24 11:30,0.0110,22.0,yes,17.9
2026-01-24 12:00,0.0410,82.0,yes,18.1
2026-01-24 12:30,0.0060,12.0,yes,17.8
2026-01-24 13:00,0.1650,330.0,yes,16.8
2026-01-24 13:30,0.0950,190.0,yes,15.3
2026-01-24 14:00,0.3220,644.0,yes,13.3
2026-01-24 14:30,0.4290,858.0,yes,10.8
2026-01-24 15:00,0.4970,994.0,yes,7.9
2026-01-24 15:30,0.6120,1224.0,no,4.6
2026-01-24 16:00,0.6420,1284.0,no,1.0
2026-01-24 16:30,0.9130,1826.0,no,-2.9
2026-01-24 17:00,0.8130,1626.0,no,-7.0
2026-01-24 17:30,0.8870,1774.0,no,-11.3
2026-01-24 18:00,0.8560,1712.0,no,-15.7
2026-01-24 18:30,1.2510,2502.0,no,-20.3
2026-01-24 19:00,0.7380,1476.0,no,-24.8
2026-01-24 19:30,0.7480,1496.0,no,-29.4
2026-01-24 20:00,0.7120,1424.0,no,-33.9
2026-01-24 20:30,0.7260,1452.0,no,-38.3
2026-01-24 21:00,0.7180,1436.0,no,-42.5
2026-01-24 21:30,0.6080,1216.0,no,-46.5
2026-01-24 22:00,0.6210,1242.0,no,-50.0
2026-01-24 22:30,0.5820,1164.0,no,-53.0
2026-01-24 23:00,0.5600,1120.0,no,-55.3
2026-01-24 23:30,0.5400,1080.0,no,-56.7
2026-01-25 00:00,0.5150,1030.0,no,-56.9
2026-01-25 00:30,0.5570,1114.0,no,-56.3
2026-01-25 01:00,0.5480,1096.0,no,-54.7
2026-01-25 01:30,0.4850,970.0,no,-52.3
2026-01-25 02:00,0.5040,1008.0,no,-49.2
2026-01-25 02:30,0.5260,1052.0,no,-45.6
2026-01-25 03:00,0.5390,1078.0,no,-41.6
2026-01-25 03:30,0.5070,1014.0,no,-37.3
2026-01-25 04:00,0.4820,964.0,no,-32.9
2026-01-25 04:30,0.5170,1034.0,no,-28.4
2026-01-25 05:00,0.4750,950.0,no,-23.8
2026-01-25 05:30,0.4070,814.0,no,-19.2
2026-01-25 06:00,0.3670,734.0,no,-14.7
2026-01-25 06:30,0.3660,732.0,no,-10.3
2026-01-25 07:00,0.3750,750.0,no,-6.1
2026-01-25 07:30,0.3670,734.0,no,-2.0
2026-01-25 08:00,0.3460,692.0,no,1.9
2026-01-25 08:30,0.4100,820.0,yes,5.4
2026-01-25 09:00,0.4820,964.0,yes,8.7
2026-01-25 09:30,0.3470,694.0,yes,11.5
2026-01-25 10:00,0.5160,1032.0,yes,13.9
2026-01-25 10:30,0.9490,1898.0,yes,15.9
2026-01-25 11:00,1.0690,2138.0,yes,17.3
2026-01-25 11:30,0.3930,786.0,yes,18.1
2026-01-25 12:00,0.4500,900.0,yes,18.3
2026-01-25 12:30,0.5030,1006.0,yes,18.0
2026-01-25 13:00,0.5250,1050.0,yes,17.0
2026-01-25 13:30,0.6100,1220.0,yes,15.5
2026-01-25 14:00,0.5240,1048.0,yes,13.5
2026-01-25 14:30,0.3880,776.0,yes,11.0
2026-01-25 15:00,0.4920,984.0,yes,8.1
2026-01-25 15:30,0.4710,942.0,no,4.8
2026-01-25 16:00,0.5440,1088.0,no,1.2
2026-01-25 16:30,0.8850,1770.0,no,-2.7
2026-01-25 17:00,0.8060,1612.0,no,-6.8
2026-01-25 17:30,0.7960,1592.0,no,-11.1
2026-01-25 18:00,0.6270,1254.0,no,-15.6
2026-01-25 18:30,0.5410,1082.0,no,-20.1
2026-01-25 19:00,0.7220,1444.0,no,-24.7
2026-01-25 19:30,0.5150,1030.0,no,-29.2
2026-01-25 20:00,1.2640,2528.0,no,-33.7
2026-01-25 20:30,0.9380,1876.0,no,-38.1
2026-01-25 21:00,0.7060,1412.0,no,-42.3
2026-01-25 21:30,0.6380,1276.0,no,-46.3
2026-01-25 22:00,0.5130,1026.0,no,-49.8
2026-01-25 22:30,0.4960,992.0,no,-52.8
2026-01-25 23:00,0.3940,788.0,no,-55.0
2026-01-25 23:30,0.2900,580.0,no,-56.4
2026-01-26 00:00,0.3350,670.0,no,-56.6
2026-01-26 00:30,0.3160,632.0,no,-56.0
2026-01-26 01:00,0.2940,588.0,no,-54.5
2026-01-26 01:30,0.2800,560.0,no,-52.0
2026-01-26 02:00,0.2960,592.0,no,-49.0
2026-01-26 02:30,0.3210,642.0,no,-45.4
2026-01-26 03:00,0.2670,534.0,no,-41.4
2026-01-26 03:30,0.2720,544.0,no,-37.1
2026-01-26 04:00,0.3150,630.0,no,-32.7
2026-01-26 04:30,0.2970,594.0,no,-28.2
2026-01-26 05:00,0.2910,582.0,no,-23.6
2026-01-26 05:30,0.2910,582.0,no,-19.1
2026-01-26 06:00,0.3390,678.0,no,-14.6
2026-01-26 06:30,0.4360,872.0,no,-10.1
2026-01-26 07:00,0.5960,1192.0,no,-5.9
2026-01-26 07:30,0.3900,780.0,no,-1.8
2026-01-26 08:00,0.3450,690.0,no,2.1
2026-01-26 08:30,0.3080,616.0,yes,5.6
2026-01-26 09:00,0.2960,592.0,yes,8.9
2026-01-26 09:30,0.2680,536.0,yes,11.7
2026-01-26 10:00,0.3120,624.0,yes,14.2
2026-01-26 10:30,0.3640,728.0,yes,16.1
2026-01-26 11:00,0.3270,654.0,yes,17.5
2026-01-26 11:30,0.3420,684.0,yes,18.3
2026-01-26 12:00,0.3620,724.0,yes,18.6
2026-01-26 12:30,0.4030,806.0,yes,18.2
2026-01-26 13:00,0.3470,694.0,yes,17.3
2026-01-26 13:30,0.3100,620.0,yes,15.8
2026-01-26 14:00,0.2910,582.0,yes,13.7
2026-01-26 14:30,0.2440,488.0,yes,11.2
2026-01-26 15:00,0.2770,554.0,yes,8.3
2026-01-26 15:30,0.2980,596.0,yes,5.0
2026-01-26 16:00,0.3000,600.0,no,1.4
2026-01-26 16:30,0.3970,794.0,no,-2.5
2026-01-26 17:00,0.5590,1118.0,no,-6.7
2026-01-26 17:30,0.7030,1406.0,no,-11.0
2026-01-26 18:00,1.0060,2012.0,no,-15.4
2026-01-26 18:30,1.6620,3324.0,no,-19.9
2026-01-26 19:00,1.1070,2214.0,no,-24.5
2026-01-26 19:30,1.2090,2418.0,no,-29.0
2026-01-26 20:00,1.3420,2684.0,no,-33.6
2026-01-26 20:30,0.9180,1836.0,no,-38.0
2026-01-26 21:00,0.7430,1486.0,no,-42.2
2026-01-26 21:30,0.7780,1556.0,no,-46.1
2026-01-26 22:00,0.7180,1436.0,no,-49.6
2026-01-26 22:30,0.5140,1028.0,no,-52.6
2026-01-26 23:00,0.4860,972.0,no,-54.8
2026-01-26 23:30,0.4710,942.0,no,-56.2
2026-01-27 00:00,0.4240,848.0,no,-56.4
2026-01-27 00:30,0.4480,896.0,no,-55.8
2026-01-27 01:00,0.4280,856.0,no,-54.2
2026-01-27 01:30,0.3530,706.0,no,-51.8
2026-01-27 02:00,0.3330,666.0,no,-48.8
2026-01-27 02:30,0.3330,666.0,no,-45.2
2026-01-27 03:00,0.3650,730.0,no,-41.2
2026-01-27 03:30,0.3300,660.0,no,-37.0
2026-01-27 04:00,0.3160,632.0,no,-32.5
2026-01-27 04:30,0.3580,716.0,no,-28.0
2026-01-27 05:00,0.3530,706.0,no,-23.4
2026-01-27 05:30,0.3480,696.0,no,-18.9
2026-01-27 06:00,0.3700,740.0,no,-14.4
2026-01-27 06:30,0.4620,924.0,no,-10.0
2026-01-27 07:00,0.5590,1118.0,no,-5.7
2026-01-27 07:30,0.9480,1896.0,no,-1.6
2026-01-27 08:00,0.4490,898.0,no,2.3
2026-01-27 08:30,0.4910,982.0,yes,5.9
2026-01-27 09:00,0.4030,806.0,yes,9.1
2026-01-27 09:30,0.4910,982.0,yes,12.0
2026-01-27 10:00,0.4820,964.0,yes,14.4
2026-01-27 10:30,0.4940,988.0,yes,16.3
2026-01-27 11:00,0.5020,1004.0,yes,17.7
2026-01-27 11:30,0.8880,1776.0,yes,18.6
2026-01-27 12:00,0.9950,1990.0,yes,18.8
2026-01-27 12:30,0.4470,894.0,yes,18.5
2026-01-27 13:00,0.4440,888.0,yes,17.5
2026-01-27 13:30,0.4850,970.0,yes,16.0
2026-01-27 14:00,0.3750,750.0,yes,14.0
2026-01-27 14:30,0.3200,640.0,yes,11.5
2026-01-27 15:00,0.3720,744.0,yes,8.5
2026-01-27 15:30,0.3390,678.0,yes,5.2
2026-01-27 16:00,0.3610,722.0,no,1.6
2026-01-27 16:30,0.3480,696.0,no,-2.3
2026-01-27 17:00,0.4090,818.0,no,-6.5
2026-01-27 17:30,0.4250,850.0,no,-10.8
2026-01-27 18:00,0.9260,1852.0,no,-15.2
2026-01-27 18:30,0.7090,1418.0,no,-19.7
2026-01-27 19:00,0.9030,1806.0,no,-24.3
2026-01-27 19:30,1.9650,3930.0,no,-28.9
2026-01-27 20:00,1.0880,2176.0,no,-33.4
2026-01-27 20:30,0.6670,1334.0,no,-37.8
2026-01-27 21:00,0.5400,1080.0,no,-42.0
2026-01-27 21:30,0.5550,1110.0,no,-45.9
2026-01-27 22:00,0.5620,1124.0,no,-49.4
2026-01-27 22:30,0.5440,1088.0,no,-52.3
2026-01-27 23:00,1.0010,2002.0,no,-54.6
2026-01-27 23:30,0.5980,1196.0,no,-56.0
2026-01-28 00:00,0.5240,1048.0,no,-56.1
2026-01-28 00:30,0.4750,950.0,no,-55.5
2026-01-28 01:00,0.4870,974.0,no,-54.0
2026-01-28 01:30,0.4770,954.0,no,-51.6
2026-01-28 02:00,0.4480,896.0,no,-48.5
2026-01-28 02:30,0.4550,910.0,no,-45.0
2026-01-28 03:00,0.4630,926.0,no,-41.0
2026-01-28 03:30,0.4790,958.0,no,-36.8
2026-01-28 04:00,0.4520,904.0,no,-32.4
2026-01-28 04:30,0.4340,868.0,no,-27.8
2026-01-28 05:00,0.4890,978.0,no,-23.3
2026-01-28 05:30,0.4860,972.0,no,-18.7
2026-01-28 06:00,0.4590,918.0,no,-14.2
2026-01-28 06:30,0.4790,958.0,no,-9.8
2026-01-28 07:00,0.4940,988.0,no,-5.5
2026-01-28 07:30,0.5630,1126.0,no,-1.4
2026-01-28 08:00,0.5770,1154.0,no,2.5
2026-01-28 08:30,0.4230,846.0,yes,6.1
2026-01-28 09:00,0.0940,188.0,yes,9.3
2026-01-28 09:30,0.5640,1128.0,yes,12.2
2026-01-28 10:00,0.0950,190.0,yes,14.6
2026-01-28 10:30,0.5180,1036.0,yes,16.6
2026-01-28 11:00,0.7060,1412.0,yes,18.0
2026-01-28 11:30,0.1920,384.0,yes,18.8
2026-01-28 12:00,0.1620,324.0,yes,19.0
2026-01-28 12:30,0.2730,546.0,yes,18.7
2026-01-28 13:00,0.0370,74.0,yes,17.7
2026-01-28 13:30,0.1110,222.0,yes,16.2
2026-01-28 14:00,0.1790,358.0,yes,14.2
2026-01-28 14:30,0.2700,540.0,yes,11.7
2026-01-28 15:00,0.3620,724.0,yes,8.7
2026-01-28 15:30,0.4360,872.0,yes,5.4
2026-01-28 16:00,0.4650,930.0,no,1.8
2026-01-28 16:30,0.4520,904.0,no,-2.1
2026-01-28 17:00,1.0810,2162.0,no,-6.3
2026-01-28 17:30,0.9480,1896.0,no,-10.6
2026-01-28 18:00,0.6370,1274.0,no,-15.0
2026-01-28 18:30,1.2950,2590.0,no,-19.5
2026-01-28 19:00,1.4190,2838.0,no,-24.1
2026-01-28 19:30,0.8330,1666.0,no,-28.7
2026-01-28 20:00,1.1840,2368.0,no,-33.2
2026-01-28 20:30,0.7740,1548.0,no,-37.6
2026-01-28 21:00,0.7420,1484.0,no,-41.8
2026-01-28 21:30,0.6910,1382.0,no,-45.7
2026-01-28 22:00,0.6790,1358.0,no,-49.2
2026-01-28 22:30,0.5080,1016.0,no,-52.1
2026-01-28 23:00,0.3950,790.0,no,-54.3
2026-01-28 23:30,0.4110,822.0,no,-55.7
2026-01-29 00:00,0.3560,712.0,no,-55.9
2026-01-29 00:30,0.3900,780.0,no,-55.3
2026-01-29 01:00,0.3820,764.0,no,-53.7
2026-01-29 01:30,0.3790,758.0,no,-51.4
2026-01-29 02:00,0.3620,724.0,no,-48.3
2026-01-29 02:30,0.3660,732.0,no,-44.7
2026-01-29 03:00,0.4130,826.0,no,-40.8
2026-01-29 03:30,0.3670,734.0,no,-36.6
2026-01-29 04:00,0.3370,674.0,no,-32.2
2026-01-29 04:30,0.3590,718.0,no,-27.6
2026-01-29 05:00,0.3690,738.0,no,-23.1
2026-01-29 05:30,0.3840,768.0,no,-18.5
2026-01-29 06:00,0.4010,802.0,no,-14.0
2026-01-29 06:30,0.4440,888.0,no,-9.6
2026-01-29 07:00,0.5220,1044.0,no,-5.3
2026-01-29 07:30,0.4020,804.0,no,-1.2
2026-01-29 08:00,0.4270,854.0,no,2.7
2026-01-29 08:30,0.4360,872.0,yes,6.3
2026-01-29 09:00,0.4320,864.0,yes,9.5
2026-01-29 09:30,0.4000,800.0,yes,12.4
2026-01-29 10:00,0.3530,706.0,yes,14.9
2026-01-29 10:30,0.3580,716.0,yes,16.8
2026-01-29 11:00,0.3300,660.0,yes,18.2
2026-01-29 11:30,0.2270,454.0,yes,19.1
2026-01-29 12:00,0.4000,800.0,yes,19.3
2026-01-29 12:30,0.2780,556.0,yes,18.9
2026-01-29 13:00,0.3890,778.0,yes,18.0
2026-01-29 13:30,0.3220,644.0,yes,16.5
2026-01-29 14:00,0.3630,726.0,yes,14.4
2026-01-29 14:30,0.3710,742.0,yes,11.9
2026-01-29 15:00,0.3250,650.0,yes,9.0
2026-01-29 15:30,0.3560,712.0,yes,5.6
2026-01-29 16:00,0.4000,800.0,no,2.0
2026-01-29 16:30,0.4220,844.0,no,-1.9
2026-01-29 17:00,0.6420,1284.0,no,-6.1
2026-01-29 17:30,0.7250,1450.0,no,-10.4
2026-01-29 18:00,0.6880,1376.0,no,-14.8
2026-01-29 18:30,0.7010,1402.0,no,-19.4
2026-01-29 19:00,0.6860,1372.0,no,-23.9
2026-01-29 19:30,1.3800,2760.0,no,-28.5
2026-01-29 20:00,1.2450,2490.0,no,-33.0
2026-01-29 20:30,0.9710,1942.0,no,-37.4
2026-01-29 21:00,0.6170,1234.0,no,-41.6
2026-01-29 21:30,0.5480,1096.0,no,-45.4
2026-01-29 22:00,0.5050,1010.0,no,-48.9
2026-01-29 22:30,0.4900,980.0,no,-51.9
2026-01-29 23:00,0.4130,826.0,no,-54.1
2026-01-29 23:30,0.3620,724.0,no,-55.5
2026-01-30 00:00,0.3630,726.0,no,-55.6
2026-01-30 00:30,0.4080,816.0,no,-55.0
2026-01-30 01:00,0.3670,734.0,no,-53.5
2026-01-30 01:30,0.3540,708.0,no,-51.1
2026-01-30 02:00,0.3760,752.0,no,-48.1
2026-01-30 02:30,0.3840,768.0,no,-44.5
2026-01-30 03:00,0.3870,774.0,no,-40.6
2026-01-30 03:30,0.3500,700.0,no,-36.4
2026-01-30 04:00,0.3570,714.0,no,-32.0
2026-01-30 04:30,0.4040,808.0,no,-27.4
2026-01-30 05:00,0.3850,770.0,no,-22.9
2026-01-30 05:30,0.3920,784.0,no,-18.3
2026-01-30 06:00,0.4100,820.0,no,-13.8
2026-01-30 06:30,0.4470,894.0,no,-9.4
2026-01-30 07:00,0.5880,1176.0,no,-5.1
2026-01-30 07:30,0.4400,880.0,no,-1.0
2026-01-30 08:00,0.4350,870.0,no,2.9
2026-01-30 08:30,0.4420,884.0,yes,6.5
2026-01-30 09:00,0.3970,794.0,yes,9.8
2026-01-30 09:30,0.4150,830.0,yes,12.7
2026-01-30 10:00,0.4040,808.0,yes,15.1
2026-01-30 10:30,0.4400,880.0,yes,17.1
2026-01-30 11:00,0.4440,888.0,yes,18.5
2026-01-30 11:30,0.3690,738.0,yes,19.3
2026-01-30 12:00,0.4970,994.0,yes,19.6
2026-01-30 12:30,0.4410,882.0,yes,19.2
2026-01-30 13:00,0.2800,560.0,yes,18.2
2026-01-30 13:30,0.1520,304.0,yes,16.7
2026-01-30 14:00,0.1870,374.0,yes,14.7
2026-01-30 14:30,0.2940,588.0,yes,12.2
2026-01-30 15:00,0.2570,514.0,yes,9.2
2026-01-30 15:30,0.3210,642.0,yes,5.9
2026-01-30 16:00,0.4700,940.0,no,2.2
2026-01-30 16:30,0.4280,856.0,no,-1.7
2026-01-30 17:00,0.4630,926.0,no,-5.9
2026-01-30 17:30,0.6020,1204.0,no,-10.2
2026-01-30 18:00,1.7590,3518.0,no,-14.6
2026-01-30 18:30,1.3110,2622.0,no,-19.2
2026-01-30 19:00,0.6840,1368.0,no,-23.7
2026-01-30 19:30,0.8320,1664.0,no,-28.3
2026-01-30 20:00,0.8720,1744.0,no,-32.8
2026-01-30 20:30,0.6970,1394.0,no,-37.2
2026-01-30 21:00,0.7360,1472.0,no,-41.3
2026-01-30 21:30,0.7260,1452.0,no,-45.2
2026-01-30 22:00,0.7090,1418.0,no,-48.7
2026-01-30 22:30,0.6560,1312.0,no,-51.6
2026-01-30 23:00,0.6820,1364.0,no,-53.9
2026-01-30 23:30,0.6960,1392.0,no,-55.2
2026-01-31 00:00,0.6080,1216.0,no,-55.4
2026-01-31 00:30,0.6290,1258.0,no,-54.8
2026-01-31 01:00,0.5810,1162.0,no,-53.3
2026-01-31 01:30,0.5180,1036.0,no,-50.9
2026-01-31 02:00,0.5250,1050.0,no,-47.9
2026-01-31 02:30,0.5270,1054.0,no,-44.3
2026-01-31 03:00,0.5740,1148.0,no,-40.4
2026-01-31 03:30,0.5260,1052.0,no,-36.2
2026-01-31 04:00,0.4900,980.0,no,-31.8
2026-01-31 04:30,0.5000,1000.0,no,-27.2
2026-01-31 05:00,0.4610,922.0,no,-22.7
2026-01-31 05:30,0.4320,864.0,no,-18.1
2026-01-31 06:00,0.4270,854.0,no,-13.6
2026-01-31 06:30,0.4160,832.0,no,-9.2
2026-01-31 07:00,0.4220,844.0,no,-4.9
2026-01-31 07:30,0.3730,746.0,no,-0.7
2026-01-31 08:00,0.3690,738.0,no,3.1
2026-01-31 08:30,0.3010,602.0,yes,6.7
2026-01-31 09:00,0.6450,1290.0,yes,10.0
2026-01-31 09:30,0.5310,1062.0,yes,12.9
2026-01-31 10:00,0.2810,562.0,yes,15.3
2026-01-31 10:30,0.2530,506.0,yes,17.3
2026-01-31 11:00,0.2280,456.0,yes,18.7
2026-01-31 11:30,0.0500,100.0,yes,19.6
2026-01-31 12:00,0.0280,56.0,yes,19.8
2026-01-31 12:30,0.1610,322.0,yes,19.5
2026-01-31 13:00,0.3040,608.0,yes,18.5
2026-01-31 13:30,0.1880,376.0,yes,17.0
2026-01-31 14:00,0.6160,1232.0,yes,14.9
2026-01-31 14:30,0.7670,1534.0,yes,12.4
2026-01-31 15:00,0.6930,1386.0,yes,9.4
2026-01-31 15:30,0.7840,1568.0,yes,6.1
2026-01-31 16:00,0.6880,1376.0,no,2.4
2026-01-31 16:30,1.2290,2458.0,no,-1.5
2026-01-31 17:00,1.3240,2648.0,no,-5.7
2026-01-31 17:30,0.7150,1430.0,no,-10.0
2026-01-31 18:00,0.6650,1330.0,no,-14.4
2026-01-31 18:30,0.6250,1250.0,no,-19.0
2026-01-31 19:00,1.0600,2120.0,no,-23.5
2026-01-31 19:30,0.8830,1766.0,no,-28.1
2026-01-31 20:00,0.7660,1532.0,no,-32.6
2026-01-31 20:30,0.7100,1420.0,no,-37.0
2026-01-31 21:00,0.7490,1498.0,no,-41.1
2026-01-31 21:30,0.7170,1434.0,no,-45.0
2026-01-31 22:00,0.6400,1280.0,no,-48.5
2026-01-31 22:30,0.6360,1272.0,no,-51.4
2026-01-31 23:00,0.6540,1308.0,no,-53.6
2026-01-31 23:30,0.5190,1038.0,no,-55.0
2026-02-01 00:00,0.4020,804.0,no,-55.1
2026-02-01 00:30,0.5100,1020.0,no,-54.5
2026-02-01 01:00,0.4710,942.0,no,-53.0
2026-02-01 01:30,0.3980,796.0,no,-50.6
2026-02-01 02:00,0.3920,784.0,no,-47.6
2026-02-01 02:30,0.3940,788.0,no,-44.1
2026-02-01 03:00,0.4180,836.0,no,-40.2
2026-02-01 03:30,0.3960,792.0,no,-35.9
2026-02-01 04:00,0.3720,744.0,no,-31.5
2026-02-01 04:30,0.4010,802.0,no,-27.0
2026-02-01 05:00,0.4050,810.0,no,-22.5
2026-02-01 05:30,0.4080,816.0,no,-17.9
2026-02-01 06:00,0.3740,748.0,no,-13.4
2026-02-01 06:30,0.3680,736.0,no,-8.9
2026-02-01 07:00,0.4220,844.0,no,-4.6
2026-02-01 07:30,0.4030,806.0,no,-0.5
2026-02-01 08:00,0.4020,804.0,no,3.4
2026-02-01 08:30,0.3880,776.0,yes,7.0
2026-02-01 09:00,0.4970,994.0,yes,10.3
2026-02-01 09:30,0.5020,1004.0,yes,13.1
2026-02-01 10:00,0.4200,840.0,yes,15.6
2026-02-01 10:30,0.4950,990.0,yes,17.6
2026-02-01 11:00,1.6960,3392.0,yes,19.0
2026-02-01 11:30,0.6690,1338.0,yes,19.8
2026-02-01 12:00,0.8260,1652.0,yes,20.1
2026-02-01 12:30,0.3980,796.0,yes,19.7
2026-02-01 13:00,0.4780,956.0,yes,18.8
2026-02-01 13:30,0.5170,1034.0,yes,17.2
2026-02-01 14:00,0.4930,986.0,yes,15.2
2026-02-01 14:30,0.4860,972.0,yes,12.6
2026-02-01 15:00,0.5020,1004.0,yes,9.7
2026-02-01 15:30,0.5320,1064.0,yes,6.3
2026-02-01 16:00,1.0150,2030.0,no,2.7
2026-02-01 16:30,1.4610,2922.0,no,-1.3
2026-02-01 17:00,2.0130,4026.0,no,-5.4
2026-02-01 17:30,1.5090,3018.0,no,-9.8
2026-02-01 18:00,1.7500,3500.0,no,-14.2
2026-02-01 18:30,0.8240,1648.0,no,-18.8
2026-02-01 19:00,1.2060,2412.0,no,-23.3
2026-02-01 19:30,1.2230,2446.0,no,-27.9
2026-02-01 20:00,0.6500,1300.0,no,-32.4
2026-02-01 20:30,0.6850,1370.0,no,-36.7
2026-02-01 21:00,0.6660,1332.0,no,-40.9
2026-02-01 21:30,0.6620,1324.0,no,-44.8
2026-02-01 22:00,0.6660,1332.0,no,-48.2
2026-02-01 22:30,0.6900,1380.0,no,-51.1
2026-02-01 23:00,0.6420,1284.0,no,-53.3
2026-02-01 23:30,0.7720,1544.0,no,-54.7
2026-02-02 00:00,0.6670,1334.0,no,-54.8
2026-02-02 00:30,0.6120,1224.0,no,-54.3
2026-02-02 01:00,0.6020,1204.0,no,-52.7
2026-02-02 01:30,0.5870,1174.0,no,-50.4
2026-02-02 02:00,0.6150,1230.0,no,-47.4
2026-02-02 02:30,0.6220,1244.0,no,-43.9
2026-02-02 03:00,0.5760,1152.0,no,-39.9
2026-02-02 03:30,0.6110,1222.0,no,-35.7
2026-02-02 04:00,0.6010,1202.0,no,-31.3
2026-02-02 04:30,0.5950,1190.0,no,-26.8
2026-02-02 05:00,0.5950,1190.0,no,-22.3
2026-02-02 05:30,0.5990,1198.0,no,-17.7
2026-02-02 06:00,0.6320,1264.0,no,-13.2
2026-02-02 06:30,0.5990,1198.0,no,-8.7
2026-02-02 07:00,0.5880,1176.0,no,-4.4
2026-02-02 07:30,0.6170,1234.0,no,-0.3
2026-02-02 08:00,0.5060,1012.0,no,3.6
2026-02-02 08:30,0.5370,1074.0,yes,7.2
2026-02-02 09:00,0.4020,804.0,yes,10.5
2026-02-02 09:30,0.4080,816.0,yes,13.4
2026-02-02 10:00,0.6400,1280.0,yes,15.9
2026-02-02 10:30,1.1370,2274.0,yes,17.8
2026-02-02 11:00,1.0580,2116.0,yes,19.3
2026-02-02 11:30,0.5630,1126.0,yes,20.1
2026-02-02 12:00,0.5130,1026.0,yes,20.4
2026-02-02 12:30,0.5700,1140.0,yes,20.0
2026-02-02 13:00,0.4590,918.0,yes,19.0
2026-02-02 13:30,0.8730,1746.0,yes,17.5
2026-02-02 14:00,1.2500,2500.0,yes,15.4
2026-02-02 14:30,0.6250,1250.0,yes,12.9
2026-02-02 15:00,0.6680,1336.0,yes,9.9
2026-02-02 15:30,0.5840,1168.0,yes,6.6
2026-02-02 16:00,0.5720,1144.0,no,2.9
2026-02-02 16:30,0.9240,1848.0,no,-1.1
2026-02-02 17:00,0.8150,1630.0,no,-5.2
2026-02-02 17:30,0.7800,1560.0,no,-9.5
2026-02-02 18:00,1.2910,2582.0,no,-14.0
2026-02-02 18:30,1.3450,2690.0,no,-18.5
2026-02-02 19:00,1.7850,3570.0,no,-23.1
2026-02-02 19:30,1.8910,3782.0,no,-27.7
2026-02-02 20:00,1.3770,2754.0,no,-32.2
2026-02-02 20:30,1.0790,2158.0,no,-36.5
2026-02-02 21:00,0.8530,1706.0,no,-40.7
2026-02-02 21:30,0.8400,1680.0,no,-44.5
2026-02-02 22:00,0.9300,1860.0,no,-48.0
2026-02-02 22:30,0.9460,1892.0,no,-50.9
2026-02-02 23:00,0.9080,1816.0,no,-53.1
2026-02-02 23:30,0.8290,1658.0,no,-54.4
2026-02-03 00:00,0.7120,1424.0,no,-54.6
2026-02-03 00:30,0.6510,1302.0,no,-54.0
2026-02-03 01:00,0.6010,1202.0,no,-52.5
2026-02-03 01:30,0.4780,956.0,no,-50.1
2026-02-03 02:00,0.4940,988.0,no,-47.1
2026-02-03 02:30,0.5000,1000.0,no,-43.6
2026-02-03 03:00,0.4870,974.0,no,-39.7
2026-02-03 03:30,0.4750,950.0,no,-35.5
2026-02-03 04:00,0.4800,960.0,no,-31.1
2026-02-03 04:30,0.5120,1024.0,no,-26.6
2026-02-03 05:00,0.4790,958.0,no,-22.0
2026-02-03 05:30,0.4800,960.0,no,-17.5
2026-02-03 06:00,0.5090,1018.0,no,-13.0
2026-02-03 06:30,0.4960,992.0,no,-8.5
2026-02-03 07:00,0.4960,992.0,no,-4.2
2026-02-03 07:30,0.5330,1066.0,no,-0.1
2026-02-03 08:00,0.5580,1116.0,no,3.8
2026-02-03 08:30,0.5470,1094.0,yes,7.4
2026-02-03 09:00,0.4890,978.0,yes,10.7
2026-02-03 09:30,0.5360,1072.0,yes,13.7
2026-02-03 10:00,1.4070,2814.0,yes,16.1
2026-02-03 10:30,0.8450,1690.0,yes,18.1
2026-02-03 11:00,0.6240,1248.0,yes,19.5
2026-02-03 11:30,3.4750,6950.0,yes,20.4
2026-02-03 12:00,0.9530,1906.0,yes,20.6
2026-02-03 12:30,0.5980,1196.0,yes,20.3
2026-02-03 13:00,0.6060,1212.0,yes,19.3
2026-02-03 13:30,0.6560,1312.0,yes,17.8
2026-02-03 14:00,0.6560,1312.0,yes,15.7
2026-02-03 14:30,1.2960,2592.0,yes,13.1
2026-02-03 15:00,0.8560,1712.0,yes,10.2
2026-02-03 15:30,0.5900,1180.0,yes,6.8
2026-02-03 16:00,0.5190,1038.0,no,3.1
2026-02-03 16:30,0.6450,1290.0,no,-0.8
2026-02-03 17:00,0.8000,1600.0,no,-5.0
2026-02-03 17:30,0.8100,1620.0,no,-9.3
2026-02-03 18:00,0.7370,1474.0,no,-13.8
2026-02-03 18:30,0.8470,1694.0,no,-18.3
2026-02-03 19:00,1.7360,3472.0,no,-22.9
2026-02-03 19:30,1.5840,3168.0,no,-27.5
2026-02-03 20:00,0.7110,1422.0,no,-32.0
2026-02-03 20:30,0.6700,1340.0,no,-36.3
2026-02-03 21:00,0.6610,1322.0,no,-40.5
2026-02-03 21:30,0.6510,1302.0,no,-44.3
2026-02-03 22:00,0.6610,1322.0,no,-47.7
2026-02-03 22:30,0.5170,1034.0,no,-50.6
2026-02-03 23:00,0.4280,856.0,no,-52.8
2026-02-03 23:30,0.4770,954.0,no,-54.2
2026-02-04 00:00,0.5220,1044.0,no,-54.3
2026-02-04 00:30,0.5420,1084.0,no,-53.7
2026-02-04 01:00,0.5050,1010.0,no,-52.2
2026-02-04 01:30,0.5030,1006.0,no,-49.9
2026-02-04 02:00,0.5420,1084.0,no,-46.9
2026-02-04 02:30,0.5300,1060.0,no,-43.4
2026-02-04 03:00,0.5170,1034.0,no,-39.5
2026-02-04 03:30,0.4980,996.0,no,-35.3
2026-02-04 04:00,0.5300,1060.0,no,-30.9
2026-02-04 04:30,0.5440,1088.0,no,-26.4
2026-02-04 05:00,0.5040,1008.0,no,-21.8
2026-02-04 05:30,0.5310,1062.0,no,-17.3
2026-02-04 06:00,0.5630,1126.0,no,-12.7
2026-02-04 06:30,0.5810,1162.0,no,-8.3
2026-02-04 07:00,0.7890,1578.0,no,-4.0
2026-02-04 07:30,0.6490,1298.0,no,0.2
2026-02-04 08:00,0.6080,1216.0,no,4.1
2026-02-04 08:30,0.5570,1114.0,yes,7.7
2026-02-04 09:00,0.5260,1052.0,yes,11.0
2026-02-04 09:30,0.6040,1208.0,yes,13.9
2026-02-04 10:00,0.4430,886.0,yes,16.4
2026-02-04 10:30,0.4050,810.0,yes,18.4
2026-02-04 11:00,0.6040,1208.0,yes,19.8
2026-02-04 11:30,0.4550,910.0,yes,20.7
2026-02-04 12:00,0.4150,830.0,yes,20.9
2026-02-04 12:30,0.3710,742.0,yes,20.5
2026-02-04 13:00,0.3770,754.0,yes,19.6
2026-02-04 13:30,0.3350,670.0,yes,18.0
2026-02-04 14:00,0.3660,732.0,yes,16.0
2026-02-04 14:30,0.4430,886.0,yes,13.4
2026-02-04 15:00,0.3580,716.0,yes,10.4
2026-02-04 15:30,0.5200,1040.0,yes,7.0
2026-02-04 16:00,0.6250,1250.0,no,3.4
2026-02-04 16:30,0.7000,1400.0,no,-0.6
2026-02-04 17:00,0.8060,1612.0,no,-4.8
2026-02-04 17:30,0.8260,1652.0,no,-9.1
2026-02-04 18:00,1.0860,2172.0,no,-13.6
2026-02-04 18:30,0.8360,1672.0,no,-18.1
2026-02-04 19:00,1.2000,2400.0,no,-22.7
2026-02-04 19:30,1.5820,3164.0,no,-27.2
2026-02-04 20:00,1.0280,2056.0,no,-31.7
2026-02-04 20:30,1.3310,2662.0,no,-36.1
2026-02-04 21:00,1.4390,2878.0,no,-40.2
2026-02-04 21:30,0.7520,1504.0,no,-44.1
2026-02-04 22:00,0.8010,1602.0,no,-47.5
2026-02-04 22:30,0.6980,1396.0,no,-50.4
2026-02-04 23:00,0.5790,1158.0,no,-52.5
2026-02-04 23:30,0.4750,950.0,no,-53.9
2026-02-05 00:00,0.4750,950.0,no,-54.0
2026-02-05 00:30,0.4800,960.0,no,-53.4
2026-02-05 01:00,0.4650,930.0,no,-51.9
2026-02-05 01:30,0.4460,892.0,no,-49.6
2026-02-05 02:00,0.4950,990.0,no,-46.6
2026-02-05 02:30,0.4660,932.0,no,-43.1
2026-02-05 03:00,0.4430,886.0,no,-39.2
2026-02-05 03:30,0.4670,934.0,no,-35.1
2026-02-05 04:00,0.4710,942.0,no,-30.7
2026-02-05 04:30,0.3460,692.0,no,-26.2
2026-02-05 05:00,0.3090,618.0,no,-21.6
2026-02-05 05:30,0.3190,638.0,no,-17.0
2026-02-05 06:00,0.3780,756.0,no,-12.5
2026-02-05 06:30,0.3770,754.0,no,-8.1
2026-02-05 07:00,0.5540,1108.0,no,-3.7
2026-02-05 07:30,0.4670,934.0,no,0.4
2026-02-05 08:00,0.4020,804.0,no,4.3
2026-02-05 08:30,0.3490,698.0,yes,7.9
2026-02-05 09:00,0.3060,612.0,yes,11.3
2026-02-05 09:30,0.3740,748.0,yes,14.2
2026-02-05 10:00,0.3910,782.0,yes,16.7
2026-02-05 10:30,0.4720,944.0,yes,18.6
2026-02-05 11:00,0.4900,980.0,yes,20.1
2026-02-05 11:30,0.5110,1022.0,yes,20.9
2026-02-05 12:00,0.5010,1002.0,yes,21.2
2026-02-05 12:30,0.4930,986.0,yes,20.8
2026-02-05 13:00,0.5200,1040.0,yes,19.9
2026-02-05 13:30,0.6290,1258.0,yes,18.3
2026-02-05 14:00,1.3600,2720.0,yes,16.2
2026-02-05 14:30,0.7730,1546.0,yes,13.7
2026-02-05 15:00,0.7330,1466.0,yes,10.7
2026-02-05 15:30,0.6670,1334.0,yes,7.3
2026-02-05 16:00,0.6860,1372.0,no,3.6
2026-02-05 16:30,0.7580,1516.0,no,-0.4
2026-02-05 17:00,0.6940,1388.0,no,-4.5
2026-02-05 17:30,0.7790,1558.0,no,-8.9
2026-02-05 18:00,0.7430,1486.0,no,-13.3
2026-02-05 18:30,0.9430,1886.0,no,-17.9
2026-02-05 19:00,0.8000,1600.0,no,-22.5
2026-02-05 19:30,0.6570,1314.0,no,-27.0
2026-02-05 20:00,0.6700,1340.0,no,-31.5
2026-02-05 20:30,0.6280,1256.0,no,-35.9
2026-02-05 21:00,0.6440,1288.0,no,-40.0
2026-02-05 21:30,0.6670,1334.0,no,-43.8
2026-02-05 22:00,0.6430,1286.0,no,-47.2
2026-02-05 22:30,0.6220,1244.0,no,-50.1
2026-02-05 23:00,0.6030,1206.0,no,-52.3
2026-02-05 23:30,0.4950,990.0,no,-53.6
2026-02-06 00:00,0.4450,890.0,no,-53.7
2026-02-06 00:30,0.4480,896.0,no,-53.1
2026-02-06 01:00,0.5320,1064.0,no,-51.6
2026-02-06 01:30,0.5370,1074.0,no,-49.3
2026-02-06 02:00,0.5150,1030.0,no,-46.4
2026-02-06 02:30,0.4970,994.0,no,-42.9
2026-02-06 03:00,0.5110,1022.0,no,-39.0
2026-02-06 03:30,0.5130,1026.0,no,-34.8
2026-02-06 04:00,0.4710,942.0,no,-30.4
2026-02-06 04:30,0.5060,1012.0,no,-25.9
2026-02-06 05:00,0.5210,1042.0,no,-21.4
2026-02-06 05:30,0.5130,1026.0,no,-16.8
2026-02-06 06:00,0.5770,1154.0,no,-12.3
2026-02-06 06:30,0.5460,1092.0,no,-7.8
2026-02-06 07:00,0.6830,1366.0,no,-3.5
2026-02-06 07:30,0.6080,1216.0,no,0.6
2026-02-06 08:00,0.5340,1068.0,no,4.6
2026-02-06 08:30,0.5850,1170.0,yes,8.2
2026-02-06 09:00,0.5470,1094.0,yes,11.5
2026-02-06 09:30,0.5220,1044.0,yes,14.4
2026-02-06 10:00,0.5210,1042.0,yes,16.9
2026-02-06 10:30,0.5380,1076.0,yes,18.9
2026-02-06 11:00,0.5300,1060.0,yes,20.4
2026-02-06 11:30,0.5030,1006.0,yes,21.2
2026-02-06 12:00,0.5890,1178.0,yes,21.5
2026-02-06 12:30,0.5180,1036.0,yes,21.1
2026-02-06 13:00,0.4830,966.0,yes,20.1
2026-02-06 13:30,0.5470,1094.0,yes,18.6
2026-02-06 14:00,0.5210,1042.0,yes,16.5
2026-02-06 14:30,0.5150,1030.0,yes,13.9
2026-02-06 15:00,0.4820,964.0,yes,10.9
2026-02-06 15:30,0.5710,1142.0,yes,7.5
2026-02-06 16:00,0.6220,1244.0,no,3.8
2026-02-06 16:30,0.6370,1274.0,no,-0.1
2026-02-06 17:00,0.6890,1378.0,no,-4.3
2026-02-06 17:30,0.7590,1518.0,no,-8.7
2026-02-06 18:00,0.8600,1720.0,no,-13.1
2026-02-06 18:30,0.9710,1942.0,no,-17.7
2026-02-06 19:00,0.9260,1852.0,no,-22.2
2026-02-06 19:30,0.7920,1584.0,no,-26.8
2026-02-06 20:00,0.7400,1480.0,no,-31.3
2026-02-06 20:30,0.8380,1676.0,no,-35.6
2026-02-06 21:00,0.8880,1776.0,no,-39.7
2026-02-06 21:30,0.8210,1642.0,no,-43.6
2026-02-06 22:00,0.8540,1708.0,no,-47.0
2026-02-06 22:30,0.8680,1736.0,no,-49.8
2026-02-06 23:00,0.8460,1692.0,no,-52.0
2026-02-06 23:30,0.8430,1686.0,no,-53.3
2026-02-07 00:00,0.6970,1394.0,no,-53.4
2026-02-07 00:30,0.6220,1244.0,no,-52.8
2026-02-07 01:00,0.6350,1270.0,no,-51.4
2026-02-07 01:30,0.6100,1220.0,no,-49.1
2026-02-07 02:00,0.5860,1172.0,no,-46.1
2026-02-07 02:30,0.5800,1160.0,no,-42.6
2026-02-07 03:00,0.5790,1158.0,no,-38.8
2026-02-07 03:30,0.5290,1058.0,no,-34.6
2026-02-07 04:00,0.5000,1000.0,no,-30.2
2026-02-07 04:30,0.5570,1114.0,no,-25.7
2026-02-07 05:00,0.5350,1070.0,no,-21.2
2026-02-07 05:30,0.5190,1038.0,no,-16.6
2026-02-07 06:00,0.5330,1066.0,no,-12.0
2026-02-07 06:30,0.5310,1062.0,no,-7.6
2026-02-07 07:00,0.5500,1100.0,no,-3.3
2026-02-07 07:30,0.5150,1030.0,no,0.9
2026-02-07 08:00,0.4760,952.0,no,4.8
2026-02-07 08:30,0.4770,954.0,yes,8.5
2026-02-07 09:00,0.4550,910.0,yes,11.8
2026-02-07 09:30,0.7910,1582.0,yes,14.7
2026-02-07 10:00,0.4520,904.0,yes,17.2
2026-02-07 10:30,0.5110,1022.0,yes,19.2
2026-02-07 11:00,1.4930,2986.0,yes,20.7
2026-02-07 11:30,0.9890,1978.0,yes,21.5
2026-02-07 12:00,1.0460,2092.0,yes,21.8
2026-02-07 12:30,0.4800,960.0,yes,21.4
2026-02-07 13:00,0.5550,1110.0,yes,20.4
2026-02-07 13:30,0.5170,1034.0,yes,18.9
2026-02-07 14:00,0.4390,878.0,yes,16.8
2026-02-07 14:30,0.6810,1362.0,yes,14.2
2026-02-07 15:00,1.4400,2880.0,yes,11.2
2026-02-07 15:30,0.6420,1284.0,yes,7.8
2026-02-07 16:00,0.9360,1872.0,no,4.1
2026-02-07 16:30,2.0140,4028.0,no,0.1
2026-02-07 17:00,0.8480,1696.0,no,-4.1
2026-02-07 17:30,0.7290,1458.0,no,-8.4
2026-02-07 18:00,0.7990,1598.0,no,-12.9
2026-02-07 18:30,1.2580,2516.0,no,-17.4
2026-02-07 19:00,0.8210,1642.0,no,-22.0
2026-02-07 19:30,1.1710,2342.0,no,-26.6
2026-02-07 20:00,0.8850,1770.0,no,-31.0
2026-02-07 20:30,0.6970,1394.0,no,-35.4
2026-02-07 21:00,0.7530,1506.0,no,-39.5
2026-02-07 21:30,0.7840,1568.0,no,-43.3
2026-02-07 22:00,0.7560,1512.0,no,-46.7
2026-02-07 22:30,0.8000,1600.0,no,-49.6
2026-02-07 23:00,0.8380,1676.0,no,-51.7
2026-02-07 23:30,0.7670,1534.0,no,-53.0
2026-02-08 00:00,0.6480,1296.0,no,-53.1
2026-02-08 00:30,0.6530,1306.0,no,-52.5
2026-02-08 01:00,0.6500,1300.0,no,-51.1
2026-02-08 01:30,0.6360,1272.0,no,-48.8
2026-02-08 02:00,0.6420,1284.0,no,-45.8
2026-02-08 02:30,0.6430,1286.0,no,-42.4
2026-02-08 03:00,0.6470,1294.0,no,-38.5
2026-02-08 03:30,0.5720,1144.0,no,-34.3
2026-02-08 04:00,0.6050,1210.0,no,-30.0
2026-02-08 04:30,0.6170,1234.0,no,-25.5
2026-02-08 05:00,0.5820,1164.0,no,-20.9
2026-02-08 05:30,0.5870,1174.0,no,-16.4
2026-02-08 06:00,0.6080,1216.0,no,-11.8
2026-02-08 06:30,0.5740,1148.0,no,-7.4
2026-02-08 07:00,0.5780,1156.0,no,-3.0
2026-02-08 07:30,0.5920,1184.0,no,1.1
2026-02-08 08:00,0.6340,1268.0,yes,5.1
2026-02-08 08:30,0.7080,1416.0,yes,8.7
2026-02-08 09:00,0.4960,992.0,yes,12.1
2026-02-08 09:30,0.5240,1048.0,yes,15.0
2026-02-08 10:00,0.5070,1014.0,yes,17.5
2026-02-08 10:30,0.5030,1006.0,yes,19.5
2026-02-08 11:00,0.4890,978.0,yes,21.0
2026-02-08 11:30,0.5800,1160.0,yes,21.8
2026-02-08 12:00,0.2620,524.0,yes,22.1
2026-02-08 12:30,0.3550,710.0,yes,21.7
2026-02-08 13:00,0.4280,856.0,yes,20.7
2026-02-08 13:30,0.4690,938.0,yes,19.2
2026-02-08 14:00,0.4430,886.0,yes,17.1
2026-02-08 14:30,0.5660,1132.0,yes,14.5
2026-02-08 15:00,0.7660,1532.0,yes,11.5
2026-02-08 15:30,0.7630,1526.0,yes,8.1
2026-02-08 16:00,0.7630,1526.0,no,4.3
2026-02-08 16:30,0.7700,1540.0,no,0.4
2026-02-08 17:00,0.8570,1714.0,no,-3.8
2026-02-08 17:30,0.8880,1776.0,no,-8.2
2026-02-08 18:00,1.4150,2830.0,no,-12.7
2026-02-08 18:30,1.4580,2916.0,no,-17.2
2026-02-08 19:00,1.0900,2180.0,no,-21.8
2026-02-08 19:30,1.4380,2876.0,no,-26.3
2026-02-08 20:00,1.4260,2852.0,no,-30.8
2026-02-08 20:30,0.8210,1642.0,no,-35.1
2026-02-08 21:00,0.9080,1816.0,no,-39.2
2026-02-08 21:30,0.8010,1602.0,no,-43.1
2026-02-08 22:00,0.7660,1532.0,no,-46.4
2026-02-08 22:30,0.7290,1458.0,no,-49.3
2026-02-08 23:00,0.7150,1430.0,no,-51.4
2026-02-08 23:30,0.6120,1224.0,no,-52.7
2026-02-09 00:00,0.5910,1182.0,no,-52.8
2026-02-09 00:30,0.6480,1296.0,no,-52.2
2026-02-09 01:00,0.6340,1268.0,no,-50.8
2026-02-09 01:30,0.6070,1214.0,no,-48.5
2026-02-09 02:00,0.5500,1100.0,no,-45.6
2026-02-09 02:30,0.5870,1174.0,no,-42.1
2026-02-09 03:00,0.6030,1206.0,no,-38.2
2026-02-09 03:30,0.5420,1084.0,no,-34.1
2026-02-09 04:00,0.5740,1148.0,no,-29.7
2026-02-09 04:30,0.5660,1132.0,no,-25.2
2026-02-09 05:00,0.5870,1174.0,no,-20.7
2026-02-09 05:30,0.6040,1208.0,no,-16.1
2026-02-09 06:00,0.6210,1242.0,no,-11.6
2026-02-09 06:30,0.7150,1430.0,no,-7.1
2026-02-09 07:00,0.8970,1794.0,no,-2.8
2026-02-09 07:30,0.6180,1236.0,no,1.4
2026-02-09 08:00,0.5290,1058.0,yes,5.3
2026-02-09 08:30,0.4610,922.0,yes,9.0
2026-02-09 09:00,0.4920,984.0,yes,12.3
2026-02-09 09:30,0.5380,1076.0,yes,15.3
2026-02-09 10:00,0.3920,784.0,yes,17.8
2026-02-09 10:30,0.3970,794.0,yes,19.8
2026-02-09 11:00,0.3890,778.0,yes,21.3
2026-02-09 11:30,0.2610,522.0,yes,22.1
2026-02-09 12:00,0.4410,882.0,yes,22.4
2026-02-09 12:30,0.2800,560.0,yes,22.0
2026-02-09 13:00,0.3370,674.0,yes,21.0
2026-02-09 13:30,0.3220,644.0,yes,19.5
2026-02-09 14:00,0.4560,912.0,yes,17.4
2026-02-09 14:30,0.5610,1122.0,yes,14.8
2026-02-09 15:00,0.4340,868.0,yes,11.7
2026-02-09 15:30,0.5760,1152.0,yes,8.3
2026-02-09 16:00,0.6700,1340.0,no,4.6
2026-02-09 16:30,0.6950,1390.0,no,0.6
2026-02-09 17:00,0.6270,1254.0,no,-3.6
2026-02-09 17:30,0.7640,1528.0,no,-7.9
2026-02-09 18:00,0.9430,1886.0,no,-12.4
2026-02-09 18:30,0.8450,1690.0,no,-17.0
2026-02-09 19:00,1.0170,2034.0,no,-21.5
2026-02-09 19:30,1.3690,2738.0,no,-26.1
2026-02-09 20:00,1.4080,2816.0,no,-30.6
2026-02-09 20:30,0.7790,1558.0,no,-34.9
2026-02-09 21:00,0.7070,1414.0,no,-39.0
2026-02-09 21:30,0.6810,1362.0,no,-42.8
2026-02-09 22:00,0.6770,1354.0,no,-46.2
2026-02-09 22:30,0.6390,1278.0,no,-49.0
2026-02-09 23:00,0.6970,1394.0,no,-51.1
2026-02-09 23:30,0.6090,1218.0,no,-52.4
2026-02-10 00:00,0.6150,1230.0,no,-52.5
2026-02-10 00:30,0.5870,1174.0,no,-51.9
2026-02-10 01:00,0.4390,878.0,no,-50.5
2026-02-10 01:30,0.4550,910.0,no,-48.2
2026-02-10 02:00,0.4410,882.0,no,-45.3
2026-02-10 02:30,0.4190,838.0,no,-41.8
2026-02-10 03:00,0.4210,842.0,no,-38.0
2026-02-10 03:30,0.4140,828.0,no,-33.8
2026-02-10 04:00,0.4510,902.0,no,-29.5
2026-02-10 04:30,0.4190,838.0,no,-25.0
2026-02-10 05:00,0.4220,844.0,no,-20.4
2026-02-10 05:30,0.4550,910.0,no,-15.9
2026-02-10 06:00,0.4570,914.0,no,-11.3
2026-02-10 06:30,0.4560,912.0,no,-6.9
2026-02-10 07:00,0.4450,890.0,no,-2.5
2026-02-10 07:30,0.4670,934.0,no,1.6
2026-02-10 08:00,0.4750,950.0,yes,5.6
2026-02-10 08:30,0.4890,978.0,yes,9.3
2026-02-10 09:00,0.3820,764.0,yes,12.6
2026-02-10 09:30,0.3810,762.0,yes,15.6
2026-02-10 10:00,0.3590,718.0,yes,18.1
2026-02-10 10:30,0.3250,650.0,yes,20.1
2026-02-10 11:00,0.4230,846.0,yes,21.6
2026-02-10 11:30,0.4480,896.0,yes,22.4
2026-02-10 12:00,0.4500,900.0,yes,22.7
2026-02-10 12:30,0.4810,962.0,yes,22.3
2026-02-10 13:00,1.2920,2584.0,yes,21.3
2026-02-10 13:30,1.0990,2198.0,yes,19.8
2026-02-10 14:00,0.4630,926.0,yes,17.7
2026-02-10 14:30,1.1130,2226.0,yes,15.0
2026-02-10 15:00,0.5460,1092.0,yes,12.0
2026-02-10 15:30,0.4020,804.0,yes,8.6
2026-02-10 16:00,0.3970,794.0,no,4.9
2026-02-10 16:30,0.5920,1184.0,no,0.9
2026-02-10 17:00,0.4550,910.0,no,-3.3
2026-02-10 17:30,0.4520,904.0,no,-7.7
2026-02-10 18:00,0.5590,1118.0,no,-12.2
2026-02-10 18:30,0.5980,1196.0,no,-16.7
2026-02-10 19:00,0.9370,1874.0,no,-21.3
2026-02-10 19:30,0.5990,1198.0,no,-25.8
2026-02-10 20:00,0.5420,1084.0,no,-30.3
2026-02-10 20:30,0.5330,1066.0,no,-34.6
2026-02-10 21:00,0.5280,1056.0,no,-38.7
2026-02-10 21:30,0.6590,1318.0,no,-42.5
2026-02-10 22:00,0.7050,1410.0,no,-45.9
2026-02-10 22:30,0.6890,1378.0,no,-48.7
2026-02-10 23:00,0.6780,1356.0,no,-50.8
2026-02-10 23:30,0.7010,1402.0,no,-52.1
2026-02-11 00:00,0.7260,1452.0,no,-52.2
2026-02-11 00:30,0.6590,1318.0,no,-51.6
2026-02-11 01:00,0.4780,956.0,no,-50.2
2026-02-11 01:30,0.4600,920.0,no,-47.9
2026-02-11 02:00,0.3600,720.0,no,-45.0
2026-02-11 02:30,0.3100,620.0,no,-41.6
2026-02-11 03:00,0.2960,592.0,no,-37.7
2026-02-11 03:30,0.3430,686.0,no,-33.6
2026-02-11 04:00,0.3070,614.0,no,-29.2
2026-02-11 04:30,0.2940,588.0,no,-24.8
2026-02-11 05:00,0.3090,618.0,no,-20.2
2026-02-11 05:30,0.3400,680.0,no,-15.6
2026-02-11 06:00,0.3390,678.0,no,-11.1
2026-02-11 06:30,0.2940,588.0,no,-6.6
2026-02-11 07:00,0.3040,608.0,no,-2.3
2026-02-11 07:30,0.3580,716.0,no,1.9
2026-02-11 08:00,0.3530,706.0,yes,5.9
2026-02-11 08:30,0.3810,762.0,yes,9.5
2026-02-11 09:00,0.2980,596.0,yes,12.9
2026-02-11 09:30,0.3700,740.0,yes,15.9
2026-02-11 10:00,0.4230,846.0,yes,18.4
2026-02-11 10:30,0.2600,520.0,yes,20.4
2026-02-11 11:00,0.2810,562.0,yes,21.9
2026-02-11 11:30,0.7300,1460.0,yes,22.8
2026-02-11 12:00,0.9310,1862.0,yes,23.0
2026-02-11 12:30,0.4950,990.0,yes,22.6
2026-02-11 13:00,1.0970,2194.0,yes,21.6
2026-02-11 13:30,0.5520,1104.0,yes,20.1
2026-02-11 14:00,0.9910,1982.0,yes,17.9
2026-02-11 14:30,0.4840,968.0,yes,15.3
2026-02-11 15:00,1.2080,2416.0,yes,12.3
2026-02-11 15:30,0.3800,760.0,yes,8.9
2026-02-11 16:00,0.4890,978.0,yes,5.1
2026-02-11 16:30,0.4590,918.0,no,1.1
2026-02-11 17:00,0.8370,1674.0,no,-3.1
2026-02-11 17:30,0.6100,1220.0,no,-7.4
2026-02-11 18:00,0.7110,1422.0,no,-11.9
2026-02-11 18:30,0.6970,1394.0,no,-16.5
2026-02-11 19:00,1.0510,2102.0,no,-21.1
2026-02-11 19:30,1.1250,2250.0,no,-25.6
2026-02-11 20:00,1.2060,2412.0,no,-30.1
2026-02-11 20:30,2.0640,4128.0,no,-34.4
2026-02-11 21:00,1.3610,2722.0,no,-38.5
2026-02-11 21:30,1.0150,2030.0,no,-42.2
2026-02-11 22:00,0.6370,1274.0,no,-45.6
2026-02-11 22:30,0.6040,1208.0,no,-48.4
2026-02-11 23:00,0.5370,1074.0,no,-50.5
2026-02-11 23:30,0.4770,954.0,no,-51.8
2026-02-12 00:00,0.4820,964.0,no,-51.9
2026-02-12 00:30,0.4220,844.0,no,-51.3
2026-02-12 01:00,0.4060,812.0,no,-49.9
2026-02-12 01:30,0.3960,792.0,no,-47.6
2026-02-12 02:00,0.3580,716.0,no,-44.7
2026-02-12 02:30,0.3560,712.0,no,-41.3
2026-02-12 03:00,0.3520,704.0,no,-37.5
2026-02-12 03:30,0.3530,706.0,no,-33.3
2026-02-12 04:00,0.3300,660.0,no,-29.0
2026-02-12 04:30,0.3070,614.0,no,-24.5
2026-02-12 05:00,0.3620,724.0,no,-20.0
2026-02-12 05:30,0.3620,724.0,no,-15.4
2026-02-12 06:00,0.3470,694.0,no,-10.8
2026-02-12 06:30,0.4460,892.0,no,-6.4
2026-02-12 07:00,0.5280,1056.0,no,-2.0
2026-02-12 07:30,0.4830,966.0,no,2.2
2026-02-12 08:00,0.4000,800.0,yes,6.1
2026-02-12 08:30,0.4140,828.0,yes,9.8
2026-02-12 09:00,0.4090,818.0,yes,13.2
2026-02-12 09:30,0.3250,650.0,yes,16.2
2026-02-12 10:00,0.2560,512.0,yes,18.7
2026-02-12 10:30,0.2990,598.0,yes,20.7
2026-02-12 11:00,0.3330,666.0,yes,22.2
2026-02-12 11:30,0.3200,640.0,yes,23.1
2026-02-12 12:00,0.2470,494.0,yes,23.3
2026-02-12 12:30,0.3040,608.0,yes,23.0
2026-02-12 13:00,0.4010,802.0,yes,22.0
2026-02-12 13:30,0.5100,1020.0,yes,20.4
2026-02-12 14:00,0.4060,812.0,yes,18.3
2026-02-12 14:30,0.4240,848.0,yes,15.6
2026-02-12 15:00,0.4080,816.0,yes,12.6
2026-02-12 15:30,0.4450,890.0,yes,9.1
2026-02-12 16:00,0.5010,1002.0,yes,5.4
2026-02-12 16:30,0.6480,1296.0,no,1.4
2026-02-12 17:00,0.5770,1154.0,no,-2.8
2026-02-12 17:30,0.6320,1264.0,no,-7.2
2026-02-12 18:00,0.6850,1370.0,no,-11.7
2026-02-12 18:30,0.7220,1444.0,no,-16.2
2026-02-12 19:00,0.7570,1514.0,no,-20.8
2026-02-12 19:30,0.6480,1296.0,no,-25.4
2026-02-12 20:00,0.6110,1222.0,no,-29.8
2026-02-12 20:30,0.5710,1142.0,no,-34.1
2026-02-12 21:00,0.5660,1132.0,no,-38.2
2026-02-12 21:30,0.5860,1172.0,no,-42.0
2026-02-12 22:00,0.5830,1166.0,no,-45.3
2026-02-12 22:30,0.6040,1208.0,no,-48.1
2026-02-12 23:00,0.6400,1280.0,no,-50.2
2026-02-12 23:30,0.6280,1256.0,no,-51.5
2026-02-13 00:00,0.6160,1232.0,no,-51.5
2026-02-13 00:30,0.5030,1006.0,no,-51.0
2026-02-13 01:00,0.4940,988.0,no,-49.6
2026-02-13 01:30,0.4990,998.0,no,-47.3
2026-02-13 02:00,0.5090,1018.0,no,-44.4
2026-02-13 02:30,0.4840,968.0,no,-41.0
2026-02-13 03:00,0.4740,948.0,no,-37.2
2026-02-13 03:30,0.5240,1048.0,no,-33.1
2026-02-13 04:00,0.4970,994.0,no,-28.7
2026-02-13 04:30,0.4750,950.0,no,-24.3
2026-02-13 05:00,0.4970,994.0,no,-19.7
2026-02-13 05:30,0.5300,1060.0,no,-15.1
2026-02-13 06:00,0.5650,1130.0,no,-10.6
2026-02-13 06:30,0.5780,1156.0,no,-6.1
2026-02-13 07:00,0.7250,1450.0,no,-1.8
2026-02-13 07:30,0.5750,1150.0,no,2.4
2026-02-13 08:00,0.5120,1024.0,yes,6.4
2026-02-13 08:30,0.4930,986.0,yes,10.1
2026-02-13 09:00,0.4650,930.0,yes,13.5
2026-02-13 09:30,0.4800,960.0,yes,16.5
2026-02-13 10:00,0.4640,928.0,yes,19.0
2026-02-13 10:30,0.4320,864.0,yes,21.0
2026-02-13 11:00,0.4950,990.0,yes,22.5
2026-02-13 11:30,0.5420,1084.0,yes,23.4
2026-02-13 12:00,0.4360,872.0,yes,23.7
2026-02-13 12:30,0.4290,858.0,yes,23.3
2026-02-13 13:00,0.4510,902.0,yes,22.3
2026-02-13 13:30,0.5630,1126.0,yes,20.7
2026-02-13 14:00,0.4790,958.0,yes,18.6
2026-02-13 14:30,0.4860,972.0,yes,15.9
2026-02-13 15:00,0.5440,1088.0,yes,12.9
2026-02-13 15:30,0.5490,1098.0,yes,9.4
2026-02-13 16:00,0.5340,1068.0,yes,5.7
2026-02-13 16:30,0.5520,1104.0,no,1.7
2026-02-13 17:00,0.5950,1190.0,no,-2.6
2026-02-13 17:30,0.5760,1152.0,no,-6.9
2026-02-13 18:00,0.7350,1470.0,no,-11.4
2026-02-13 18:30,0.7530,1506.0,no,-16.0
2026-02-13 19:00,0.7730,1546.0,no,-20.6
2026-02-13 19:30,1.0010,2002.0,no,-25.1
2026-02-13 20:00,1.1080,2216.0,no,-29.6
2026-02-13 20:30,0.7930,1586.0,no,-33.9
2026-02-13 21:00,0.9210,1842.0,no,-37.9
2026-02-13 21:30,0.6150,1230.0,no,-41.7
2026-02-13 22:00,0.6110,1222.0,no,-45.0
2026-02-13 22:30,0.5960,1192.0,no,-47.8
2026-02-13 23:00,0.5640,1128.0,no,-49.9
2026-02-13 23:30,0.6660,1332.0,no,-51.2
2026-02-14 00:00,0.5090,1018.0,no,-51.2
2026-02-14 00:30,0.4170,834.0,no,-50.7
2026-02-14 01:00,0.3840,768.0,no,-49.2
2026-02-14 01:30,0.3990,798.0,no,-47.0
2026-02-14 02:00,0.4060,812.0,no,-44.1
2026-02-14 02:30,0.4160,832.0,no,-40.7
2026-02-14 03:00,0.3770,754.0,no,-36.9
2026-02-14 03:30,0.3740,748.0,no,-32.8
2026-02-14 04:00,0.4200,840.0,no,-28.5
2026-02-14 04:30,0.4080,816.0,no,-24.0
2026-02-14 05:00,0.4040,808.0,no,-19.5
2026-02-14 05:30,0.3890,778.0,no,-14.9
2026-02-14 06:00,0.4010,802.0,no,-10.3
2026-02-14 06:30,0.4850,970.0,no,-5.9
2026-02-14 07:00,0.4590,918.0,no,-1.5
2026-02-14 07:30,0.4460,892.0,no,2.7
2026-02-14 08:00,0.0480,96.0,yes,6.7
2026-02-14 08:30,0.0000,0.0,yes,10.4
2026-02-14 09:00,0.0000,0.0,yes,13.8
2026-02-14 09:30,0.0000,0.0,yes,16.8
2026-02-14 10:00,0.0000,0.0,yes,19.3
2026-02-14 10:30,0.0000,0.0,yes,21.3
2026-02-14 11:00,0.0000,0.0,yes,22.8
2026-02-14 11:30,0.0000,0.0,yes,23.7
2026-02-14 12:00,0.0030,6.0,yes,24.0
2026-02-14 12:30,0.0000,0.0,yes,23.6
2026-02-14 13:00,0.2550,510.0,yes,22.6
2026-02-14 13:30,0.0370,74.0,yes,21.0
2026-02-14 14:00,0.1210,242.0,yes,18.9
2026-02-14 14:30,0.3380,676.0,yes,16.2
2026-02-14 15:00,0.4130,826.0,yes,13.2
2026-02-14 15:30,0.4160,832.0,yes,9.7
2026-02-14 16:00,0.5670,1134.0,yes,5.9
2026-02-14 16:30,1.1270,2254.0,no,1.9
2026-02-14 17:00,1.2860,2572.0,no,-2.3
2026-02-14 17:30,0.7990,1598.0,no,-6.7
2026-02-14 18:00,0.6570,1314.0,no,-11.2
2026-02-14 18:30,1.1470,2294.0,no,-15.7
2026-02-14 19:00,1.2780,2556.0,no,-20.3
2026-02-14 19:30,1.0800,2160.0,no,-24.8
2026-02-14 20:00,1.0210,2042.0,no,-29.3
2026-02-14 20:30,1.0650,2130.0,no,-33.6
2026-02-14 21:00,0.6690,1338.0,no,-37.7
2026-02-14 21:30,0.6490,1298.0,no,-41.4
2026-02-14 22:00,0.6040,1208.0,no,-44.7
2026-02-14 22:30,0.6030,1206.0,no,-47.5
2026-02-14 23:00,0.5510,1102.0,no,-49.6
2026-02-14 23:30,0.5100,1020.0,no,-50.8
2026-02-15 00:00,0.4750,950.0,no,-50.9
2026-02-15 00:30,0.5080,1016.0,no,-50.3
2026-02-15 01:00,0.4620,924.0,no,-48.9
2026-02-15 01:30,0.4040,808.0,no,-46.7
2026-02-15 02:00,0.3780,756.0,no,-43.8
2026-02-15 02:30,0.3490,698.0,no,-40.4
2026-02-15 03:00,0.3510,702.0,no,-36.6
2026-02-15 03:30,0.3310,662.0,no,-32.5
2026-02-15 04:00,0.3230,646.0,no,-28.2
2026-02-15 04:30,0.3580,716.0,no,-23.7
2026-02-15 05:00,0.3720,744.0,no,-19.2
2026-02-15 05:30,0.3540,708.0,no,-14.6
2026-02-15 06:00,0.3480,696.0,no,-10.1
2026-02-15 06:30,0.3140,628.0,no,-5.6
2026-02-15 07:00,0.3550,710.0,no,-1.2
2026-02-15 07:30,0.3450,690.0,no,3.0
2026-02-15 08:00,0.3220,644.0,yes,7.0
2026-02-15 08:30,0.3480,696.0,yes,10.7
2026-02-15 09:00,0.3390,678.0,yes,14.1
2026-02-15 09:30,0.3420,684.0,yes,17.1
2026-02-15 10:00,0.3260,652.0,yes,19.6
2026-02-15 10:30,0.2970,594.0,yes,21.7
2026-02-15 11:00,0.3340,668.0,yes,23.2
2026-02-15 11:30,1.0810,2162.0,yes,24.0
2026-02-15 12:00,1.0800,2160.0,yes,24.3
2026-02-15 12:30,0.4100,820.0,yes,23.9
2026-02-15 13:00,0.4580,916.0,yes,22.9
2026-02-15 13:30,0.4280,856.0,yes,21.3
2026-02-15 14:00,0.3610,722.0,yes,19.2
2026-02-15 14:30,0.3720,744.0,yes,16.5
2026-02-15 15:00,0.4250,850.0,yes,13.5
2026-02-15 15:30,0.4660,932.0,yes,10.0
2026-02-15 16:00,1.2620,2524.0,yes,6.2
2026-02-15 16:30,0.8420,1684.0,no,2.2
2026-02-15 17:00,1.0760,2152.0,no,-2.0
2026-02-15 17:30,1.3250,2650.0,no,-6.4
2026-02-15 18:00,1.0790,2158.0,no,-10.9
2026-02-15 18:30,0.6360,1272.0,no,-15.5
2026-02-15 19:00,0.5740,1148.0,no,-20.0
2026-02-15 19:30,0.5110,1022.0,no,-24.6
2026-02-15 20:00,0.5600,1120.0,no,-29.0
2026-02-15 20:30,0.6000,1200.0,no,-33.3
2026-02-15 21:00,0.3930,786.0,no,-37.4
2026-02-15 21:30,0.4930,986.0,no,-41.1
2026-02-15 22:00,0.4920,984.0,no,-44.4
2026-02-15 22:30,0.4580,916.0,no,-47.2
2026-02-15 23:00,0.4950,990.0,no,-49.2
2026-02-15 23:30,0.3850,770.0,no,-50.5
2026-02-16 00:00,0.4200,840.0,no,-50.6
2026-02-16 00:30,0.3690,738.0,no,-50.0
2026-02-16 01:00,0.3640,728.0,no,-48.6
2026-02-16 01:30,0.4120,824.0,no,-46.4
2026-02-16 02:00,0.3990,798.0,no,-43.5
2026-02-16 02:30,0.3790,758.0,no,-40.2
2026-02-16 03:00,0.3680,736.0,no,-36.4
2026-02-16 03:30,0.3860,772.0,no,-32.3
2026-02-16 04:00,0.4140,828.0,no,-27.9
2026-02-16 04:30,0.3670,734.0,no,-23.5
2026-02-16 05:00,0.3790,758.0,no,-18.9
2026-02-16 05:30,0.4210,842.0,no,-14.4
2026-02-16 06:00,0.4430,886.0,no,-9.8
2026-02-16 06:30,0.4950,990.0,no,-5.3
2026-02-16 07:00,0.5870,1174.0,no,-1.0
2026-02-16 07:30,0.4010,802.0,no,3.2
2026-02-16 08:00,0.1830,366.0,yes,7.2
2026-02-16 08:30,0.0000,0.0,yes,11.0
2026-02-16 09:00,0.0310,62.0,yes,14.4
2026-02-16 09:30,0.0540,108.0,yes,17.4
2026-02-16 10:00,0.0010,2.0,yes,19.9
2026-02-16 10:30,0.0310,62.0,yes,22.0
2026-02-16 11:00,0.1530,306.0,yes,23.5
2026-02-16 11:30,0.2040,408.0,yes,24.4
2026-02-16 12:00,0.3450,690.0,yes,24.6
2026-02-16 12:30,0.1770,354.0,yes,24.3
2026-02-16 13:00,0.0200,40.0,yes,23.3
2026-02-16 13:30,0.1390,278.0,yes,21.6
2026-02-16 14:00,0.0700,140.0,yes,19.5
2026-02-16 14:30,0.2130,426.0,yes,16.8
2026-02-16 15:00,0.2870,574.0,yes,13.7
2026-02-16 15:30,0.4270,854.0,yes,10.3
2026-02-16 16:00,0.3250,650.0,yes,6.5
2026-02-16 16:30,0.4480,896.0,no,2.5
2026-02-16 17:00,0.5110,1022.0,no,-1.8
2026-02-16 17:30,0.7660,1532.0,no,-6.2
2026-02-16 18:00,0.7530,1506.0,no,-10.7
2026-02-16 18:30,0.7760,1552.0,no,-15.2
2026-02-16 19:00,1.4710,2942.0,no,-19.8
2026-02-16 19:30,1.2350,2470.0,no,-24.3
2026-02-16 20:00,0.7750,1550.0,no,-28.8
2026-02-16 20:30,0.7480,1496.0,no,-33.0
2026-02-16 21:00,0.7540,1508.0,no,-37.1
2026-02-16 21:30,0.7590,1518.0,no,-40.8
2026-02-16 22:00,0.7920,1584.0,no,-44.1
2026-02-16 22:30,0.7660,1532.0,no,-46.9
2026-02-16 23:00,0.6310,1262.0,no,-48.9
2026-02-16 23:30,0.4460,892.0,no,-50.2
2026-02-17 00:00,0.3820,764.0,no,-50.2
2026-02-17 00:30,0.3630,726.0,no,-49.7
2026-02-17 01:00,0.3240,648.0,no,-48.3
2026-02-17 01:30,0.3350,670.0,no,-46.1
2026-02-17 02:00,0.3440,688.0,no,-43.2
2026-02-17 02:30,0.3470,694.0,no,-39.9
2026-02-17 03:00,0.3310,662.0,no,-36.1
2026-02-17 03:30,0.3290,658.0,no,-32.0
2026-02-17 04:00,0.3610,722.0,no,-27.7
2026-02-17 04:30,0.3540,708.0,no,-23.2
2026-02-17 05:00,0.3400,680.0,no,-18.7
2026-02-17 05:30,0.3500,700.0,no,-14.1
2026-02-17 06:00,0.3710,742.0,no,-9.5
2026-02-17 06:30,0.4650,930.0,no,-5.1
2026-02-17 07:00,0.4960,992.0,no,-0.7
2026-02-17 07:30,0.2150,430.0,no,3.5
2026-02-17 08:00,0.0040,8.0,yes,7.5
2026-02-17 08:30,0.0000,0.0,yes,11.3
2026-02-17 09:00,0.0000,0.0,yes,14.7
2026-02-17 09:30,0.0000,0.0,yes,17.7
2026-02-17 10:00,0.0000,0.0,yes,20.3
2026-02-17 10:30,0.0000,0.0,yes,22.3
2026-02-17 11:00,0.0000,0.0,yes,23.8
2026-02-17 11:30,0.0000,0.0,yes,24.7
2026-02-17 12:00,0.0000,0.0,yes,25.0
2026-02-17 12:30,0.0040,8.0,yes,24.6
2026-02-17 13:00,0.0240,48.0,yes,23.6
2026-02-17 13:30,0.2120,424.0,yes,22.0
2026-02-17 14:00,0.1250,250.0,yes,19.8
2026-02-17 14:30,0.2370,474.0,yes,17.1
2026-02-17 15:00,0.2650,530.0,yes,14.1
2026-02-17 15:30,0.3040,608.0,yes,10.6
2026-02-17 16:00,0.3700,740.0,yes,6.8
2026-02-17 16:30,0.4400,880.0,no,2.8
2026-02-17 17:00,0.3970,794.0,no,-1.5
2026-02-17 17:30,0.6930,1386.0,no,-5.9
2026-02-17 18:00,0.5850,1170.0,no,-10.4
2026-02-17 18:30,0.6170,1234.0,no,-14.9
2026-02-17 19:00,0.7650,1530.0,no,-19.5
2026-02-17 19:30,0.6800,1360.0,no,-24.1
2026-02-17 20:00,0.5530,1106.0,no,-28.5
2026-02-17 20:30,0.5500,1100.0,no,-32.8
2026-02-17 21:00,0.5280,1056.0,no,-36.8
2026-02-17 21:30,0.6560,1312.0,no,-40.5
2026-02-17 22:00,0.6630,1326.0,no,-43.8
2026-02-17 22:30,0.6070,1214.0,no,-46.5
2026-02-17 23:00,0.6770,1354.0,no,-48.6
2026-02-17 23:30,0.7100,1420.0,no,-49.8
2026-02-18 00:00,0.5860,1172.0,no,-49.9
2026-02-18 00:30,0.4760,952.0,no,-49.3
2026-02-18 01:00,0.3320,664.0,no,-47.9
2026-02-18 01:30,0.3620,724.0,no,-45.8
2026-02-18 02:00,0.3450,690.0,no,-42.9
2026-02-18 02:30,0.3140,628.0,no,-39.6
2026-02-18 03:00,0.3330,666.0,no,-35.8
2026-02-18 03:30,0.3410,682.0,no,-31.7
2026-02-18 04:00,0.3550,710.0,no,-27.4
2026-02-18 04:30,0.3320,664.0,no,-22.9
2026-02-18 05:00,0.3300,660.0,no,-18.4
2026-02-18 05:30,0.3590,718.0,no,-13.8
2026-02-18 06:00,0.3640,728.0,no,-9.3
2026-02-18 06:30,0.3490,698.0,no,-4.8
2026-02-18 07:00,0.3520,704.0,no,-0.4
2026-02-18 07:30,0.3460,692.0,no,3.8
2026-02-18 08:00,0.3070,614.0,yes,7.8
2026-02-18 08:30,0.2030,406.0,yes,11.6
2026-02-18 09:00,0.1710,342.0,yes,15.0
2026-02-18 09:30,0.3670,734.0,yes,18.0
2026-02-18 10:00,0.4470,894.0,yes,20.6
2026-02-18 10:30,0.8520,1704.0,yes,22.7
2026-02-18 11:00,0.5970,1194.0,yes,24.2
2026-02-18 11:30,0.2660,532.0,yes,25.1
2026-02-18 12:00,0.2320,464.0,yes,25.3
2026-02-18 12:30,0.1430,286.0,yes,24.9
2026-02-18 13:00,0.2610,522.0,yes,23.9
2026-02-18 13:30,0.3840,768.0,yes,22.3
2026-02-18 14:00,0.3980,796.0,yes,20.1
2026-02-18 14:30,0.3630,726.0,yes,17.5
2026-02-18 15:00,0.3600,720.0,yes,14.4
2026-02-18 15:30,0.3390,678.0,yes,10.9
2026-02-18 16:00,0.4860,972.0,yes,7.1
2026-02-18 16:30,0.9410,1882.0,no,3.0
2026-02-18 17:00,0.6950,1390.0,no,-1.2
2026-02-18 17:30,0.5590,1118.0,no,-5.6
2026-02-18 18:00,0.5870,1174.0,no,-10.1
2026-02-18 18:30,1.3290,2658.0,no,-14.7
2026-02-18 19:00,1.2930,2586.0,no,-19.3
2026-02-18 19:30,0.9680,1936.0,no,-23.8
2026-02-18 20:00,0.9410,1882.0,no,-28.2
2026-02-18 20:30,1.6900,3380.0,no,-32.5
2026-02-18 21:00,1.2220,2444.0,no,-36.5
2026-02-18 21:30,0.7720,1544.0,no,-40.2
2026-02-18 22:00,0.8050,1610.0,no,-43.5
2026-02-18 22:30,0.6560,1312.0,no,-46.2
2026-02-18 23:00,0.9100,1820.0,no,-48.3
2026-02-18 23:30,0.3570,714.0,no,-49.5
2026-02-19 00:00,0.3400,680.0,no,-49.5
2026-02-19 00:30,0.3160,632.0,no,-49.0
2026-02-19 01:00,0.3190,638.0,no,-47.6
2026-02-19 01:30,0.3620,724.0,no,-45.4
2026-02-19 02:00,0.3120,624.0,no,-42.6
2026-02-19 02:30,0.3080,616.0,no,-39.3
2026-02-19 03:00,0.3430,686.0,no,-35.5
2026-02-19 03:30,0.3350,670.0,no,-31.4
2026-02-19 04:00,0.3190,638.0,no,-27.1
2026-02-19 04:30,0.3100,620.0,no,-22.7
2026-02-19 05:00,0.3480,696.0,no,-18.1
2026-02-19 05:30,0.3650,730.0,no,-13.6
2026-02-19 06:00,0.3590,718.0,no,-9.0
2026-02-19 06:30,0.4450,890.0,no,-4.5
2026-02-19 07:00,0.5180,1036.0,no,-0.1
2026-02-19 07:30,0.3620,724.0,no,4.1
2026-02-19 08:00,0.3140,628.0,yes,8.1
2026-02-19 08:30,0.3070,614.0,yes,11.9
2026-02-19 09:00,0.3250,650.0,yes,15.3
2026-02-19 09:30,0.2830,566.0,yes,18.3
2026-02-19 10:00,0.2410,482.0,yes,20.9
2026-02-19 10:30,0.4000,800.0,yes,23.0
2026-02-19 11:00,0.2980,596.0,yes,24.5
2026-02-19 11:30,0.2500,500.0,yes,25.4
2026-02-19 12:00,0.2420,484.0,yes,25.7
2026-02-19 12:30,0.2780,556.0,yes,25.3
2026-02-19 13:00,0.3070,614.0,yes,24.3
2026-02-19 13:30,0.3460,692.0,yes,22.6
2026-02-19 14:00,0.4000,800.0,yes,20.5
2026-02-19 14:30,0.5000,1000.0,yes,17.8
2026-02-19 15:00,0.4550,910.0,yes,14.7
2026-02-19 15:30,0.4740,948.0,yes,11.2
2026-02-19 16:00,0.4550,910.0,yes,7.4
2026-02-19 16:30,0.5140,1028.0,no,3.3
2026-02-19 17:00,0.6570,1314.0,no,-0.9
2026-02-19 17:30,0.6760,1352.0,no,-5.3
2026-02-19 18:00,0.8850,1770.0,no,-9.8
2026-02-19 18:30,0.7370,1474.0,no,-14.4
2026-02-19 19:00,0.7080,1416.0,no,-19.0
2026-02-19 19:30,0.6490,1298.0,no,-23.5
2026-02-19 20:00,0.4850,970.0,no,-27.9
2026-02-19 20:30,0.5160,1032.0,no,-32.2
2026-02-19 21:00,0.5020,1004.0,no,-36.2
2026-02-19 21:30,0.4800,960.0,no,-39.9
2026-02-19 22:00,0.5060,1012.0,no,-43.2
2026-02-19 22:30,0.5520,1104.0,no,-45.9
2026-02-19 23:00,0.4860,972.0,no,-47.9
2026-02-19 23:30,0.4370,874.0,no,-49.2
2026-02-20 00:00,0.4470,894.0,no,-49.2
2026-02-20 00:30,0.4890,978.0,no,-48.6
2026-02-20 01:00,0.4490,898.0,no,-47.3
2026-02-20 01:30,0.4050,810.0,no,-45.1
2026-02-20 02:00,0.3900,780.0,no,-42.3
2026-02-20 02:30,0.3820,764.0,no,-39.0
2026-02-20 03:00,0.3790,758.0,no,-35.2
2026-02-20 03:30,0.3540,708.0,no,-31.1
2026-02-20 04:00,0.3480,696.0,no,-26.8
2026-02-20 04:30,0.4000,800.0,no,-22.4
2026-02-20 05:00,0.3910,782.0,no,-17.9
2026-02-20 05:30,0.3770,754.0,no,-13.3
2026-02-20 06:00,0.4090,818.0,no,-8.7
2026-02-20 06:30,0.4870,974.0,no,-4.2
2026-02-20 07:00,0.5390,1078.0,no,0.2
2026-02-20 07:30,0.3160,632.0,no,4.4
2026-02-20 08:00,0.1690,338.0,yes,8.4
2026-02-20 08:30,0.3210,642.0,yes,12.2
2026-02-20 09:00,0.2780,556.0,yes,15.6
2026-02-20 09:30,0.1630,326.0,yes,18.6
2026-02-20 10:00,0.1840,368.0,yes,21.2
2026-02-20 10:30,0.2400,480.0,yes,23.3
2026-02-20 11:00,0.3450,690.0,yes,24.8
2026-02-20 11:30,0.3940,788.0,yes,25.8
2026-02-20 12:00,0.2200,440.0,yes,26.0
2026-02-20 12:30,0.2730,546.0,yes,25.6
2026-02-20 13:00,0.3340,668.0,yes,24.6
2026-02-20 13:30,0.3880,776.0,yes,23.0
2026-02-20 14:00,0.2410,482.0,yes,20.8
2026-02-20 14:30,0.2000,400.0,yes,18.1
2026-02-20 15:00,0.3070,614.0,yes,15.0
2026-02-20 15:30,0.2820,564.0,yes,11.5
2026-02-20 16:00,0.4140,828.0,yes,7.7
2026-02-20 16:30,0.4080,816.0,no,3.6
2026-02-20 17:00,0.4410,882.0,no,-0.7
2026-02-20 17:30,0.6600,1320.0,no,-5.1
2026-02-20 18:00,0.6720,1344.0,no,-9.6
2026-02-20 18:30,0.8600,1720.0,no,-14.1
2026-02-20 19:00,0.7090,1418.0,no,-18.7
2026-02-20 19:30,0.6650,1330.0,no,-23.2
2026-02-20 20:00,0.6260,1252.0,no,-27.7
2026-02-20 20:30,0.7970,1594.0,no,-31.9
2026-02-20 21:00,0.6980,1396.0,no,-35.9
2026-02-20 21:30,0.6160,1232.0,no,-39.6
2026-02-20 22:00,0.5760,1152.0,no,-42.9
2026-02-20 22:30,1.0110,2022.0,no,-45.6
2026-02-20 23:00,0.8790,1758.0,no,-47.6
2026-02-20 23:30,0.6240,1248.0,no,-48.8
2026-02-21 00:00,0.5930,1186.0,no,-48.8
2026-02-21 00:30,0.6220,1244.0,no,-48.3
2026-02-21 01:00,0.5020,1004.0,no,-46.9
2026-02-21 01:30,0.3840,768.0,no,-44.8
2026-02-21 02:00,0.4050,810.0,no,-42.0
2026-02-21 02:30,0.4270,854.0,no,-38.6
2026-02-21 03:00,0.4270,854.0,no,-34.9
2026-02-21 03:30,0.3760,752.0,no,-30.8
2026-02-21 04:00,0.3740,748.0,no,-26.6
2026-02-21 04:30,0.4560,912.0,no,-22.1
2026-02-21 05:00,0.4800,960.0,no,-17.6
2026-02-21 05:30,0.4610,922.0,no,-13.0
2026-02-21 06:00,0.4720,944.0,no,-8.4
2026-02-21 06:30,0.4660,932.0,no,-4.0
2026-02-21 07:00,0.4940,988.0,no,0.4
2026-02-21 07:30,0.4460,892.0,no,4.7
2026-02-21 08:00,0.3780,756.0,yes,8.7
2026-02-21 08:30,0.4560,912.0,yes,12.5
2026-02-21 09:00,0.9290,1858.0,yes,15.9
2026-02-21 09:30,0.8550,1710.0,yes,19.0
2026-02-21 10:00,0.1550,310.0,yes,21.6
2026-02-21 10:30,0.0350,70.0,yes,23.7
2026-02-21 11:00,0.0290,58.0,yes,25.2
2026-02-21 11:30,0.0020,4.0,yes,26.1
2026-02-21 12:00,0.0010,2.0,yes,26.4
2026-02-21 12:30,0.1420,284.0,yes,26.0
2026-02-21 13:00,0.2100,420.0,yes,25.0
2026-02-21 13:30,0.2990,598.0,yes,23.3
2026-02-21 14:00,0.2620,524.0,yes,21.1
2026-02-21 14:30,0.7460,1492.0,yes,18.4
2026-02-21 15:00,1.5770,3154.0,yes,15.3
2026-02-21 15:30,0.4850,970.0,yes,11.8
2026-02-21 16:00,0.3790,758.0,yes,8.0
2026-02-21 16:30,0.4130,826.0,no,3.9
2026-02-21 17:00,0.3640,728.0,no,-0.4
2026-02-21 17:30,0.3770,754.0,no,-4.8
2026-02-21 18:00,0.4030,806.0,no,-9.3
2026-02-21 18:30,0.4110,822.0,no,-13.9
2026-02-21 19:00,0.4790,958.0,no,-18.4
2026-02-21 19:30,0.4540,908.0,no,-23.0
2026-02-21 20:00,0.4520,904.0,no,-27.4
2026-02-21 20:30,0.4320,864.0,no,-31.6
2026-02-21 21:00,0.4400,880.0,no,-35.6
2026-02-21 21:30,0.4740,948.0,no,-39.3
2026-02-21 22:00,0.4250,850.0,no,-42.5
2026-02-21 22:30,0.4460,892.0,no,-45.2
2026-02-21 23:00,0.4470,894.0,no,-47.2
2026-02-21 23:30,0.4880,976.0,no,-48.5
2026-02-22 00:00,0.4940,988.0,no,-48.5
2026-02-22 00:30,0.4960,992.0,no,-47.9
2026-02-22 01:00,0.4890,978.0,no,-46.6
2026-02-22 01:30,0.4410,882.0,no,-44.4
2026-02-22 02:00,0.4470,894.0,no,-41.7
2026-02-22 02:30,0.4080,816.0,no,-38.3
2026-02-22 03:00,0.4050,810.0,no,-34.6
2026-02-22 03:30,0.4070,814.0,no,-30.6
2026-02-22 04:00,0.4270,854.0,no,-26.3
2026-02-22 04:30,0.4240,848.0,no,-21.8
2026-02-22 05:00,0.3530,706.0,no,-17.3
2026-02-22 05:30,0.3740,748.0,no,-12.7
2026-02-22 06:00,0.3820,764.0,no,-8.2
2026-02-22 06:30,0.3800,760.0,no,-3.7
2026-02-22 07:00,0.3590,718.0,no,0.7
2026-02-22 07:30,0.3450,690.0,no,5.0
2026-02-22 08:00,0.3220,644.0,yes,9.0
2026-02-22 08:30,0.2880,576.0,yes,12.8
2026-02-22 09:00,0.1870,374.0,yes,16.2
2026-02-22 09:30,0.0300,60.0,yes,19.3
2026-02-22 10:00,0.0000,0.0,yes,21.9
2026-02-22 10:30,0.0000,0.0,yes,24.0
2026-02-22 11:00,0.0000,0.0,yes,25.5
2026-02-22 11:30,0.0000,0.0,yes,26.5
2026-02-22 12:00,0.0010,2.0,yes,26.7
2026-02-22 12:30,0.0110,22.0,yes,26.3
2026-02-22 13:00,0.0300,60.0,yes,25.3
2026-02-22 13:30,0.4050,810.0,yes,23.7
2026-02-22 14:00,0.5950,1190.0,yes,21.5
2026-02-22 14:30,0.3020,604.0,yes,18.8
2026-02-22 15:00,0.4250,850.0,yes,15.6
2026-02-22 15:30,0.4690,938.0,yes,12.1
2026-02-22 16:00,0.6070,1214.0,yes,8.3
2026-02-22 16:30,1.0020,2004.0,no,4.2
2026-02-22 17:00,0.7300,1460.0,no,-0.1
2026-02-22 17:30,0.7040,1408.0,no,-4.5
2026-02-22 18:00,0.9850,1970.0,no,-9.0
2026-02-22 18:30,2.1230,4246.0,no,-13.6
2026-02-22 19:00,1.0300,2060.0,no,-18.2
2026-02-22 19:30,0.8680,1736.0,no,-22.7
2026-02-22 20:00,0.6410,1282.0,no,-27.1
2026-02-22 20:30,0.6200,1240.0,no,-31.3
2026-02-22 21:00,0.6300,1260.0,no,-35.3
2026-02-22 21:30,0.7620,1524.0,no,-39.0
2026-02-22 22:00,0.6380,1276.0,no,-42.2
2026-02-22 22:30,0.6060,1212.0,no,-44.9
2026-02-22 23:00,0.6460,1292.0,no,-46.9
2026-02-22 23:30,0.6180,1236.0,no,-48.1
2026-02-23 00:00,0.5790,1158.0,no,-48.1
2026-02-23 00:30,0.5540,1108.0,no,-47.6
2026-02-23 01:00,0.5410,1082.0,no,-46.2
2026-02-23 01:30,0.5590,1118.0,no,-44.1
2026-02-23 02:00,0.5390,1078.0,no,-41.3
2026-02-23 02:30,0.5300,1060.0,no,-38.0
2026-02-23 03:00,0.5280,1056.0,no,-34.3
2026-02-23 03:30,0.5640,1128.0,no,-30.3
2026-02-23 04:00,0.5340,1068.0,no,-26.0
2026-02-23 04:30,0.5120,1024.0,no,-21.6
2026-02-23 05:00,0.5530,1106.0,no,-17.0
2026-02-23 05:30,0.5620,1124.0,no,-12.4
2026-02-23 06:00,0.5840,1168.0,no,-7.9
2026-02-23 06:30,0.6490,1298.0,no,-3.4
2026-02-23 07:00,0.7610,1522.0,no,1.0
2026-02-23 07:30,0.5870,1174.0,yes,5.3
2026-02-23 08:00,0.3490,698.0,yes,9.3
2026-02-23 08:30,0.2330,466.0,yes,13.1
2026-02-23 09:00,0.0490,98.0,yes,16.5
2026-02-23 09:30,0.1970,394.0,yes,19.6
2026-02-23 10:00,0.1180,236.0,yes,22.2
2026-02-23 10:30,0.2640,528.0,yes,24.4
2026-02-23 11:00,0.1800,360.0,yes,25.9
2026-02-23 11:30,0.0310,62.0,yes,26.8
2026-02-23 12:00,0.0550,110.0,yes,27.1
2026-02-23 12:30,0.1830,366.0,yes,26.7
2026-02-23 13:00,0.3260,652.0,yes,25.7
2026-02-23 13:30,0.4090,818.0,yes,24.0
2026-02-23 14:00,0.3150,630.0,yes,21.8
2026-02-23 14:30,0.4370,874.0,yes,19.1
2026-02-23 15:00,0.4590,918.0,yes,15.9
2026-02-23 15:30,0.5050,1010.0,yes,12.4
2026-02-23 16:00,0.4860,972.0,yes,8.6
2026-02-23 16:30,0.5120,1024.0,no,4.5
2026-02-23 17:00,0.5640,1128.0,no,0.2
2026-02-23 17:30,0.9630,1926.0,no,-4.2
2026-02-23 18:00,1.2160,2432.0,no,-8.7
2026-02-23 18:30,0.9650,1930.0,no,-13.3
2026-02-23 19:00,1.1970,2394.0,no,-17.9
2026-02-23 19:30,1.6290,3258.0,no,-22.4
2026-02-23 20:00,0.7800,1560.0,no,-26.8
2026-02-23 20:30,1.3220,2644.0,no,-31.0
2026-02-23 21:00,1.3240,2648.0,no,-35.0
2026-02-23 21:30,0.6410,1282.0,no,-38.7
2026-02-23 22:00,0.8190,1638.0,no,-41.9
2026-02-23 22:30,1.1930,2386.0,no,-44.6
2026-02-23 23:00,0.6960,1392.0,no,-46.5
2026-02-23 23:30,0.4840,968.0,no,-47.8
2026-02-24 00:00,0.4350,870.0,no,-47.7
2026-02-24 00:30,0.4000,800.0,no,-47.2
2026-02-24 01:00,0.3890,778.0,no,-45.9
2026-02-24 01:30,0.3970,794.0,no,-43.8
2026-02-24 02:00,0.4040,808.0,no,-41.0
2026-02-24 02:30,0.4130,826.0,no,-37.7
2026-02-24 03:00,0.3690,738.0,no,-34.0
2026-02-24 03:30,0.4200,840.0,no,-30.0
2026-02-24 04:00,0.4000,800.0,no,-25.7
2026-02-24 04:30,0.4030,806.0,no,-21.3
2026-02-24 05:00,0.3840,768.0,no,-16.7
2026-02-24 05:30,0.3930,786.0,no,-12.2
2026-02-24 06:00,0.4230,846.0,no,-7.6
2026-02-24 06:30,0.4740,948.0,no,-3.1
2026-02-24 07:00,0.4240,848.0,no,1.3
2026-02-24 07:30,0.4620,924.0,yes,5.6
2026-02-24 08:00,0.1630,326.0,yes,9.6
2026-02-24 08:30,0.2310,462.0,yes,13.4
2026-02-24 09:00,0.1260,252.0,yes,16.9
2026-02-24 09:30,0.0330,66.0,yes,20.0
2026-02-24 10:00,0.0170,34.0,yes,22.6
2026-02-24 10:30,0.0890,178.0,yes,24.7
2026-02-24 11:00,0.1590,318.0,yes,26.3
2026-02-24 11:30,0.1750,350.0,yes,27.2
2026-02-24 12:00,0.0750,150.0,yes,27.4
2026-02-24 12:30,0.0160,32.0,yes,27.1
2026-02-24 13:00,0.0130,26.0,yes,26.0
2026-02-24 13:30,0.1580,316.0,yes,24.4
2026-02-24 14:00,0.0540,108.0,yes,22.1
2026-02-24 14:30,0.2140,428.0,yes,19.4
2026-02-24 15:00,0.7210,1442.0,yes,16.3
2026-02-24 15:30,0.4220,844.0,yes,12.7
2026-02-24 16:00,0.7450,1490.0,yes,8.9
2026-02-24 16:30,0.7250,1450.0,no,4.8
2026-02-24 17:00,0.7720,1544.0,no,0.5
2026-02-24 17:30,0.5860,1172.0,no,-3.9
2026-02-24 18:00,1.3220,2644.0,no,-8.4
2026-02-24 18:30,1.2010,2402.0,no,-13.0
2026-02-24 19:00,1.5130,3026.0,no,-17.6
2026-02-24 19:30,0.8610,1722.0,no,-22.1
2026-02-24 20:00,0.7080,1416.0,no,-26.5
2026-02-24 20:30,0.7460,1492.0,no,-30.7
2026-02-24 21:00,0.6810,1362.0,no,-34.7
2026-02-24 21:30,0.6880,1376.0,no,-38.4
2026-02-24 22:00,0.7070,1414.0,no,-41.6
2026-02-24 22:30,2.2350,4470.0,no,-44.2
2026-02-24 23:00,1.2390,2478.0,no,-46.2
2026-02-24 23:30,0.5700,1140.0,no,-47.4
2026-02-25 00:00,0.5510,1102.0,no,-47.4
2026-02-25 00:30,0.5420,1084.0,no,-46.9
2026-02-25 01:00,0.5270,1054.0,no,-45.5
2026-02-25 01:30,0.5290,1058.0,no,-43.4
2026-02-25 02:00,0.5180,1036.0,no,-40.7
2026-02-25 02:30,0.5470,1094.0,no,-37.4
2026-02-25 03:00,0.4970,994.0,no,-33.7
2026-02-25 03:30,0.4570,914.0,no,-29.7
2026-02-25 04:00,0.4940,988.0,no,-25.4
2026-02-25 04:30,0.4900,980.0,no,-21.0
2026-02-25 05:00,0.4970,994.0,no,-16.4
2026-02-25 05:30,0.4770,954.0,no,-11.9
2026-02-25 06:00,0.4950,990.0,no,-7.3
2026-02-25 06:30,1.1400,2280.0,no,-2.8
2026-02-25 07:00,0.7010,1402.0,no,1.6
2026-02-25 07:30,0.5000,1000.0,yes,5.9
2026-02-25 08:00,0.4280,856.0,yes,9.9
2026-02-25 08:30,0.3670,734.0,yes,13.7
2026-02-25 09:00,0.3210,642.0,yes,17.2
2026-02-25 09:30,0.2430,486.0,yes,20.3
2026-02-25 10:00,0.0940,188.0,yes,22.9
2026-02-25 10:30,0.0650,130.0,yes,25.1
2026-02-25 11:00,0.0010,2.0,yes,26.6
2026-02-25 11:30,0.0010,2.0,yes,27.5
2026-02-25 12:00,0.0000,0.0,yes,27.8
2026-02-25 12:30,0.0000,0.0,yes,27.4
2026-02-25 13:00,0.1180,236.0,yes,26.4
2026-02-25 13:30,0.0040,8.0,yes,24.7
2026-02-25 14:00,0.0240,48.0,yes,22.5
2026-02-25 14:30,0.1650,330.0,yes,19.7
2026-02-25 15:00,0.3850,770.0,yes,16.6
2026-02-25 15:30,0.3560,712.0,yes,13.0
2026-02-25 16:00,0.3830,766.0,yes,9.2
2026-02-25 16:30,0.4460,892.0,yes,5.1
2026-02-25 17:00,0.5660,1132.0,no,0.8
2026-02-25 17:30,0.5810,1162.0,no,-3.6
2026-02-25 18:00,1.2160,2432.0,no,-8.2
2026-02-25 18:30,1.3130,2626.0,no,-12.7
2026-02-25 19:00,1.1480,2296.0,no,-17.3
2026-02-25 19:30,0.6460,1292.0,no,-21.8
2026-02-25 20:00,0.9190,1838.0,no,-26.2
2026-02-25 20:30,0.5710,1142.0,no,-30.4
2026-02-25 21:00,0.5480,1096.0,no,-34.4
2026-02-25 21:30,0.5040,1008.0,no,-38.0
2026-02-25 22:00,0.5670,1134.0,no,-41.2
2026-02-25 22:30,0.4400,880.0,no,-43.9
2026-02-25 23:00,0.4350,870.0,no,-45.8
2026-02-25 23:30,0.4460,892.0,no,-47.0
2026-02-26 00:00,0.4560,912.0,no,-47.0
2026-02-26 00:30,0.4810,962.0,no,-46.5
2026-02-26 01:00,0.4380,876.0,no,-45.2
2026-02-26 01:30,0.4030,806.0,no,-43.1
2026-02-26 02:00,0.4110,822.0,no,-40.3
2026-02-26 02:30,0.4130,826.0,no,-37.1
2026-02-26 03:00,0.4090,818.0,no,-33.4
2026-02-26 03:30,0.3620,724.0,no,-29.4
2026-02-26 04:00,0.3930,786.0,no,-25.1
2026-02-26 04:30,0.3970,794.0,no,-20.7
2026-02-26 05:00,0.3750,750.0,no,-16.2
2026-02-26 05:30,0.3850,770.0,no,-11.6
2026-02-26 06:00,0.4140,828.0,no,-7.0
2026-02-26 06:30,0.5220,1044.0,no,-2.5
2026-02-26 07:00,0.5160,1032.0,no,1.9
2026-02-26 07:30,0.5070,1014.0,yes,6.2
2026-02-26 08:00,0.3770,754.0,yes,10.2
2026-02-26 08:30,0.3300,660.0,yes,14.0
2026-02-26 09:00,0.2610,522.0,yes,17.5
2026-02-26 09:30,0.2900,580.0,yes,20.6
2026-02-26 10:00,0.3020,604.0,yes,23.3
2026-02-26 10:30,0.2670,534.0,yes,25.4
2026-02-26 11:00,0.2490,498.0,yes,27.0
2026-02-26 11:30,0.2600,520.0,yes,27.9
2026-02-26 12:00,0.0180,36.0,yes,28.2
2026-02-26 12:30,0.1590,318.0,yes,27.8
2026-02-26 13:00,0.2750,550.0,yes,26.7
2026-02-26 13:30,0.0410,82.0,yes,25.1
2026-02-26 14:00,0.2170,434.0,yes,22.8
2026-02-26 14:30,0.3270,654.0,yes,20.1
2026-02-26 15:00,0.2710,542.0,yes,16.9
2026-02-26 15:30,0.3720,744.0,yes,13.4
2026-02-26 16:00,0.4190,838.0,yes,9.5
2026-02-26 16:30,0.4700,940.0,yes,5.4
2026-02-26 17:00,0.4400,880.0,no,1.1
2026-02-26 17:30,0.4830,966.0,no,-3.3
2026-02-26 18:00,0.7250,1450.0,no,-7.9
2026-02-26 18:30,0.9370,1874.0,no,-12.4
2026-02-26 19:00,1.3160,2632.0,no,-17.0
2026-02-26 19:30,1.0160,2032.0,no,-21.5
2026-02-26 20:00,0.6510,1302.0,no,-25.9
2026-02-26 20:30,1.1690,2338.0,no,-30.1
2026-02-26 21:00,1.0860,2172.0,no,-34.1
2026-02-26 21:30,1.2140,2428.0,no,-37.7
2026-02-26 22:00,1.0780,2156.0,no,-40.9
2026-02-26 22:30,0.7610,1522.0,no,-43.5
2026-02-26 23:00,0.7620,1524.0,no,-45.5
2026-02-26 23:30,0.7380,1476.0,no,-46.7
2026-02-27 00:00,0.7220,1444.0,no,-46.6
2026-02-27 00:30,0.5570,1114.0,no,-46.1
2026-02-27 01:00,0.5090,1018.0,no,-44.8
2026-02-27 01:30,0.5450,1090.0,no,-42.7
2026-02-27 02:00,0.5050,1010.0,no,-40.0
2026-02-27 02:30,0.5000,1000.0,no,-36.7
2026-02-27 03:00,0.4630,926.0,no,-33.1
2026-02-27 03:30,0.4850,970.0,no,-29.0
2026-02-27 04:00,0.5100,1020.0,no,-24.8
2026-02-27 04:30,0.4800,960.0,no,-20.4
2026-02-27 05:00,0.4850,970.0,no,-15.9
2026-02-27 05:30,0.4870,974.0,no,-11.3
2026-02-27 06:00,0.5060,1012.0,no,-6.7
2026-02-27 06:30,0.4860,972.0,no,-2.2
2026-02-27 07:00,0.4550,910.0,no,2.2
2026-02-27 07:30,0.4920,984.0,yes,6.5
2026-02-27 08:00,0.4390,878.0,yes,10.5
2026-02-27 08:30,0.4280,856.0,yes,14.4
2026-02-27 09:00,0.4240,848.0,yes,17.9
2026-02-27 09:30,0.7630,1526.0,yes,21.0
2026-02-27 10:00,0.5130,1026.0,yes,23.6
2026-02-27 10:30,0.5660,1132.0,yes,25.8
2026-02-27 11:00,0.5800,1160.0,yes,27.3
2026-02-27 11:30,0.3870,774.0,yes,28.3
2026-02-27 12:00,0.2600,520.0,yes,28.6
2026-02-27 12:30,0.1840,368.0,yes,28.2
2026-02-27 13:00,0.0820,164.0,yes,27.1
2026-02-27 13:30,0.0540,108.0,yes,25.4
2026-02-27 14:00,0.1660,332.0,yes,23.2
2026-02-27 14:30,0.4630,926.0,yes,20.4
2026-02-27 15:00,0.4890,978.0,yes,17.2
2026-02-27 15:30,0.5120,1024.0,yes,13.7
2026-02-27 16:00,0.4690,938.0,yes,9.8
2026-02-27 16:30,0.4600,920.0,yes,5.7
2026-02-27 17:00,0.6880,1376.0,no,1.4
2026-02-27 17:30,0.5480,1096.0,no,-3.0
2026-02-27 18:00,0.5340,1068.0,no,-7.6
2026-02-27 18:30,0.5900,1180.0,no,-12.2
2026-02-27 19:00,0.5590,1118.0,no,-16.7
2026-02-27 19:30,0.5420,1084.0,no,-21.2
2026-02-27 20:00,0.5340,1068.0,no,-25.6
2026-02-27 20:30,0.5310,1062.0,no,-29.8
2026-02-27 21:00,0.5470,1094.0,no,-33.8
2026-02-27 21:30,0.5890,1178.0,no,-37.4
2026-02-27 22:00,0.5950,1190.0,no,-40.5
2026-02-27 22:30,0.5790,1158.0,no,-43.2
2026-02-27 23:00,0.7730,1546.0,no,-45.1
2026-02-27 23:30,0.7240,1448.0,no,-46.3
2026-02-28 00:00,0.5870,1174.0,no,-46.3
2026-02-28 00:30,0.5350,1070.0,no,-45.8
2026-02-28 01:00,0.5470,1094.0,no,-44.4
2026-02-28 01:30,0.5120,1024.0,no,-42.4
2026-02-28 02:00,0.5130,1026.0,no,-39.6
2026-02-28 02:30,0.4980,996.0,no,-36.4
2026-02-28 03:00,0.4730,946.0,no,-32.7
2026-02-28 03:30,0.4410,882.0,no,-28.7
2026-02-28 04:00,0.4780,956.0,no,-24.5
2026-02-28 04:30,0.4950,990.0,no,-20.1
2026-02-28 05:00,0.5330,1066.0,no,-15.6
2026-02-28 05:30,0.4500,900.0,no,-11.0
2026-02-28 06:00,0.4080,816.0,no,-6.4
2026-02-28 06:30,0.4260,852.0,no,-1.9
2026-02-28 07:00,0.4370,874.0,no,2.5
2026-02-28 07:30,0.4150,830.0,yes,6.8
2026-02-28 08:00,0.3900,780.0,yes,10.9
2026-02-28 08:30,0.3730,746.0,yes,14.7
2026-02-28 09:00,0.4090,818.0,yes,18.2
2026-02-28 09:30,0.4360,872.0,yes,21.3
2026-02-28 10:00,0.2810,562.0,yes,24.0
2026-02-28 10:30,0.1510,302.0,yes,26.1
2026-02-28 11:00,0.2870,574.0,yes,27.7
2026-02-28 11:30,0.2690,538.0,yes,28.7
2026-02-28 12:00,0.6160,1232.0,yes,28.9
2026-02-28 12:30,0.5310,1062.0,yes,28.5
2026-02-28 13:00,0.9870,1974.0,yes,27.5
2026-02-28 13:30,0.7590,1518.0,yes,25.8
2026-02-28 14:00,0.3290,658.0,yes,23.5
2026-02-28 14:30,0.9630,1926.0,yes,20.8
2026-02-28 15:00,0.5730,1146.0,yes,17.6
2026-02-28 15:30,0.6170,1234.0,yes,14.0
2026-02-28 16:00,0.5210,1042.0,yes,10.1
2026-02-28 16:30,0.7390,1478.0,yes,6.0
2026-02-28 17:00,0.9480,1896.0,no,1.7
2026-02-28 17:30,1.1670,2334.0,no,-2.8
2026-02-28 18:00,0.9890,1978.0,no,-7.3
2026-02-28 18:30,0.7670,1534.0,no,-11.9
2026-02-28 19:00,0.7170,1434.0,no,-16.4
2026-02-28 19:30,0.6380,1276.0,no,-20.9
2026-02-28 20:00,0.7130,1426.0,no,-25.3
2026-02-28 20:30,0.6720,1344.0,no,-29.5
2026-02-28 21:00,0.6710,1342.0,no,-33.4
2026-02-28 21:30,0.6420,1284.0,no,-37.0
2026-02-28 22:00,0.5900,1180.0,no,-40.2
2026-02-28 22:30,0.7020,1404.0,no,-42.8
2026-02-28 23:00,0.7110,1422.0,no,-44.7
2026-02-28 23:30,0.6910,1382.0,no,-45.9
2026-03-01 00:00,0.6700,1340.0,no,-45.9
2026-03-01 00:30,0.6830,1366.0,no,-45.4
2026-03-01 01:00,0.7390,1478.0,no,-44.1
2026-03-01 01:30,0.5010,1002.0,no,-42.0
2026-03-01 02:00,0.5260,1052.0,no,-39.3
2026-03-01 02:30,0.5330,1066.0,no,-36.1
2026-03-01 03:00,0.4460,892.0,no,-32.4
2026-03-01 03:30,0.4050,810.0,no,-28.4
2026-03-01 04:00,0.3940,788.0,no,-24.2
2026-03-01 04:30,0.4450,890.0,no,-19.8
2026-03-01 05:00,0.4090,818.0,no,-15.3
2026-03-01 05:30,0.3930,786.0,no,-10.7
2026-03-01 06:00,0.4240,848.0,no,-6.1
2026-03-01 06:30,0.4270,854.0,no,-1.6
2026-03-01 07:00,0.4250,850.0,no,2.8
2026-03-01 07:30,0.4240,848.0,yes,7.1
2026-03-01 08:00,0.4630,926.0,yes,11.2
2026-03-01 08:30,1.6780,3356.0,yes,15.0
2026-03-01 09:00,0.7430,1486.0,yes,18.5
2026-03-01 09:30,0.0290,58.0,yes,21.7
2026-03-01 10:00,0.0300,60.0,yes,24.3
2026-03-01 10:30,0.0610,122.0,yes,26.5
2026-03-01 11:00,0.0810,162.0,yes,28.1
2026-03-01 11:30,0.1500,300.0,yes,29.0
2026-03-01 12:00,0.3920,784.0,yes,29.3
2026-03-01 12:30,0.3040,608.0,yes,28.9
2026-03-01 13:00,0.1840,368.0,yes,27.8
2026-03-01 13:30,0.1990,398.0,yes,26.1
2026-03-01 14:00,0.1710,342.0,yes,23.9
2026-03-01 14:30,0.3930,786.0,yes,21.1
2026-03-01 15:00,0.2970,594.0,yes,17.9
2026-03-01 15:30,0.3440,688.0,yes,14.3
2026-03-01 16:00,0.4400,880.0,yes,10.4
2026-03-01 16:30,0.4800,960.0,yes,6.3
2026-03-01 17:00,0.5160,1032.0,no,2.0
2026-03-01 17:30,0.4740,948.0,no,-2.5
2026-03-01 18:00,0.5870,1174.0,no,-7.0
2026-03-01 18:30,0.6990,1398.0,no,-11.6
2026-03-01 19:00,0.6330,1266.0,no,-16.1
2026-03-01 19:30,1.2560,2512.0,no,-20.6
2026-03-01 20:00,0.9780,1956.0,no,-25.0
2026-03-01 20:30,1.1340,2268.0,no,-29.2
2026-03-01 21:00,1.1300,2260.0,no,-33.1
2026-03-01 21:30,0.6590,1318.0,no,-36.7
2026-03-01 22:00,0.5780,1156.0,no,-39.9
2026-03-01 22:30,0.4660,932.0,no,-42.4
2026-03-01 23:00,0.4990,998.0,no,-44.4
2026-03-01 23:30,0.4430,886.0,no,-45.5
2026-03-02 00:00,0.4010,802.0,no,-45.5
2026-03-02 00:30,0.4240,848.0,no,-45.0
2026-03-02 01:00,0.5050,1010.0,no,-43.7
2026-03-02 01:30,0.4660,932.0,no,-41.6
2026-03-02 02:00,0.3550,710.0,no,-39.0
2026-03-02 02:30,0.2970,594.0,no,-35.7
2026-03-02 03:00,0.3370,674.0,no,-32.1
2026-03-02 03:30,0.3330,666.0,no,-28.1
2026-03-02 04:00,0.3160,632.0,no,-23.9
2026-03-02 04:30,0.3240,648.0,no,-19.5
2026-03-02 05:00,0.3290,658.0,no,-15.0
2026-03-02 05:30,0.3630,726.0,no,-10.4
2026-03-02 06:00,0.3880,776.0,no,-5.8
2026-03-02 06:30,0.3960,792.0,no,-1.3
2026-03-02 07:00,0.5700,1140.0,no,3.1
2026-03-02 07:30,0.1660,332.0,yes,7.4
2026-03-02 08:00,0.1030,206.0,yes,11.5
2026-03-02 08:30,0.1140,228.0,yes,15.3
2026-03-02 09:00,0.0030,6.0,yes,18.9
2026-03-02 09:30,0.0000,0.0,yes,22.0
2026-03-02 10:00,0.0000,0.0,yes,24.7
2026-03-02 10:30,0.0000,0.0,yes,26.9
2026-03-02 11:00,0.0000,0.0,yes,28.5
2026-03-02 11:30,0.0000,0.0,yes,29.4
2026-03-02 12:00,0.0000,0.0,yes,29.7
2026-03-02 12:30,0.0000,0.0,yes,29.3
2026-03-02 13:00,0.0000,0.0,yes,28.2
2026-03-02 13:30,0.0000,0.0,yes,26.5
2026-03-02 14:00,0.0000,0.0,yes,24.2
2026-03-02 14:30,0.0490,98.0,yes,21.5
2026-03-02 15:00,0.2390,478.0,yes,18.2
2026-03-02 15:30,0.3270,654.0,yes,14.6
2026-03-02 16:00,0.3070,614.0,yes,10.8
2026-03-02 16:30,0.3110,622.0,yes,6.6
2026-03-02 17:00,0.4720,944.0,no,2.3
2026-03-02 17:30,0.7660,1532.0,no,-2.2
2026-03-02 18:00,0.7630,1526.0,no,-6.7
2026-03-02 18:30,0.8580,1716.0,no,-11.3
2026-03-02 19:00,1.3980,2796.0,no,-15.8
2026-03-02 19:30,1.4780,2956.0,no,-20.3
2026-03-02 20:00,0.7020,1404.0,no,-24.7
2026-03-02 20:30,0.7220,1444.0,no,-28.9
2026-03-02 21:00,0.6840,1368.0,no,-32.8
2026-03-02 21:30,0.6840,1368.0,no,-36.4
2026-03-02 22:00,0.6680,1336.0,no,-39.5
2026-03-02 22:30,0.6930,1386.0,no,-42.1
2026-03-02 23:00,0.6950,1390.0,no,-44.0
2026-03-02 23:30,0.5610,1122.0,no,-45.2
2026-03-03 00:00,0.4120,824.0,no,-45.1
2026-03-03 00:30,0.3180,636.0,no,-44.6
2026-03-03 01:00,0.3260,652.0,no,-43.3
2026-03-03 01:30,0.2990,598.0,no,-41.3
2026-03-03 02:00,0.2870,574.0,no,-38.6
2026-03-03 02:30,0.3360,672.0,no,-35.4
2026-03-03 03:00,0.3110,622.0,no,-31.8
2026-03-03 03:30,0.3100,620.0,no,-27.8
2026-03-03 04:00,0.2840,568.0,no,-23.6
2026-03-03 04:30,0.3080,616.0,no,-19.2
2026-03-03 05:00,0.3400,680.0,no,-14.7
2026-03-03 05:30,0.3030,606.0,no,-10.1
2026-03-03 06:00,0.3100,620.0,no,-5.5
2026-03-03 06:30,0.3130,626.0,no,-1.0
2026-03-03 07:00,0.2890,578.0,no,3.4
2026-03-03 07:30,0.2900,580.0,yes,7.7
2026-03-03 08:00,0.2090,418.0,yes,11.8
2026-03-03 08:30,0.4410,882.0,yes,15.7
2026-03-03 09:00,1.1710,2342.0,yes,19.2
2026-03-03 09:30,0.4390,878.0,yes,22.4
2026-03-03 10:00,0.0710,142.0,yes,25.1
2026-03-03 10:30,0.0840,168.0,yes,27.2
2026-03-03 11:00,0.0400,80.0,yes,28.8
2026-03-03 11:30,0.4560,912.0,yes,29.8
2026-03-03 12:00,0.5510,1102.0,yes,30.1
2026-03-03 12:30,0.1690,338.0,yes,29.7
2026-03-03 13:00,0.2660,532.0,yes,28.6
2026-03-03 13:30,0.1250,250.0,yes,26.9
2026-03-03 14:00,0.3870,774.0,yes,24.6
2026-03-03 14:30,1.4770,2954.0,yes,21.8
2026-03-03 15:00,0.7050,1410.0,yes,18.6
2026-03-03 15:30,0.2450,490.0,yes,15.0
2026-03-03 16:00,0.3450,690.0,yes,11.1
2026-03-03 16:30,0.9310,1862.0,yes,6.9
2026-03-03 17:00,0.6270,1254.0,no,2.6
2026-03-03 17:30,0.6190,1238.0,no,-1.8
2026-03-03 18:00,0.6430,1286.0,no,-6.4
2026-03-03 18:30,0.8650,1730.0,no,-11.0
2026-03-03 19:00,1.2760,2552.0,no,-15.5
2026-03-03 19:30,1.6900,3380.0,no,-20.0
2026-03-03 20:00,1.2270,2454.0,no,-24.4
2026-03-03 20:30,0.5060,1012.0,no,-28.6
2026-03-03 21:00,0.5220,1044.0,no,-32.5
2026-03-03 21:30,0.5860,1172.0,no,-36.0
2026-03-03 22:00,0.5590,1118.0,no,-39.2
2026-03-03 22:30,0.5210,1042.0,no,-41.7
2026-03-03 23:00,0.5530,1106.0,no,-43.6
2026-03-03 23:30,0.4940,988.0,no,-44.8
2026-03-04 00:00,0.4730,946.0,no,-44.7
2026-03-04 00:30,0.3830,766.0,no,-44.3
2026-03-04 01:00,0.4220,844.0,no,-43.0
2026-03-04 01:30,0.4250,850.0,no,-40.9
2026-03-04 02:00,0.3980,796.0,no,-38.3
2026-03-04 02:30,0.4160,832.0,no,-35.1
2026-03-04 03:00,0.4080,816.0,no,-31.4
2026-03-04 03:30,0.3730,746.0,no,-27.5
2026-03-04 04:00,0.3450,690.0,no,-23.3
2026-03-04 04:30,0.3370,674.0,no,-18.9
2026-03-04 05:00,0.3980,796.0,no,-14.4
2026-03-04 05:30,0.3650,730.0,no,-9.8
2026-03-04 06:00,0.3560,712.0,no,-5.2
2026-03-04 06:30,0.3890,778.0,no,-0.7
2026-03-04 07:00,0.3690,738.0,no,3.7
2026-03-04 07:30,0.3480,696.0,yes,8.0
2026-03-04 08:00,0.2700,540.0,yes,12.1
2026-03-04 08:30,0.2580,516.0,yes,16.0
2026-03-04 09:00,0.2030,406.0,yes,19.6
2026-03-04 09:30,0.1600,320.0,yes,22.7
2026-03-04 10:00,0.3730,746.0,yes,25.4
2026-03-04 10:30,0.2280,456.0,yes,27.6
2026-03-04 11:00,0.1460,292.0,yes,29.2
2026-03-04 11:30,0.3340,668.0,yes,30.2
2026-03-04 12:00,0.2100,420.0,yes,30.4
2026-03-04 12:30,0.4780,956.0,yes,30.0
2026-03-04 13:00,0.3520,704.0,yes,29.0
2026-03-04 13:30,1.3760,2752.0,yes,27.2
2026-03-04 14:00,0.5360,1072.0,yes,25.0
2026-03-04 14:30,0.3160,632.0,yes,22.2
2026-03-04 15:00,0.2920,584.0,yes,18.9
2026-03-04 15:30,0.2370,474.0,yes,15.3
2026-03-04 16:00,0.3860,772.0,yes,11.4
2026-03-04 16:30,0.9070,1814.0,yes,7.3
2026-03-04 17:00,1.0390,2078.0,no,2.9
2026-03-04 17:30,0.4410,882.0,no,-1.5
2026-03-04 18:00,0.4520,904.0,no,-6.1
2026-03-04 18:30,0.9790,1958.0,no,-10.7
2026-03-04 19:00,0.6500,1300.0,no,-15.2
2026-03-04 19:30,0.6310,1262.0,no,-19.7
2026-03-04 20:00,0.4990,998.0,no,-24.1
2026-03-04 20:30,0.4440,888.0,no,-28.2
2026-03-04 21:00,0.5140,1028.0,no,-32.1
2026-03-04 21:30,0.4960,992.0,no,-35.7
2026-03-04 22:00,0.5220,1044.0,no,-38.8
2026-03-04 22:30,0.4320,864.0,no,-41.4
2026-03-04 23:00,0.3030,606.0,no,-43.3
2026-03-04 23:30,0.3080,616.0,no,-44.4
2026-03-05 00:00,0.2980,596.0,no,-44.4
2026-03-05 00:30,0.3260,652.0,no,-43.9
2026-03-05 01:00,0.3040,608.0,no,-42.6
2026-03-05 01:30,0.2770,554.0,no,-40.6
2026-03-05 02:00,0.2890,578.0,no,-37.9
2026-03-05 02:30,0.3040,608.0,no,-34.7
2026-03-05 03:00,0.3210,642.0,no,-31.1
2026-03-05 03:30,0.2790,558.0,no,-27.1
2026-03-05 04:00,0.2740,548.0,no,-22.9
2026-03-05 04:30,0.3130,626.0,no,-18.6
2026-03-05 05:00,0.3200,640.0,no,-14.1
2026-03-05 05:30,0.3120,624.0,no,-9.5
2026-03-05 06:00,0.3010,602.0,no,-4.9
2026-03-05 06:30,0.4120,824.0,no,-0.4
2026-03-05 07:00,0.4250,850.0,no,4.1
2026-03-05 07:30,0.2110,422.0,yes,8.4
2026-03-05 08:00,0.0280,56.0,yes,12.5
2026-03-05 08:30,0.0000,0.0,yes,16.3
2026-03-05 09:00,0.0000,0.0,yes,19.9
2026-03-05 09:30,0.0000,0.0,yes,23.1
2026-03-05 10:00,0.0340,68.0,yes,25.8
2026-03-05 10:30,0.0000,0.0,yes,28.0
2026-03-05 11:00,0.0000,0.0,yes,29.6
2026-03-05 11:30,0.0000,0.0,yes,30.6
2026-03-05 12:00,0.0000,0.0,yes,30.8
2026-03-05 12:30,0.0000,0.0,yes,30.4
2026-03-05 13:00,0.0000,0.0,yes,29.3
2026-03-05 13:30,0.0000,0.0,yes,27.6
2026-03-05 14:00,0.0000,0.0,yes,25.3
2026-03-05 14:30,0.0060,12.0,yes,22.5
2026-03-05 15:00,0.1770,354.0,yes,19.3
2026-03-05 15:30,0.1930,386.0,yes,15.6
2026-03-05 16:00,0.1940,388.0,yes,11.7
2026-03-05 16:30,0.2970,594.0,yes,7.6
2026-03-05 17:00,0.4750,950.0,no,3.2
2026-03-05 17:30,0.6150,1230.0,no,-1.2
2026-03-05 18:00,0.7040,1408.0,no,-5.8
2026-03-05 18:30,0.7780,1556.0,no,-10.4
2026-03-05 19:00,0.6960,1392.0,no,-14.9
2026-03-05 19:30,0.5160,1032.0,no,-19.4
2026-03-05 20:00,0.5540,1108.0,no,-23.7
2026-03-05 20:30,0.5520,1104.0,no,-27.9
2026-03-05 21:00,0.5330,1066.0,no,-31.8
2026-03-05 21:30,0.5020,1004.0,no,-35.3
2026-03-05 22:00,0.5160,1032.0,no,-38.4
2026-03-05 22:30,0.5590,1118.0,no,-41.0
2026-03-05 23:00,0.6810,1362.0,no,-42.9
2026-03-05 23:30,0.5200,1040.0,no,-44.0
2026-03-06 00:00,0.5020,1004.0,no,-44.0
2026-03-06 00:30,0.4760,952.0,no,-43.5
2026-03-06 01:00,0.4760,952.0,no,-42.2
2026-03-06 01:30,0.4990,998.0,no,-40.2
2026-03-06 02:00,0.5150,1030.0,no,-37.5
2026-03-06 02:30,0.4610,922.0,no,-34.4
2026-03-06 03:00,0.4740,948.0,no,-30.8
2026-03-06 03:30,0.4970,994.0,no,-26.8
2026-03-06 04:00,0.4920,984.0,no,-22.6
2026-03-06 04:30,0.4780,956.0,no,-18.3
2026-03-06 05:00,0.4660,932.0,no,-13.8
2026-03-06 05:30,0.5120,1024.0,no,-9.2
2026-03-06 06:00,0.5010,1002.0,no,-4.6
2026-03-06 06:30,0.6000,1200.0,no,-0.1
2026-03-06 07:00,0.6470,1294.0,no,4.4
2026-03-06 07:30,1.0310,2062.0,yes,8.7
2026-03-06 08:00,1.0560,2112.0,yes,12.8
2026-03-06 08:30,0.5250,1050.0,yes,16.7
2026-03-06 09:00,0.4500,900.0,yes,20.2
2026-03-06 09:30,0.4410,882.0,yes,23.4
2026-03-06 10:00,0.4570,914.0,yes,26.2
2026-03-06 10:30,0.4620,924.0,yes,28.4
2026-03-06 11:00,0.3840,768.0,yes,30.0
2026-03-06 11:30,0.4740,948.0,yes,30.9
2026-03-06 12:00,0.4010,802.0,yes,31.2
2026-03-06 12:30,0.3750,750.0,yes,30.8
2026-03-06 13:00,0.4170,834.0,yes,29.7
2026-03-06 13:30,0.4430,886.0,yes,28.0
2026-03-06 14:00,0.4620,924.0,yes,25.7
2026-03-06 14:30,0.4580,916.0,yes,22.9
2026-03-06 15:00,0.4950,990.0,yes,19.6
2026-03-06 15:30,0.5590,1118.0,yes,16.0
2026-03-06 16:00,0.4890,978.0,yes,12.0
2026-03-06 16:30,0.4890,978.0,yes,7.9
2026-03-06 17:00,0.5050,1010.0,no,3.5
2026-03-06 17:30,0.6360,1272.0,no,-0.9
2026-03-06 18:00,0.5620,1124.0,no,-5.5
2026-03-06 18:30,0.6030,1206.0,no,-10.0
2026-03-06 19:00,0.6900,1380.0,no,-14.6
2026-03-06 19:30,0.7400,1480.0,no,-19.1
2026-03-06 20:00,0.5240,1048.0,no,-23.4
2026-03-06 20:30,0.9410,1882.0,no,-27.6
2026-03-06 21:00,0.5660,1132.0,no,-31.5
2026-03-06 21:30,0.5600,1120.0,no,-35.0
2026-03-06 22:00,0.5700,1140.0,no,-38.1
2026-03-06 22:30,0.5320,1064.0,no,-40.6
2026-03-06 23:00,0.5350,1070.0,no,-42.5
2026-03-06 23:30,0.5190,1038.0,no,-43.6
2026-03-07 00:00,0.3480,696.0,no,-43.6
2026-03-07 00:30,0.4000,800.0,no,-43.1
2026-03-07 01:00,0.3800,760.0,no,-41.8
2026-03-07 01:30,0.3730,746.0,no,-39.8
2026-03-07 02:00,0.3600,720.0,no,-37.2
2026-03-07 02:30,0.3690,738.0,no,-34.0
2026-03-07 03:00,0.4040,808.0,no,-30.4
2026-03-07 03:30,0.3460,692.0,no,-26.5
2026-03-07 04:00,0.3550,710.0,no,-22.3
2026-03-07 04:30,0.3770,754.0,no,-17.9
2026-03-07 05:00,0.3840,768.0,no,-13.4
2026-03-07 05:30,0.3740,748.0,no,-8.9
2026-03-07 06:00,0.3460,692.0,no,-4.3
2026-03-07 06:30,0.4790,958.0,no,0.2
2026-03-07 07:00,0.4730,946.0,no,4.7
2026-03-07 07:30,0.5790,1158.0,yes,9.0
2026-03-07 08:00,0.3350,670.0,yes,13.1
2026-03-07 08:30,0.3260,652.0,yes,17.0
2026-03-07 09:00,0.3440,688.0,yes,20.6
2026-03-07 09:30,0.2910,582.0,yes,23.8
2026-03-07 10:00,0.2630,526.0,yes,26.5
2026-03-07 10:30,0.2490,498.0,yes,28.7
2026-03-07 11:00,0.2680,536.0,yes,30.4
2026-03-07 11:30,0.2860,572.0,yes,31.3
2026-03-07 12:00,0.2030,406.0,yes,31.6
2026-03-07 12:30,0.4990,998.0,yes,31.2
2026-03-07 13:00,0.4580,916.0,yes,30.1
2026-03-07 13:30,0.4820,964.0,yes,28.4
2026-03-07 14:00,0.5780,1156.0,yes,26.0
2026-03-07 14:30,0.5200,1040.0,yes,23.2
2026-03-07 15:00,0.5540,1108.0,yes,19.9
2026-03-07 15:30,0.5700,1140.0,yes,16.3
2026-03-07 16:00,0.6350,1270.0,yes,12.4
2026-03-07 16:30,0.6450,1290.0,yes,8.2
2026-03-07 17:00,0.7070,1414.0,no,3.9
2026-03-07 17:30,0.7520,1504.0,no,-0.6
2026-03-07 18:00,0.6890,1378.0,no,-5.2
2026-03-07 18:30,0.7110,1422.0,no,-9.7
2026-03-07 19:00,0.7530,1506.0,no,-14.3
2026-03-07 19:30,0.7670,1534.0,no,-18.8
2026-03-07 20:00,0.8110,1622.0,no,-23.1
2026-03-07 20:30,0.6750,1350.0,no,-27.3
2026-03-07 21:00,1.0920,2184.0,no,-31.1
2026-03-07 21:30,0.7180,1436.0,no,-34.6
2026-03-07 22:00,0.6730,1346.0,no,-37.7
2026-03-07 22:30,0.6040,1208.0,no,-40.2
2026-03-07 23:00,0.6090,1218.0,no,-42.1
2026-03-07 23:30,0.6590,1318.0,no,-43.3
2026-03-08 00:00,0.6260,1252.0,no,-43.2
2026-03-08 00:30,0.6490,1298.0,no,-42.7
2026-03-08 01:00,0.6340,1268.0,no,-41.4
2026-03-08 01:30,0.5860,1172.0,no,-39.4
2026-03-08 02:00,0.5850,1170.0,no,-36.8
2026-03-08 02:30,0.5980,1196.0,no,-33.7
2026-03-08 03:00,0.6010,1202.0,no,-30.1
2026-03-08 03:30,0.6220,1244.0,no,-26.2
2026-03-08 04:00,0.5870,1174.0,no,-22.0
2026-03-08 04:30,0.5810,1162.0,no,-17.6
2026-03-08 05:00,0.6030,1206.0,no,-13.1
2026-03-08 05:30,0.4990,998.0,no,-8.6
2026-03-08 06:00,0.4810,962.0,no,-4.0
2026-03-08 06:30,0.4440,888.0,no,0.5
2026-03-08 07:00,0.4810,962.0,no,5.0
2026-03-08 07:30,0.4570,914.0,yes,9.3
2026-03-08 08:00,0.4100,820.0,yes,13.5
2026-03-08 08:30,0.4370,874.0,yes,17.4
2026-03-08 09:00,0.4170,834.0,yes,20.9
2026-03-08 09:30,0.4330,866.0,yes,24.1
2026-03-08 10:00,0.3830,766.0,yes,26.9
2026-03-08 10:30,0.3450,690.0,yes,29.1
2026-03-08 11:00,0.3380,676.0,yes,30.7
2026-03-08 11:30,0.7120,1424.0,yes,31.7
2026-03-08 12:00,0.3590,718.0,yes,32.0
2026-03-08 12:30,0.2920,584.0,yes,31.6
2026-03-08 13:00,0.3780,756.0,yes,30.5
2026-03-08 13:30,2.1350,4270.0,yes,28.7
2026-03-08 14:00,0.3650,730.0,yes,26.4
2026-03-08 14:30,0.4470,894.0,yes,23.6
2026-03-08 15:00,0.4300,860.0,yes,20.3
2026-03-08 15:30,0.8570,1714.0,yes,16.6
2026-03-08 16:00,0.6560,1312.0,yes,12.7
2026-03-08 16:30,0.6740,1348.0,yes,8.5
2026-03-08 17:00,0.6560,1312.0,no,4.2
2026-03-08 17:30,0.6220,1244.0,no,-0.3
2026-03-08 18:00,0.9050,1810.0,no,-4.9
2026-03-08 18:30,1.4570,2914.0,no,-9.4
2026-03-08 19:00,1.1330,2266.0,no,-14.0
2026-03-08 19:30,1.2960,2592.0,no,-18.5
2026-03-08 20:00,2.0900,4180.0,no,-22.8
2026-03-08 20:30,1.0310,2062.0,no,-26.9
2026-03-08 21:00,0.7690,1538.0,no,-30.8
2026-03-08 21:30,0.7850,1570.0,no,-34.3
2026-03-08 22:00,0.7410,1482.0,no,-37.4
2026-03-08 22:30,0.7600,1520.0,no,-39.9
2026-03-08 23:00,0.6160,1232.0,no,-41.7
2026-03-08 23:30,0.5130,1026.0,no,-42.9
2026-03-09 00:00,0.3350,670.0,no,-42.8
2026-03-09 00:30,0.3110,622.0,no,-42.3
2026-03-09 01:00,0.3190,638.0,no,-41.1
2026-03-09 01:30,0.2790,558.0,no,-39.1
2026-03-09 02:00,0.3260,652.0,no,-36.5
2026-03-09 02:30,0.3190,638.0,no,-33.3
2026-03-09 03:00,0.3090,618.0,no,-29.8
2026-03-09 03:30,0.2930,586.0,no,-25.8
2026-03-09 04:00,0.2930,586.0,no,-21.7
2026-03-09 04:30,0.3410,682.0,no,-17.3
2026-03-09 05:00,0.3220,644.0,no,-12.8
2026-03-09 05:30,0.3140,628.0,no,-8.3
2026-03-09 06:00,0.3330,666.0,no,-3.7
2026-03-09 06:30,0.4310,862.0,no,0.8
2026-03-09 07:00,0.4570,914.0,yes,5.3
2026-03-09 07:30,0.3010,602.0,yes,9.6
2026-03-09 08:00,0.2800,560.0,yes,13.8
2026-03-09 08:30,0.2260,452.0,yes,17.7
2026-03-09 09:00,0.2010,402.0,yes,21.3
2026-03-09 09:30,0.1850,370.0,yes,24.5
2026-03-09 10:00,0.2170,434.0,yes,27.3
2026-03-09 10:30,0.2030,406.0,yes,29.5
2026-03-09 11:00,0.1840,368.0,yes,31.1
2026-03-09 11:30,0.1890,378.0,yes,32.1
2026-03-09 12:00,0.1910,382.0,yes,32.4
2026-03-09 12:30,0.1070,214.0,yes,32.0
2026-03-09 13:00,0.1100,220.0,yes,30.9
2026-03-09 13:30,0.1550,310.0,yes,29.1
2026-03-09 14:00,0.0620,124.0,yes,26.8
2026-03-09 14:30,0.0520,104.0,yes,23.9
2026-03-09 15:00,0.1230,246.0,yes,20.6
2026-03-09 15:30,0.2110,422.0,yes,17.0
2026-03-09 16:00,0.2750,550.0,yes,13.0
2026-03-09 16:30,0.3100,620.0,yes,8.8
2026-03-09 17:00,0.2910,582.0,no,4.5
2026-03-09 17:30,0.4140,828.0,no,0.0
2026-03-09 18:00,0.4280,856.0,no,-4.5
2026-03-09 18:30,0.4070,814.0,no,-9.1
2026-03-09 19:00,1.1680,2336.0,no,-13.7
2026-03-09 19:30,1.4010,2802.0,no,-18.1
2026-03-09 20:00,0.7600,1520.0,no,-22.5
2026-03-09 20:30,0.5660,1132.0,no,-26.6
2026-03-09 21:00,0.5050,1010.0,no,-30.4
2026-03-09 21:30,0.4720,944.0,no,-33.9
2026-03-09 22:00,0.4580,916.0,no,-37.0
2026-03-09 22:30,0.3480,696.0,no,-39.5
2026-03-09 23:00,0.3150,630.0,no,-41.4
2026-03-09 23:30,0.3340,668.0,no,-42.5
2026-03-10 00:00,0.2840,568.0,no,-42.4
2026-03-10 00:30,0.2940,588.0,no,-41.9
2026-03-10 01:00,0.3090,618.0,no,-40.7
2026-03-10 01:30,0.3130,626.0,no,-38.7
2026-03-10 02:00,0.3140,628.0,no,-36.1
2026-03-10 02:30,0.2970,594.0,no,-33.0
2026-03-10 03:00,0.3400,680.0,no,-29.4
2026-03-10 03:30,0.3250,650.0,no,-25.5
2026-03-10 04:00,0.3060,612.0,no,-21.3
2026-03-10 04:30,0.2950,590.0,no,-17.0
2026-03-10 05:00,0.3260,652.0,no,-12.5
2026-03-10 05:30,0.3540,708.0,no,-8.0
2026-03-10 06:00,0.3440,688.0,no,-3.4
2026-03-10 06:30,0.3030,606.0,no,1.2
2026-03-10 07:00,0.3250,650.0,yes,5.6
2026-03-10 07:30,0.2250,450.0,yes,10.0
2026-03-10 08:00,0.0020,4.0,yes,14.1
2026-03-10 08:30,0.0090,18.0,yes,18.0
2026-03-10 09:00,0.1040,208.0,yes,21.6
2026-03-10 09:30,0.0440,88.0,yes,24.9
2026-03-10 10:00,0.0000,0.0,yes,27.6
2026-03-10 10:30,0.0000,0.0,yes,29.9
2026-03-10 11:00,0.0010,2.0,yes,31.5
2026-03-10 11:30,0.0010,2.0,yes,32.5
2026-03-10 12:00,0.0010,2.0,yes,32.8
2026-03-10 12:30,0.0730,146.0,yes,32.4
2026-03-10 13:00,0.0000,0.0,yes,31.3
2026-03-10 13:30,0.0210,42.0,yes,29.5
2026-03-10 14:00,0.0150,30.0,yes,27.2
2026-03-10 14:30,0.0220,44.0,yes,24.3
2026-03-10 15:00,0.1290,258.0,yes,21.0
2026-03-10 15:30,0.2170,434.0,yes,17.3
2026-03-10 16:00,0.2740,548.0,yes,13.4
2026-03-10 16:30,0.2740,548.0,yes,9.2
2026-03-10 17:00,0.3500,700.0,no,4.8
2026-03-10 17:30,0.3900,780.0,no,0.3
2026-03-10 18:00,0.4070,814.0,no,-4.2
2026-03-10 18:30,0.4890,978.0,no,-8.8
2026-03-10 19:00,1.1370,2274.0,no,-13.4
2026-03-10 19:30,1.7580,3516.0,no,-17.8
2026-03-10 20:00,0.8020,1604.0,no,-22.1
2026-03-10 20:30,0.5960,1192.0,no,-26.3
2026-03-10 21:00,0.5430,1086.0,no,-30.1
2026-03-10 21:30,0.6520,1304.0,no,-33.6
2026-03-10 22:00,0.6870,1374.0,no,-36.6
2026-03-10 22:30,0.5440,1088.0,no,-39.1
2026-03-10 23:00,0.5360,1072.0,no,-41.0
2026-03-10 23:30,0.5470,1094.0,no,-42.1
2026-03-11 00:00,1.0490,2098.0,no,-42.0
2026-03-11 00:30,0.9740,1948.0,no,-41.5
2026-03-11 01:00,0.3380,676.0,no,-40.3
2026-03-11 01:30,0.3610,722.0,no,-38.3
2026-03-11 02:00,0.3570,714.0,no,-35.7
2026-03-11 02:30,0.3660,732.0,no,-32.6
2026-03-11 03:00,0.3230,646.0,no,-29.1
2026-03-11 03:30,0.3420,684.0,no,-25.2
2026-03-11 04:00,0.3650,730.0,no,-21.0
2026-03-11 04:30,0.3480,696.0,no,-16.7
2026-03-11 05:00,0.3590,718.0,no,-12.2
2026-03-11 05:30,0.3440,688.0,no,-7.6
2026-03-11 06:00,0.3790,758.0,no,-3.1
2026-03-11 06:30,0.3270,654.0,no,1.5
2026-03-11 07:00,0.2500,500.0,yes,5.9
2026-03-11 07:30,0.1410,282.0,yes,10.3
2026-03-11 08:00,0.0000,0.0,yes,14.5
2026-03-11 08:30,0.0380,76.0,yes,18.4
2026-03-11 09:00,0.0200,40.0,yes,22.0
2026-03-11 09:30,0.0000,0.0,yes,25.2
2026-03-11 10:00,0.0000,0.0,yes,28.0
2026-03-11 10:30,0.6510,1302.0,yes,30.3
2026-03-11 11:00,0.2050,410.0,yes,31.9
2026-03-11 11:30,0.1160,232.0,yes,32.9
2026-03-11 12:00,0.1900,380.0,yes,33.2
2026-03-11 12:30,0.0590,118.0,yes,32.8
2026-03-11 13:00,0.0660,132.0,yes,31.6
2026-03-11 13:30,0.0850,170.0,yes,29.9
2026-03-11 14:00,0.6750,1350.0,yes,27.5
2026-03-11 14:30,0.4690,938.0,yes,24.7
2026-03-11 15:00,0.3390,678.0,yes,21.3
2026-03-11 15:30,0.2520,504.0,yes,17.7
2026-03-11 16:00,0.2820,564.0,yes,13.7
2026-03-11 16:30,0.3110,622.0,yes,9.5
2026-03-11 17:00,0.3200,640.0,yes,5.1
2026-03-11 17:30,0.4080,816.0,no,0.6
2026-03-11 18:00,0.5010,1002.0,no,-3.9
2026-03-11 18:30,0.9530,1906.0,no,-8.5
2026-03-11 19:00,1.1040,2208.0,no,-13.0
2026-03-11 19:30,0.7290,1458.0,no,-17.5
2026-03-11 20:00,1.7770,3554.0,no,-21.8
2026-03-11 20:30,0.6700,1340.0,no,-25.9
2026-03-11 21:00,0.5760,1152.0,no,-29.8
2026-03-11 21:30,0.5860,1172.0,no,-33.2
2026-03-11 22:00,0.6420,1284.0,no,-36.3
2026-03-11 22:30,0.6460,1292.0,no,-38.7
2026-03-11 23:00,0.5110,1022.0,no,-40.6
2026-03-11 23:30,0.4540,908.0,no,-41.7
2026-03-12 00:00,0.3880,776.0,no,-41.6
2026-03-12 00:30,0.3050,610.0,no,-41.1
2026-03-12 01:00,0.3060,612.0,no,-39.9
2026-03-12 01:30,0.3010,602.0,no,-37.9
2026-03-12 02:00,0.3370,674.0,no,-35.4
2026-03-12 02:30,0.3130,626.0,no,-32.3
2026-03-12 03:00,0.2870,574.0,no,-28.7
2026-03-12 03:30,0.2980,596.0,no,-24.8
2026-03-12 04:00,0.3140,628.0,no,-20.7
2026-03-12 04:30,0.3320,664.0,no,-16.4
2026-03-12 05:00,0.2990,598.0,no,-11.9
2026-03-12 05:30,0.3080,616.0,no,-7.3
2026-03-12 06:00,0.3260,652.0,no,-2.8
2026-03-12 06:30,0.3220,644.0,no,1.8
2026-03-12 07:00,0.3450,690.0,yes,6.3
2026-03-12 07:30,0.4420,884.0,yes,10.6
2026-03-12 08:00,0.2680,536.0,yes,14.8
2026-03-12 08:30,0.1900,380.0,yes,18.7
2026-03-12 09:00,0.7680,1536.0,yes,22.3
2026-03-12 09:30,0.1400,280.0,yes,25.6
2026-03-12 10:00,0.1800,360.0,yes,28.4
2026-03-12 10:30,0.0460,92.0,yes,30.6
2026-03-12 11:00,0.4810,962.0,yes,32.3
2026-03-12 11:30,0.3050,610.0,yes,33.3
2026-03-12 12:00,0.8450,1690.0,yes,33.6
2026-03-12 12:30,1.6990,3398.0,yes,33.2
2026-03-12 13:00,0.3120,624.0,yes,32.0
2026-03-12 13:30,0.5730,1146.0,yes,30.3
2026-03-12 14:00,0.7630,1526.0,yes,27.9
2026-03-12 14:30,0.4120,824.0,yes,25.0
2026-03-12 15:00,0.6730,1346.0,yes,21.7
2026-03-12 15:30,0.6390,1278.0,yes,18.0
2026-03-12 16:00,0.5130,1026.0,yes,14.0
2026-03-12 16:30,0.5840,1168.0,yes,9.8
2026-03-12 17:00,0.5460,1092.0,yes,5.4
2026-03-12 17:30,1.3680,2736.0,no,0.9
2026-03-12 18:00,0.6280,1256.0,no,-3.6
2026-03-12 18:30,0.7660,1532.0,no,-8.2
2026-03-12 19:00,0.6790,1358.0,no,-12.7
2026-03-12 19:30,0.5800,1160.0,no,-17.2
2026-03-12 20:00,0.7310,1462.0,no,-21.5
2026-03-12 20:30,0.7800,1560.0,no,-25.6
2026-03-12 21:00,0.7420,1484.0,no,-29.4
2026-03-12 21:30,0.7320,1464.0,no,-32.9
2026-03-12 22:00,0.6360,1272.0,no,-35.9
2026-03-12 22:30,0.6180,1236.0,no,-38.4
2026-03-12 23:00,0.5130,1026.0,no,-40.2
2026-03-12 23:30,0.4660,932.0,no,-41.3
2026-03-13 00:00,0.4830,966.0,no,-41.2
2026-03-13 00:30,0.4550,910.0,no,-40.7
2026-03-13 01:00,0.4020,804.0,no,-39.5
2026-03-13 01:30,0.3870,774.0,no,-37.6
2026-03-13 02:00,0.4080,816.0,no,-35.0
2026-03-13 02:30,0.3830,766.0,no,-31.9
2026-03-13 03:00,0.3610,722.0,no,-28.4
2026-03-13 03:30,0.4040,808.0,no,-24.5
2026-03-13 04:00,0.3970,794.0,no,-20.4
2026-03-13 04:30,0.3880,776.0,no,-16.0
2026-03-13 05:00,0.3800,760.0,no,-11.6
2026-03-13 05:30,0.3860,772.0,no,-7.0
2026-03-13 06:00,0.4860,972.0,no,-2.4
2026-03-13 06:30,0.4790,958.0,no,2.1
2026-03-13 07:00,0.9170,1834.0,yes,6.6
2026-03-13 07:30,0.7270,1454.0,yes,10.9
2026-03-13 08:00,0.1830,366.0,yes,15.1
2026-03-13 08:30,0.2400,480.0,yes,19.1
2026-03-13 09:00,0.1060,212.0,yes,22.7
2026-03-13 09:30,0.0170,34.0,yes,25.9
2026-03-13 10:00,0.0000,0.0,yes,28.8
2026-03-13 10:30,0.0000,0.0,yes,31.0
2026-03-13 11:00,0.0010,2.0,yes,32.7
2026-03-13 11:30,0.0370,74.0,yes,33.7
2026-03-13 12:00,0.0990,198.0,yes,34.0
2026-03-13 12:30,0.0250,50.0,yes,33.6
2026-03-13 13:00,0.0140,28.0,yes,32.4
2026-03-13 13:30,0.0020,4.0,yes,30.6
2026-03-13 14:00,0.0080,16.0,yes,28.3
2026-03-13 14:30,0.0760,152.0,yes,25.4
2026-03-13 15:00,0.1810,362.0,yes,22.0
2026-03-13 15:30,0.2320,464.0,yes,18.3
2026-03-13 16:00,0.3170,634.0,yes,14.4
2026-03-13 16:30,0.6130,1226.0,yes,10.1
2026-03-13 17:00,0.6410,1282.0,yes,5.8
2026-03-13 17:30,0.6570,1314.0,no,1.3
2026-03-13 18:00,0.6780,1356.0,no,-3.3
2026-03-13 18:30,0.7780,1556.0,no,-7.9
2026-03-13 19:00,0.6560,1312.0,no,-12.4
2026-03-13 19:30,0.6180,1236.0,no,-16.9
2026-03-13 20:00,0.6860,1372.0,no,-21.2
2026-03-13 20:30,0.8500,1700.0,no,-25.3
2026-03-13 21:00,0.6210,1242.0,no,-29.1
2026-03-13 21:30,0.5820,1164.0,no,-32.5
2026-03-13 22:00,0.6080,1216.0,no,-35.5
2026-03-13 22:30,0.6430,1286.0,no,-38.0
2026-03-13 23:00,0.5440,1088.0,no,-39.8
2026-03-13 23:30,0.5050,1010.0,no,-40.9
2026-03-14 00:00,0.4900,980.0,no,-40.8
2026-03-14 00:30,0.4990,998.0,no,-40.3
2026-03-14 01:00,0.4600,920.0,no,-39.1
2026-03-14 01:30,0.4470,894.0,no,-37.2
2026-03-14 02:00,0.5080,1016.0,no,-34.6
2026-03-14 02:30,0.5320,1064.0,no,-31.5
2026-03-14 03:00,0.5520,1104.0,no,-28.0
2026-03-14 03:30,0.5370,1074.0,no,-24.2
2026-03-14 04:00,0.5620,1124.0,no,-20.0
2026-03-14 04:30,0.5820,1164.0,no,-15.7
2026-03-14 05:00,0.5280,1056.0,no,-11.2
2026-03-14 05:30,0.4990,998.0,no,-6.7
2026-03-14 06:00,0.4700,940.0,no,-2.1
2026-03-14 06:30,0.4290,858.0,no,2.4
2026-03-14 07:00,0.1740,348.0,yes,6.9
2026-03-14 07:30,0.0760,152.0,yes,11.3
2026-03-14 08:00,0.0300,60.0,yes,15.5
2026-03-14 08:30,0.0010,2.0,yes,19.4
2026-03-14 09:00,0.0000,0.0,yes,23.0
2026-03-14 09:30,0.0000,0.0,yes,26.3
2026-03-14 10:00,0.0040,8.0,yes,29.1
2026-03-14 10:30,0.0000,0.0,yes,31.4
2026-03-14 11:00,0.0000,0.0,yes,33.1
2026-03-14 11:30,0.0570,114.0,yes,34.1
2026-03-14 12:00,0.0790,158.0,yes,34.4
2026-03-14 12:30,0.0280,56.0,yes,33.9
2026-03-14 13:00,0.1040,208.0,yes,32.8
2026-03-14 13:30,0.0100,20.0,yes,31.0
2026-03-14 14:00,0.1430,286.0,yes,28.6
2026-03-14 14:30,0.0100,20.0,yes,25.7
2026-03-14 15:00,0.2490,498.0,yes,22.4
2026-03-14 15:30,0.3900,780.0,yes,18.7
2026-03-14 16:00,0.5080,1016.0,yes,14.7
2026-03-14 16:30,0.5060,1012.0,yes,10.5
2026-03-14 17:00,0.4870,974.0,yes,6.1
2026-03-14 17:30,0.5790,1158.0,no,1.6
2026-03-14 18:00,0.5800,1160.0,no,-3.0
2026-03-14 18:30,0.5630,1126.0,no,-7.5
2026-03-14 19:00,0.5150,1030.0,no,-12.1
2026-03-14 19:30,0.5530,1106.0,no,-16.5
2026-03-14 20:00,0.5150,1030.0,no,-20.8
2026-03-14 20:30,0.5050,1010.0,no,-24.9
2026-03-14 21:00,0.5300,1060.0,no,-28.7
2026-03-14 21:30,0.5250,1050.0,no,-32.2
2026-03-14 22:00,0.4600,920.0,no,-35.2
2026-03-14 22:30,0.4020,804.0,no,-37.6
2026-03-14 23:00,0.4340,868.0,no,-39.4
2026-03-14 23:30,0.4490,898.0,no,-40.5
2026-03-15 00:00,0.3800,760.0,no,-40.4
2026-03-15 00:30,0.3860,772.0,no,-40.0
2026-03-15 01:00,0.4120,824.0,no,-38.7
2026-03-15 01:30,0.5170,1034.0,no,-36.8
2026-03-15 02:00,0.4010,802.0,no,-34.3
2026-03-15 02:30,0.3720,744.0,no,-31.2
2026-03-15 03:00,0.3900,780.0,no,-27.7
2026-03-15 03:30,0.3960,792.0,no,-23.8
2026-03-15 04:00,0.3830,766.0,no,-19.7
2026-03-15 04:30,0.3300,660.0,no,-15.4
2026-03-15 05:00,0.3440,688.0,no,-10.9
2026-03-15 05:30,0.3720,744.0,no,-6.4
2026-03-15 06:00,0.3600,720.0,no,-1.8
2026-03-15 06:30,0.2600,520.0,no,2.7
2026-03-15 07:00,0.2100,420.0,yes,7.2
2026-03-15 07:30,0.0870,174.0,yes,11.6
2026-03-15 08:00,0.0010,2.0,yes,15.8
2026-03-15 08:30,0.0000,0.0,yes,19.7
2026-03-15 09:00,0.0110,22.0,yes,23.4
2026-03-15 09:30,0.0890,178.0,yes,26.7
2026-03-15 10:00,0.0690,138.0,yes,29.5
2026-03-15 10:30,0.0020,4.0,yes,31.8
2026-03-15 11:00,0.0250,50.0,yes,33.5
2026-03-15 11:30,0.3260,652.0,yes,34.5
2026-03-15 12:00,0.0030,6.0,yes,34.8
2026-03-15 12:30,0.2490,498.0,yes,34.3
2026-03-15 13:00,0.5550,1110.0,yes,33.2
2026-03-15 13:30,0.4060,812.0,yes,31.4
2026-03-15 14:00,0.3570,714.0,yes,29.0
2026-03-15 14:30,0.7030,1406.0,yes,26.1
2026-03-15 15:00,1.0110,2022.0,yes,22.7
2026-03-15 15:30,0.6820,1364.0,yes,19.0
2026-03-15 16:00,0.6770,1354.0,yes,15.0
2026-03-15 16:30,0.6990,1398.0,yes,10.8
2026-03-15 17:00,0.7580,1516.0,yes,6.4
2026-03-15 17:30,0.7140,1428.0,no,1.9
2026-03-15 18:00,0.6990,1398.0,no,-2.7
2026-03-15 18:30,0.6920,1384.0,no,-7.2
2026-03-15 19:00,1.2260,2452.0,no,-11.8
2026-03-15 19:30,1.0320,2064.0,no,-16.2
2026-03-15 20:00,1.0840,2168.0,no,-20.5
2026-03-15 20:30,0.7920,1584.0,no,-24.6
2026-03-15 21:00,0.7140,1428.0,no,-28.4
2026-03-15 21:30,0.7020,1404.0,no,-31.8
2026-03-15 22:00,0.7110,1422.0,no,-34.8
2026-03-15 22:30,0.7370,1474.0,no,-37.2
2026-03-15 23:00,0.6500,1300.0,no,-39.0
2026-03-15 23:30,0.3700,740.0,no,-40.1
2026-03-16 00:00,0.4090,818.0,no,-40.0
2026-03-16 00:30,0.3370,674.0,no,-39.6
2026-03-16 01:00,0.2990,598.0,no,-38.3
2026-03-16 01:30,0.3190,638.0,no,-36.4
2026-03-16 02:00,0.3170,634.0,no,-33.9
2026-03-16 02:30,0.3110,622.0,no,-30.8
2026-03-16 03:00,0.3090,618.0,no,-27.3
2026-03-16 03:30,0.2930,586.0,no,-23.5
2026-03-16 04:00,0.3370,674.0,no,-19.4
2026-03-16 04:30,0.3150,630.0,no,-15.1
2026-03-16 05:00,0.3220,644.0,no,-10.6
2026-03-16 05:30,0.3510,702.0,no,-6.1
2026-03-16 06:00,0.3190,638.0,no,-1.5
2026-03-16 06:30,0.3220,644.0,no,3.1
2026-03-16 07:00,0.2220,444.0,yes,7.6
2026-03-16 07:30,0.2040,408.0,yes,11.9
2026-03-16 08:00,0.2930,586.0,yes,16.1
2026-03-16 08:30,0.1440,288.0,yes,20.1
2026-03-16 09:00,0.0280,56.0,yes,23.8
2026-03-16 09:30,0.0250,50.0,yes,27.0
2026-03-16 10:00,0.0120,24.0,yes,29.9
2026-03-16 10:30,0.0890,178.0,yes,32.2
2026-03-16 11:00,0.0010,2.0,yes,33.9
2026-03-16 11:30,0.0000,0.0,yes,34.9
2026-03-16 12:00,0.2400,480.0,yes,35.2
2026-03-16 12:30,0.0610,122.0,yes,34.7
2026-03-16 13:00,0.1580,316.0,yes,33.6
2026-03-16 13:30,0.2400,480.0,yes,31.8
2026-03-16 14:00,0.2580,516.0,yes,29.4
2026-03-16 14:30,0.3180,636.0,yes,26.5
2026-03-16 15:00,0.3170,634.0,yes,23.1
2026-03-16 15:30,0.2920,584.0,yes,19.4
2026-03-16 16:00,0.3180,636.0,yes,15.4
2026-03-16 16:30,0.2810,562.0,yes,11.1
2026-03-16 17:00,0.5870,1174.0,yes,6.7
2026-03-16 17:30,0.5690,1138.0,no,2.2
2026-03-16 18:00,1.3650,2730.0,no,-2.3
2026-03-16 18:30,2.5030,5006.0,no,-6.9
2026-03-16 19:00,1.2150,2430.0,no,-11.4
2026-03-16 19:30,1.0480,2096.0,no,-15.9
2026-03-16 20:00,1.8070,3614.0,no,-20.2
2026-03-16 20:30,1.1280,2256.0,no,-24.2
2026-03-16 21:00,0.6590,1318.0,no,-28.0
2026-03-16 21:30,0.7100,1420.0,no,-31.4
2026-03-16 22:00,0.6660,1332.0,no,-34.4
2026-03-16 22:30,0.5450,1090.0,no,-36.8
2026-03-16 23:00,0.7950,1590.0,no,-38.6
2026-03-16 23:30,0.3090,618.0,no,-39.7
2026-03-17 00:00,0.3400,680.0,no,-39.6
2026-03-17 00:30,0.3270,654.0,no,-39.2
2026-03-17 01:00,0.2880,576.0,no,-37.9
2026-03-17 01:30,0.3160,632.0,no,-36.0
2026-03-17 02:00,0.3210,642.0,no,-33.5
2026-03-17 02:30,0.3320,664.0,no,-30.5
2026-03-17 03:00,0.2860,572.0,no,-27.0
2026-03-17 03:30,0.2910,582.0,no,-23.1
2026-03-17 04:00,0.3350,670.0,no,-19.0
2026-03-17 04:30,0.3160,632.0,no,-14.7
2026-03-17 05:00,0.3090,618.0,no,-10.3
2026-03-17 05:30,0.2860,572.0,no,-5.7
2026-03-17 06:00,0.3250,650.0,no,-1.2
2026-03-17 06:30,0.3220,644.0,no,3.4
2026-03-17 07:00,0.2520,504.0,yes,7.9
2026-03-17 07:30,0.2160,432.0,yes,12.3
2026-03-17 08:00,0.0980,196.0,yes,16.5
2026-03-17 08:30,0.0330,66.0,yes,20.4
2026-03-17 09:00,0.0790,158.0,yes,24.1
2026-03-17 09:30,0.0100,20.0,yes,27.4
2026-03-17 10:00,0.0060,12.0,yes,30.3
2026-03-17 10:30,0.0150,30.0,yes,32.6
2026-03-17 11:00,0.0000,0.0,yes,34.3
2026-03-17 11:30,0.4620,924.0,yes,35.3
2026-03-17 12:00,0.4990,998.0,yes,35.6
2026-03-17 12:30,0.0000,0.0,yes,35.1
2026-03-17 13:00,0.0000,0.0,yes,34.0
2026-03-17 13:30,0.0360,72.0,yes,32.2
2026-03-17 14:00,0.0850,170.0,yes,29.8
2026-03-17 14:30,1.3160,2632.0,yes,26.8
2026-03-17 15:00,1.3760,2752.0,yes,23.5
2026-03-17 15:30,0.3900,780.0,yes,19.7
2026-03-17 16:00,0.3130,626.0,yes,15.7
2026-03-17 16:30,0.3280,656.0,yes,11.5
2026-03-17 17:00,0.3490,698.0,yes,7.1
2026-03-17 17:30,0.3600,720.0,no,2.5
2026-03-17 18:00,0.4320,864.0,no,-2.0
2026-03-17 18:30,0.4250,850.0,no,-6.6
2026-03-17 19:00,0.6350,1270.0,no,-11.1
2026-03-17 19:30,0.8050,1610.0,no,-15.6
2026-03-17 20:00,0.9800,1960.0,no,-19.8
2026-03-17 20:30,0.7570,1514.0,no,-23.9
2026-03-17 21:00,0.4380,876.0,no,-27.7
2026-03-17 21:30,0.4120,824.0,no,-31.1
2026-03-17 22:00,0.4080,816.0,no,-34.0
2026-03-17 22:30,0.4560,912.0,no,-36.4
2026-03-17 23:00,0.4140,828.0,no,-38.2
2026-03-17 23:30,0.3420,684.0,no,-39.3
2026-03-18 00:00,0.4040,808.0,no,-39.2
2026-03-18 00:30,0.4600,920.0,no,-38.8
2026-03-18 01:00,0.4160,832.0,no,-37.6
2026-03-18 01:30,0.3290,658.0,no,-35.7
2026-03-18 02:00,0.3800,760.0,no,-33.1
2026-03-18 02:30,0.3670,734.0,no,-30.1
2026-03-18 03:00,0.3530,706.0,no,-26.6
2026-03-18 03:30,0.3510,702.0,no,-22.8
2026-03-18 04:00,0.3720,744.0,no,-18.7
2026-03-18 04:30,0.3650,730.0,no,-14.4
2026-03-18 05:00,0.3500,700.0,no,-10.0
2026-03-18 05:30,0.3940,788.0,no,-5.4
2026-03-18 06:00,0.3740,748.0,no,-0.9
2026-03-18 06:30,0.1940,388.0,no,3.7
2026-03-18 07:00,0.0690,138.0,yes,8.2
2026-03-18 07:30,0.0000,0.0,yes,12.6
2026-03-18 08:00,0.0000,0.0,yes,16.8
2026-03-18 08:30,0.0000,0.0,yes,20.8
2026-03-18 09:00,0.0000,0.0,yes,24.5
2026-03-18 09:30,0.0000,0.0,yes,27.8
2026-03-18 10:00,0.0000,0.0,yes,30.6
2026-03-18 10:30,0.0000,0.0,yes,33.0
2026-03-18 11:00,0.0000,0.0,yes,34.7
2026-03-18 11:30,0.0270,54.0,yes,35.7
2026-03-18 12:00,0.0000,0.0,yes,36.0
2026-03-18 12:30,0.0010,2.0,yes,35.5
2026-03-18 13:00,0.0000,0.0,yes,34.4
2026-03-18 13:30,0.0000,0.0,yes,32.6
2026-03-18 14:00,0.0000,0.0,yes,30.1
2026-03-18 14:30,0.0410,82.0,yes,27.2
2026-03-18 15:00,0.4070,814.0,yes,23.8
2026-03-18 15:30,0.4440,888.0,yes,20.1
2026-03-18 16:00,0.5050,1010.0,yes,16.0
2026-03-18 16:30,0.4990,998.0,yes,11.8
2026-03-18 17:00,0.5610,1122.0,yes,7.4
2026-03-18 17:30,0.6370,1274.0,no,2.9
2026-03-18 18:00,0.8160,1632.0,no,-1.7
2026-03-18 18:30,0.9750,1950.0,no,-6.3
2026-03-18 19:00,1.4640,2928.0,no,-10.8
2026-03-18 19:30,0.9600,1920.0,no,-15.2
2026-03-18 20:00,0.6130,1226.0,no,-19.5
2026-03-18 20:30,0.6110,1222.0,no,-23.5
2026-03-18 21:00,0.6120,1224.0,no,-27.3
2026-03-18 21:30,0.5750,1150.0,no,-30.7
2026-03-18 22:00,0.6170,1234.0,no,-33.7
2026-03-18 22:30,1.5810,3162.0,no,-36.1
2026-03-18 23:00,1.0910,2182.0,no,-37.8
2026-03-18 23:30,0.3350,670.0,no,-38.9
2026-03-19 00:00,0.3470,694.0,no,-38.8
2026-03-19 00:30,0.3270,654.0,no,-38.4
2026-03-19 01:00,0.3330,666.0,no,-37.2
2026-03-19 01:30,0.3120,624.0,no,-35.3
2026-03-19 02:00,0.3010,602.0,no,-32.8
2026-03-19 02:30,0.3500,700.0,no,-29.7
2026-03-19 03:00,0.3260,652.0,no,-26.3
2026-03-19 03:30,0.3130,626.0,no,-22.5
2026-03-19 04:00,0.3090,618.0,no,-18.4
2026-03-19 04:30,0.3330,666.0,no,-14.1
2026-03-19 05:00,0.3240,648.0,no,-9.6
2026-03-19 05:30,0.2880,576.0,no,-5.1
2026-03-19 06:00,0.3790,758.0,no,-0.5
2026-03-19 06:30,0.2780,556.0,no,4.0
2026-03-19 07:00,0.2030,406.0,yes,8.5
2026-03-19 07:30,0.0010,2.0,yes,12.9
2026-03-19 08:00,0.0000,0.0,yes,17.1
2026-03-19 08:30,0.0000,0.0,yes,21.1
2026-03-19 09:00,0.0000,0.0,yes,24.8
2026-03-19 09:30,0.0000,0.0,yes,28.1
2026-03-19 10:00,0.0000,0.0,yes,31.0
2026-03-19 10:30,0.0000,0.0,yes,33.3
2026-03-19 11:00,0.0000,0.0,yes,35.1
2026-03-19 11:30,0.0000,0.0,yes,36.1
2026-03-19 12:00,0.0590,118.0,yes,36.4
2026-03-19 12:30,0.0000,0.0,yes,35.9
2026-03-19 13:00,0.0000,0.0,yes,34.8
2026-03-19 13:30,0.0000,0.0,yes,33.0
2026-03-19 14:00,0.0000,0.0,yes,30.5
2026-03-19 14:30,0.0150,30.0,yes,27.6
2026-03-19 15:00,0.1900,380.0,yes,24.2
2026-03-19 15:30,0.2720,544.0,yes,20.4
2026-03-19 16:00,0.2640,528.0,yes,16.4
2026-03-19 16:30,0.3450,690.0,yes,12.1
2026-03-19 17:00,0.4480,896.0,yes,7.7
2026-03-19 17:30,0.5200,1040.0,no,3.2
2026-03-19 18:00,0.5440,1088.0,no,-1.4
2026-03-19 18:30,0.5960,1192.0,no,-6.0
2026-03-19 19:00,0.6150,1230.0,no,-10.5
2026-03-19 19:30,0.4650,930.0,no,-14.9
2026-03-19 20:00,0.4380,876.0,no,-19.2
2026-03-19 20:30,0.4250,850.0,no,-23.2
2026-03-19 21:00,0.4700,940.0,no,-27.0
2026-03-19 21:30,0.4330,866.0,no,-30.3
2026-03-19 22:00,0.4110,822.0,no,-33.3
2026-03-19 22:30,0.4980,996.0,no,-35.7
2026-03-19 23:00,0.4570,914.0,no,-37.4
2026-03-19 23:30,0.4310,862.0,no,-38.5
2026-03-20 00:00,0.4000,800.0,no,-38.4
2026-03-20 00:30,0.4400,880.0,no,-38.0
2026-03-20 01:00,0.3940,788.0,no,-36.8
2026-03-20 01:30,0.3610,722.0,no,-34.9
2026-03-20 02:00,0.3360,672.0,no,-32.4
2026-03-20 02:30,0.3500,700.0,no,-29.4
2026-03-20 03:00,0.3770,754.0,no,-25.9
2026-03-20 03:30,0.3250,650.0,no,-22.1
2026-03-20 04:00,0.3330,666.0,no,-18.0
2026-03-20 04:30,0.3590,718.0,no,-13.8
2026-03-20 05:00,0.3610,722.0,no,-9.3
2026-03-20 05:30,0.3660,732.0,no,-4.8
2026-03-20 06:00,0.3580,716.0,no,-0.2
2026-03-20 06:30,0.4450,890.0,no,4.4
2026-03-20 07:00,0.3810,762.0,yes,8.9
2026-03-20 07:30,0.3840,768.0,yes,13.2
2026-03-20 08:00,0.2360,472.0,yes,17.5
2026-03-20 08:30,0.1800,360.0,yes,21.5
2026-03-20 09:00,0.0790,158.0,yes,25.2
2026-03-20 09:30,0.0000,0.0,yes,28.5
2026-03-20 10:00,0.0000,0.0,yes,31.4
2026-03-20 10:30,0.0000,0.0,yes,33.7
2026-03-20 11:00,0.0000,0.0,yes,35.5
2026-03-20 11:30,0.0250,50.0,yes,36.5
2026-03-20 12:00,0.0870,174.0,yes,36.8
2026-03-20 12:30,0.0000,0.0,yes,36.3
2026-03-20 13:00,0.0000,0.0,yes,35.2
2026-03-20 13:30,0.0000,0.0,yes,33.3
2026-03-20 14:00,0.0000,0.0,yes,30.9
2026-03-20 14:30,0.0000,0.0,yes,27.9
2026-03-20 15:00,0.0710,142.0,yes,24.5
2026-03-20 15:30,0.1320,264.0,yes,20.8
2026-03-20 16:00,0.1330,266.0,yes,16.7
2026-03-20 16:30,0.2310,462.0,yes,12.4
2026-03-20 17:00,0.3070,614.0,yes,8.0
2026-03-20 17:30,0.3290,658.0,no,3.5
2026-03-20 18:00,0.7380,1476.0,no,-1.1
2026-03-20 18:30,1.0110,2022.0,no,-5.6
2026-03-20 19:00,1.3540,2708.0,no,-10.2
2026-03-20 19:30,0.9890,1978.0,no,-14.6
2026-03-20 20:00,0.5120,1024.0,no,-18.8
2026-03-20 20:30,0.9270,1854.0,no,-22.9
2026-03-20 21:00,0.5420,1084.0,no,-26.6
2026-03-20 21:30,0.6170,1234.0,no,-30.0
2026-03-20 22:00,0.8860,1772.0,no,-32.9
2026-03-20 22:30,0.4680,936.0,no,-35.3
2026-03-20 23:00,0.3940,788.0,no,-37.0
2026-03-20 23:30,0.3520,704.0,no,-38.1
2026-03-21 00:00,0.3780,756.0,no,-38.0
2026-03-21 00:30,0.3280,656.0,no,-37.6
2026-03-21 01:00,0.3400,680.0,no,-36.4
2026-03-21 01:30,0.3390,678.0,no,-34.5
2026-03-21 02:00,0.3130,626.0,no,-32.0
2026-03-21 02:30,0.2880,576.0,no,-29.0
2026-03-21 03:00,0.2860,572.0,no,-25.6
2026-03-21 03:30,0.3410,682.0,no,-21.8
2026-03-21 04:00,0.3130,626.0,no,-17.7
2026-03-21 04:30,0.3010,602.0,no,-13.4
2026-03-21 05:00,0.3170,634.0,no,-9.0
2026-03-21 05:30,0.3440,688.0,no,-4.5
2026-03-21 06:00,0.3400,680.0,no,0.1
2026-03-21 06:30,0.2710,542.0,no,4.7
2026-03-21 07:00,0.1950,390.0,yes,9.2
2026-03-21 07:30,0.0000,0.0,yes,13.6
2026-03-21 08:00,0.0000,0.0,yes,17.8
2026-03-21 08:30,0.3290,658.0,yes,21.8
2026-03-21 09:00,0.1300,260.0,yes,25.5
2026-03-21 09:30,0.0000,0.0,yes,28.9
2026-03-21 10:00,0.0000,0.0,yes,31.8
2026-03-21 10:30,0.0000,0.0,yes,34.1
2026-03-21 11:00,0.0000,0.0,yes,35.8
2026-03-21 11:30,0.0000,0.0,yes,36.9
2026-03-21 12:00,0.0000,0.0,yes,37.2
2026-03-21 12:30,0.0000,0.0,yes,36.7
2026-03-21 13:00,0.0000,0.0,yes,35.6
2026-03-21 13:30,0.0000,0.0,yes,33.7
2026-03-21 14:00,0.0000,0.0,yes,31.3
2026-03-21 14:30,0.0050,10.0,yes,28.3
2026-03-21 15:00,0.1470,294.0,yes,24.9
2026-03-21 15:30,0.2480,496.0,yes,21.1
2026-03-21 16:00,0.2600,520.0,yes,17.0
2026-03-21 16:30,0.2810,562.0,yes,12.8
2026-03-21 17:00,0.4280,856.0,yes,8.3
2026-03-21 17:30,0.5050,1010.0,no,3.8
2026-03-21 18:00,0.4680,936.0,no,-0.7
2026-03-21 18:30,0.4440,888.0,no,-5.3
2026-03-21 19:00,0.4990,998.0,no,-9.8
2026-03-21 19:30,0.5490,1098.0,no,-14.2
2026-03-21 20:00,0.4540,908.0,no,-18.5
2026-03-21 20:30,0.4250,850.0,no,-22.5
2026-03-21 21:00,0.4820,964.0,no,-26.2
2026-03-21 21:30,0.3980,796.0,no,-29.6
2026-03-21 22:00,0.3760,752.0,no,-32.5
2026-03-21 22:30,0.3810,762.0,no,-34.9
2026-03-21 23:00,0.4150,830.0,no,-36.6
2026-03-21 23:30,0.3540,708.0,no,-37.7
2026-03-22 00:00,0.2700,540.0,no,-37.6
2026-03-22 00:30,0.3000,600.0,no,-37.2
2026-03-22 01:00,0.2970,594.0,no,-36.0
2026-03-22 01:30,0.3010,602.0,no,-34.1
2026-03-22 02:00,0.2740,548.0,no,-31.6
2026-03-22 02:30,0.2680,536.0,no,-28.7
2026-03-22 03:00,0.3210,642.0,no,-25.2
2026-03-22 03:30,0.2930,586.0,no,-21.4
2026-03-22 04:00,0.2800,560.0,no,-17.4
2026-03-22 04:30,0.2650,530.0,no,-13.1
2026-03-22 05:00,0.2910,582.0,no,-8.7
2026-03-22 05:30,0.3120,624.0,no,-4.1
2026-03-22 06:00,0.2700,540.0,no,0.4
2026-03-22 06:30,0.2600,520.0,no,5.0
2026-03-22 07:00,0.2280,456.0,yes,9.5
2026-03-22 07:30,0.6160,1232.0,yes,13.9
2026-03-22 08:00,0.3230,646.0,yes,18.1
2026-03-22 08:30,0.1490,298.0,yes,22.2
2026-03-22 09:00,0.1180,236.0,yes,25.9
2026-03-22 09:30,0.1020,204.0,yes,29.2
2026-03-22 10:00,0.2180,436.0,yes,32.1
2026-03-22 10:30,0.0200,40.0,yes,34.5
2026-03-22 11:00,0.0000,0.0,yes,36.2
2026-03-22 11:30,0.0000,0.0,yes,37.3
2026-03-22 12:00,0.0000,0.0,yes,37.6
2026-03-22 12:30,0.0000,0.0,yes,37.2
2026-03-22 13:00,0.0000,0.0,yes,36.0
2026-03-22 13:30,0.1220,244.0,yes,34.1
2026-03-22 14:00,0.0060,12.0,yes,31.6
2026-03-22 14:30,0.0270,54.0,yes,28.7
2026-03-22 15:00,0.0750,150.0,yes,25.2
2026-03-22 15:30,0.1700,340.0,yes,21.4
2026-03-22 16:00,0.3260,652.0,yes,17.4
2026-03-22 16:30,0.3840,768.0,yes,13.1
2026-03-22 17:00,0.7410,1482.0,yes,8.7
2026-03-22 17:30,1.5130,3026.0,no,4.1
2026-03-22 18:00,1.3400,2680.0,no,-0.4
2026-03-22 18:30,0.5410,1082.0,no,-5.0
2026-03-22 19:00,0.5820,1164.0,no,-9.5
2026-03-22 19:30,0.6160,1232.0,no,-13.9
2026-03-22 20:00,0.5750,1150.0,no,-18.1
2026-03-22 20:30,0.5930,1186.0,no,-22.2
2026-03-22 21:00,0.5930,1186.0,no,-25.9
2026-03-22 21:30,0.6950,1390.0,no,-29.2
2026-03-22 22:00,0.6040,1208.0,no,-32.1
2026-03-22 22:30,0.5450,1090.0,no,-34.5
2026-03-22 23:00,0.5440,1088.0,no,-36.2
2026-03-22 23:30,0.5130,1026.0,no,-37.3
2026-03-23 00:00,0.4680,936.0,no,-37.2
2026-03-23 00:30,0.4650,930.0,no,-36.7
2026-03-23 01:00,0.4930,986.0,no,-35.6
2026-03-23 01:30,0.5010,1002.0,no,-33.7
2026-03-23 02:00,0.4540,908.0,no,-31.3
2026-03-23 02:30,0.4690,938.0,no,-28.3
2026-03-23 03:00,0.4940,988.0,no,-24.9
2026-03-23 03:30,0.4840,968.0,no,-21.1
2026-03-23 04:00,0.4770,954.0,no,-17.0
2026-03-23 04:30,0.4520,904.0,no,-12.8
2026-03-23 05:00,0.5140,1028.0,no,-8.3
2026-03-23 05:30,0.4970,994.0,no,-3.8
2026-03-23 06:00,0.5360,1072.0,no,0.7
2026-03-23 06:30,0.5470,1094.0,yes,5.3
2026-03-23 07:00,0.5790,1158.0,yes,9.8
2026-03-23 07:30,0.4110,822.0,yes,14.2
2026-03-23 08:00,0.2960,592.0,yes,18.5
2026-03-23 08:30,0.2570,514.0,yes,22.5
2026-03-23 09:00,0.2180,436.0,yes,26.2
2026-03-23 09:30,0.0460,92.0,yes,29.6
2026-03-23 10:00,0.0000,0.0,yes,32.5
2026-03-23 10:30,0.0010,2.0,yes,34.9
2026-03-23 11:00,0.0000,0.0,yes,36.6
2026-03-23 11:30,0.0000,0.0,yes,37.7
2026-03-23 12:00,0.0430,86.0,yes,38.0
2026-03-23 12:30,0.0000,0.0,yes,37.6
2026-03-23 13:00,0.0000,0.0,yes,36.4
2026-03-23 13:30,0.0120,24.0,yes,34.5
2026-03-23 14:00,0.2370,474.0,yes,32.0
2026-03-23 14:30,0.3070,614.0,yes,29.0
2026-03-23 15:00,0.2940,588.0,yes,25.6
2026-03-23 15:30,0.2810,562.0,yes,21.8
2026-03-23 16:00,0.2800,560.0,yes,17.7
2026-03-23 16:30,0.2820,564.0,yes,13.4
2026-03-23 17:00,0.3030,606.0,yes,9.0
2026-03-23 17:30,0.6020,1204.0,no,4.5
2026-03-23 18:00,0.5810,1162.0,no,-0.1
2026-03-23 18:30,0.5670,1134.0,no,-4.7
2026-03-23 19:00,0.8260,1652.0,no,-9.2
2026-03-23 19:30,1.1730,2346.0,no,-13.6
2026-03-23 20:00,1.0120,2024.0,no,-17.8
2026-03-23 20:30,0.6930,1386.0,no,-21.8
2026-03-23 21:00,0.6560,1312.0,no,-25.5
2026-03-23 21:30,0.6980,1396.0,no,-28.9
2026-03-23 22:00,0.7050,1410.0,no,-31.8
2026-03-23 22:30,0.5690,1138.0,no,-34.1
2026-03-23 23:00,0.3960,792.0,no,-35.8
2026-03-23 23:30,0.3550,710.0,no,-36.9
2026-03-24 00:00,0.3460,692.0,no,-36.8
2026-03-24 00:30,0.3040,608.0,no,-36.3
2026-03-24 01:00,0.3130,626.0,no,-35.2
2026-03-24 01:30,0.3150,630.0,no,-33.3
2026-03-24 02:00,0.3100,620.0,no,-30.9
2026-03-24 02:30,0.2960,592.0,no,-27.9
2026-03-24 03:00,0.2920,584.0,no,-24.5
2026-03-24 03:30,0.3380,676.0,no,-20.8
2026-03-24 04:00,0.3040,608.0,no,-16.7
2026-03-24 04:30,0.2890,578.0,no,-12.4
2026-03-24 05:00,0.3150,630.0,no,-8.0
2026-03-24 05:30,0.3270,654.0,no,-3.5
2026-03-24 06:00,0.3890,778.0,no,1.1
2026-03-24 06:30,0.4240,848.0,yes,5.6
2026-03-24 07:00,0.4960,992.0,yes,10.2
2026-03-24 07:30,0.3580,716.0,yes,14.6
2026-03-24 08:00,0.3180,636.0,yes,18.8
2026-03-24 08:30,0.3080,616.0,yes,22.9
2026-03-24 09:00,0.2900,580.0,yes,26.6
2026-03-24 09:30,0.3340,668.0,yes,30.0
2026-03-24 10:00,0.3380,676.0,yes,32.9
2026-03-24 10:30,0.3450,690.0,yes,35.3
2026-03-24 11:00,0.3010,602.0,yes,37.0
2026-03-24 11:30,0.3120,624.0,yes,38.1
2026-03-24 12:00,0.4920,984.0,yes,38.4
2026-03-24 12:30,0.3230,646.0,yes,38.0
2026-03-24 13:00,0.3040,608.0,yes,36.8
2026-03-24 13:30,0.3180,636.0,yes,34.9
2026-03-24 14:00,0.3010,602.0,yes,32.4
2026-03-24 14:30,0.2940,588.0,yes,29.4
2026-03-24 15:00,0.2700,540.0,yes,25.9
2026-03-24 15:30,0.3930,786.0,yes,22.1
2026-03-24 16:00,0.3260,652.0,yes,18.0
2026-03-24 16:30,0.2750,550.0,yes,13.8
2026-03-24 17:00,0.3010,602.0,yes,9.3
2026-03-24 17:30,0.3450,690.0,no,4.8
2026-03-24 18:00,0.5030,1006.0,no,0.2
2026-03-24 18:30,0.8200,1640.0,no,-4.4
2026-03-24 19:00,1.0680,2136.0,no,-8.9
2026-03-24 19:30,0.7470,1494.0,no,-13.2
2026-03-24 20:00,1.1490,2298.0,no,-17.5
2026-03-24 20:30,0.9740,1948.0,no,-21.5
2026-03-24 21:00,0.6870,1374.0,no,-25.2
2026-03-24 21:30,0.7390,1478.0,no,-28.5
2026-03-24 22:00,0.7360,1472.0,no,-31.4
2026-03-24 22:30,0.5810,1162.0,no,-33.7
2026-03-24 23:00,0.5150,1030.0,no,-35.5
2026-03-24 23:30,0.3790,758.0,no,-36.5
2026-03-25 00:00,0.2930,586.0,no,-36.4
2026-03-25 00:30,0.3360,672.0,no,-35.9
2026-03-25 01:00,0.3100,620.0,no,-34.8
2026-03-25 01:30,0.2990,598.0,no,-33.0
2026-03-25 02:00,0.2840,568.0,no,-30.5
2026-03-25 02:30,0.3140,628.0,no,-27.6
2026-03-25 03:00,0.3290,658.0,no,-24.2
2026-03-25 03:30,0.2810,562.0,no,-20.4
2026-03-25 04:00,0.2990,598.0,no,-16.4
2026-03-25 04:30,0.3060,612.0,no,-12.1
2026-03-25 05:00,0.3300,660.0,no,-7.7
2026-03-25 05:30,0.3200,640.0,no,-3.2
2026-03-25 06:00,0.2950,590.0,no,1.4
2026-03-25 06:30,0.3330,666.0,yes,6.0
2026-03-25 07:00,0.3300,660.0,yes,10.5
2026-03-25 07:30,0.3310,662.0,yes,14.9
2026-03-25 08:00,0.3660,732.0,yes,19.2
2026-03-25 08:30,0.4070,814.0,yes,23.2
2026-03-25 09:00,0.4050,810.0,yes,27.0
2026-03-25 09:30,0.4810,962.0,yes,30.3
2026-03-25 10:00,0.3000,600.0,yes,33.3
2026-03-25 10:30,0.3410,682.0,yes,35.7
2026-03-25 11:00,0.3210,642.0,yes,37.4
2026-03-25 11:30,0.3150,630.0,yes,38.5
2026-03-25 12:00,0.3650,730.0,yes,38.8
2026-03-25 12:30,0.3370,674.0,yes,38.4
2026-03-25 13:00,0.3290,658.0,yes,37.2
2026-03-25 13:30,0.4980,996.0,yes,35.3
2026-03-25 14:00,0.9700,1940.0,yes,32.8
2026-03-25 14:30,0.4000,800.0,yes,29.7
2026-03-25 15:00,0.3510,702.0,yes,26.3
2026-03-25 15:30,0.3110,622.0,yes,22.5
2026-03-25 16:00,0.6160,1232.0,yes,18.4
2026-03-25 16:30,0.4030,806.0,yes,14.1
2026-03-25 17:00,0.3850,770.0,yes,9.6
2026-03-25 17:30,0.3890,778.0,yes,5.1
2026-03-25 18:00,0.4030,806.0,no,0.5
2026-03-25 18:30,0.5740,1148.0,no,-4.0
2026-03-25 19:00,1.1510,2302.0,no,-8.5
2026-03-25 19:30,1.2210,2442.0,no,-12.9
2026-03-25 20:00,0.6050,1210.0,no,-17.1
2026-03-25 20:30,1.4620,2924.0,no,-21.1
2026-03-25 21:00,1.1740,2348.0,no,-24.8
2026-03-25 21:30,0.6620,1324.0,no,-28.1
2026-03-25 22:00,0.6160,1232.0,no,-31.0
2026-03-25 22:30,0.5790,1158.0,no,-33.3
2026-03-25 23:00,0.6100,1220.0,no,-35.1
2026-03-25 23:30,0.9220,1844.0,no,-36.1
2026-03-26 00:00,0.4220,844.0,no,-36.0
2026-03-26 00:30,0.3430,686.0,no,-35.5
2026-03-26 01:00,0.3170,634.0,no,-34.4
2026-03-26 01:30,0.2950,590.0,no,-32.6
2026-03-26 02:00,0.3110,622.0,no,-30.1
2026-03-26 02:30,0.3130,626.0,no,-27.2
2026-03-26 03:00,0.3320,664.0,no,-23.8
2026-03-26 03:30,0.2930,586.0,no,-20.1
2026-03-26 04:00,0.2900,580.0,no,-16.0
2026-03-26 04:30,0.3310,662.0,no,-11.8
2026-03-26 05:00,0.3350,670.0,no,-7.4
2026-03-26 05:30,0.3330,666.0,no,-2.9
2026-03-26 06:00,0.3410,682.0,no,1.7
2026-03-26 06:30,0.4300,860.0,yes,6.3
2026-03-26 07:00,0.4900,980.0,yes,10.8
2026-03-26 07:30,0.4760,952.0,yes,15.2
2026-03-26 08:00,0.3880,776.0,yes,19.5
2026-03-26 08:30,0.3510,702.0,yes,23.5
2026-03-26 09:00,0.3170,634.0,yes,27.3
2026-03-26 09:30,0.3310,662.0,yes,30.7
2026-03-26 10:00,0.3320,664.0,yes,33.7
2026-03-26 10:30,0.3540,708.0,yes,36.1
2026-03-26 11:00,0.3010,602.0,yes,37.8
2026-03-26 11:30,0.3290,658.0,yes,38.9
2026-03-26 12:00,0.4870,974.0,yes,39.2
2026-03-26 12:30,0.3800,760.0,yes,38.8
2026-03-26 13:00,0.4150,830.0,yes,37.6
2026-03-26 13:30,0.3620,724.0,yes,35.7
2026-03-26 14:00,0.4000,800.0,yes,33.1
2026-03-26 14:30,0.3570,714.0,yes,30.1
2026-03-26 15:00,0.3530,706.0,yes,26.6
2026-03-26 15:30,0.4000,800.0,yes,22.8
2026-03-26 16:00,0.3900,780.0,yes,18.7
2026-03-26 16:30,0.3520,704.0,yes,14.4
2026-03-26 17:00,0.3620,724.0,yes,10.0
2026-03-26 17:30,1.1500,2300.0,yes,5.4
2026-03-26 18:00,1.1100,2220.0,no,0.9
2026-03-26 18:30,0.7500,1500.0,no,-3.7
2026-03-26 19:00,0.5920,1184.0,no,-8.2
2026-03-26 19:30,0.4160,832.0,no,-12.6
2026-03-26 20:00,0.4310,862.0,no,-16.8
2026-03-26 20:30,0.4100,820.0,no,-20.8
2026-03-26 21:00,0.4600,920.0,no,-24.5
2026-03-26 21:30,0.4060,812.0,no,-27.8
2026-03-26 22:00,0.4020,804.0,no,-30.6
2026-03-26 22:30,0.4720,944.0,no,-33.0
2026-03-26 23:00,0.3650,730.0,no,-34.7
2026-03-26 23:30,0.3490,698.0,no,-35.7
2026-03-27 00:00,0.3670,734.0,no,-35.6
2026-03-27 00:30,0.3510,702.0,no,-35.1
2026-03-27 01:00,0.3210,642.0,no,-34.0
2026-03-27 01:30,0.3070,614.0,no,-32.2
2026-03-27 02:00,0.3420,684.0,no,-29.8
2026-03-27 02:30,0.3200,640.0,no,-26.8
2026-03-27 03:00,0.2980,596.0,no,-23.5
2026-03-27 03:30,0.3190,638.0,no,-19.7
2026-03-27 04:00,0.3190,638.0,no,-15.7
2026-03-27 04:30,0.3300,660.0,no,-11.5
2026-03-27 05:00,0.3180,636.0,no,-7.1
2026-03-27 05:30,0.3240,648.0,no,-2.5
2026-03-27 06:00,0.4080,816.0,no,2.0
2026-03-27 06:30,0.4050,810.0,yes,6.6
2026-03-27 07:00,0.5390,1078.0,yes,11.1
2026-03-27 07:30,0.3820,764.0,yes,15.6
2026-03-27 08:00,0.3750,750.0,yes,19.8
2026-03-27 08:30,0.2820,564.0,yes,23.9
2026-03-27 09:00,0.2950,590.0,yes,27.7
2026-03-27 09:30,0.4100,820.0,yes,31.1
2026-03-27 10:00,0.2970,594.0,yes,34.0
2026-03-27 10:30,0.2930,586.0,yes,36.4
2026-03-27 11:00,0.4630,926.0,yes,38.2
2026-03-27 11:30,0.3860,772.0,yes,39.3
2026-03-27 12:00,0.3590,718.0,yes,39.6
2026-03-27 12:30,0.2920,584.0,yes,39.2
2026-03-27 13:00,0.3340,668.0,yes,37.9
2026-03-27 13:30,0.3410,682.0,yes,36.0
2026-03-27 14:00,0.3070,614.0,yes,33.5
2026-03-27 14:30,0.4590,918.0,yes,30.5
2026-03-27 15:00,0.3900,780.0,yes,27.0
2026-03-27 15:30,0.3870,774.0,yes,23.1
2026-03-27 16:00,0.3330,666.0,yes,19.0
2026-03-27 16:30,0.3610,722.0,yes,14.7
2026-03-27 17:00,0.3630,726.0,yes,10.3
2026-03-27 17:30,0.3360,672.0,yes,5.7
2026-03-27 18:00,0.5320,1064.0,no,1.2
2026-03-27 18:30,0.5550,1110.0,no,-3.4
2026-03-27 19:00,0.5480,1096.0,no,-7.9
2026-03-27 19:30,0.5630,1126.0,no,-12.3
2026-03-27 20:00,0.5890,1178.0,no,-16.5
2026-03-27 20:30,0.6160,1232.0,no,-20.4
2026-03-27 21:00,0.4670,934.0,no,-24.1
2026-03-27 21:30,0.4540,908.0,no,-27.4
2026-03-27 22:00,0.4560,912.0,no,-30.3
2026-03-27 22:30,0.4540,908.0,no,-32.6
2026-03-27 23:00,0.4360,872.0,no,-34.3
2026-03-27 23:30,0.3870,774.0,no,-35.3
2026-03-28 00:00,0.3680,736.0,no,-35.2
2026-03-28 00:30,0.3240,648.0,no,-34.7
2026-03-28 01:00,0.3100,620.0,no,-33.6
2026-03-28 01:30,0.3880,776.0,no,-31.8
2026-03-28 02:00,0.4200,840.0,no,-29.4
2026-03-28 02:30,0.4300,860.0,no,-26.5
2026-03-28 03:00,0.3880,776.0,no,-23.1
2026-03-28 03:30,0.3920,784.0,no,-19.4
2026-03-28 04:00,0.4280,856.0,no,-15.4
2026-03-28 04:30,0.4110,822.0,no,-11.1
2026-03-28 05:00,0.4150,830.0,no,-6.7
2026-03-28 05:30,0.3970,794.0,no,-2.2
2026-03-28 06:00,0.4250,850.0,no,2.3
2026-03-28 06:30,0.4310,862.0,yes,6.9
2026-03-28 07:00,0.3790,758.0,yes,11.4
2026-03-28 07:30,0.4000,800.0,yes,15.9
2026-03-28 08:00,0.5680,1136.0,yes,20.2
2026-03-28 08:30,0.3300,660.0,yes,24.2
2026-03-28 09:00,0.2930,586.0,yes,28.0
2026-03-28 09:30,0.2870,574.0,yes,31.4
2026-03-28 10:00,0.3440,688.0,yes,34.4
2026-03-28 10:30,0.3110,622.0,yes,36.8
2026-03-28 11:00,0.9680,1936.0,yes,38.6
2026-03-28 11:30,0.4550,910.0,yes,39.7
2026-03-28 12:00,0.5310,1062.0,yes,40.0
2026-03-28 12:30,0.4730,946.0,yes,39.6
2026-03-28 13:00,0.4270,854.0,yes,38.3
2026-03-28 13:30,1.1190,2238.0,yes,36.4
2026-03-28 14:00,0.6160,1232.0,yes,33.9
2026-03-28 14:30,0.6900,1380.0,yes,30.8
2026-03-28 15:00,0.6710,1342.0,yes,27.3
2026-03-28 15:30,1.3390,2678.0,yes,23.5
2026-03-28 16:00,0.6150,1230.0,yes,19.4
2026-03-28 16:30,0.5290,1058.0,yes,15.1
2026-03-28 17:00,0.7240,1448.0,yes,10.6
2026-03-28 17:30,0.5320,1064.0,yes,6.1
2026-03-28 18:00,0.7820,1564.0,no,1.5
2026-03-28 18:30,1.0680,2136.0,no,-3.1
2026-03-28 19:00,0.5130,1026.0,no,-7.6
2026-03-28 19:30,0.4920,984.0,no,-11.9
2026-03-28 20:00,0.4440,888.0,no,-16.1
2026-03-28 20:30,0.4690,938.0,no,-20.1
2026-03-28 21:00,0.4750,950.0,no,-23.8
2026-03-28 21:30,0.4660,932.0,no,-27.0
2026-03-28 22:00,0.5520,1104.0,no,-29.9
2026-03-28 22:30,0.6480,1296.0,no,-32.2
2026-03-28 23:00,0.6730,1346.0,no,-33.9
2026-03-28 23:30,0.5250,1050.0,no,-34.9
2026-03-29 00:00,0.5350,1070.0,no,-34.8
2026-03-29 00:30,0.5350,1070.0,no,-34.3
2026-03-29 01:00,0.3970,794.0,no,-33.2
2026-03-29 01:30,0.4130,826.0,no,-31.4
2026-03-29 02:00,0.4340,868.0,no,-29.0
2026-03-29 02:30,0.4340,868.0,no,-26.1
2026-03-29 03:00,0.3900,780.0,no,-22.7
2026-03-29 03:30,0.4220,844.0,no,-19.0
2026-03-29 04:00,0.4020,804.0,no,-15.0
2026-03-29 04:30,0.3670,734.0,no,-10.8
2026-03-29 05:00,0.3830,766.0,no,-6.4
2026-03-29 05:30,0.3780,756.0,no,-1.9
2026-03-29 06:00,0.3690,738.0,no,2.7
2026-03-29 06:30,0.4130,826.0,yes,7.2
2026-03-29 07:00,0.5030,1006.0,yes,11.8
2026-03-29 07:30,1.3490,2698.0,yes,16.2
2026-03-29 08:00,0.9650,1930.0,yes,20.5
2026-03-29 08:30,0.3780,756.0,yes,24.6
2026-03-29 09:00,0.3800,760.0,yes,28.4
2026-03-29 09:30,0.3620,724.0,yes,31.8
2026-03-29 10:00,0.3590,718.0,yes,34.8
2026-03-29 10:30,0.3730,746.0,yes,37.2
2026-03-29 11:00,0.5470,1094.0,yes,39.0
2026-03-29 11:30,0.3600,720.0,yes,40.1
2026-03-29 12:00,0.3650,730.0,yes,40.4
2026-03-29 12:30,0.3830,766.0,yes,40.0
2026-03-29 13:00,0.3730,746.0,yes,38.7
2026-03-29 13:30,0.5570,1114.0,yes,36.8
2026-03-29 14:00,0.6470,1294.0,yes,34.3
2026-03-29 14:30,0.5800,1160.0,yes,31.2
2026-03-29 15:00,0.5200,1040.0,yes,27.7
2026-03-29 15:30,0.5160,1032.0,yes,23.8
2026-03-29 16:00,0.5760,1152.0,yes,19.7
2026-03-29 16:30,0.6170,1234.0,yes,15.4
2026-03-29 17:00,0.5890,1178.0,yes,10.9
2026-03-29 17:30,0.5730,1146.0,yes,6.4
2026-03-29 18:00,0.6250,1250.0,no,1.8
2026-03-29 18:30,1.4570,2914.0,no,-2.7
2026-03-29 19:00,0.8540,1708.0,no,-7.2
2026-03-29 19:30,0.7170,1434.0,no,-11.6
2026-03-29 20:00,0.6230,1246.0,no,-15.8
2026-03-29 20:30,0.6020,1204.0,no,-19.7
2026-03-29 21:00,0.5400,1080.0,no,-23.4
2026-03-29 21:30,0.5580,1116.0,no,-26.7
2026-03-29 22:00,0.4740,948.0,no,-29.5
2026-03-29 22:30,0.4210,842.0,no,-31.8
2026-03-29 23:00,0.3330,666.0,no,-33.5
2026-03-29 23:30,0.3230,646.0,no,-34.5
2026-03-30 00:00,0.3230,646.0,no,-34.4
2026-03-30 00:30,0.2910,582.0,no,-33.9
2026-03-30 01:00,0.3190,638.0,no,-32.8
2026-03-30 01:30,0.3450,690.0,no,-31.0
2026-03-30 02:00,0.2930,586.0,no,-28.6
2026-03-30 02:30,0.3060,612.0,no,-25.7
2026-03-30 03:00,0.3180,636.0,no,-22.4
2026-03-30 03:30,0.3130,626.0,no,-18.7
2026-03-30 04:00,0.3280,656.0,no,-14.7
2026-03-30 04:30,0.3120,624.0,no,-10.5
2026-03-30 05:00,0.4040,808.0,no,-6.1
2026-03-30 05:30,0.3530,706.0,no,-1.6
2026-03-30 06:00,0.4390,878.0,no,3.0
2026-03-30 06:30,0.3710,742.0,yes,7.5
2026-03-30 07:00,0.3110,622.0,yes,12.1
2026-03-30 07:30,0.3040,608.0,yes,16.5
2026-03-30 08:00,0.3590,718.0,yes,20.8
2026-03-30 08:30,0.3320,664.0,yes,24.9
2026-03-30 09:00,0.3110,622.0,yes,28.7
2026-03-30 09:30,0.2900,580.0,yes,32.2
2026-03-30 10:00,0.3280,656.0,yes,35.2
2026-03-30 10:30,0.3200,640.0,yes,37.6
2026-03-30 11:00,0.3230,646.0,yes,39.4
2026-03-30 11:30,0.2930,586.0,yes,40.5
2026-03-30 12:00,0.3280,656.0,yes,40.8
2026-03-30 12:30,0.3890,778.0,yes,40.3
2026-03-30 13:00,0.3050,610.0,yes,39.1
2026-03-30 13:30,0.3350,670.0,yes,37.2
2026-03-30 14:00,0.3510,702.0,yes,34.6
2026-03-30 14:30,0.4080,816.0,yes,31.5
2026-03-30 15:00,0.3570,714.0,yes,28.0
2026-03-30 15:30,0.3580,716.0,yes,24.2
2026-03-30 16:00,0.3790,758.0,yes,20.0
2026-03-30 16:30,0.4360,872.0,yes,15.7
2026-03-30 17:00,0.4450,890.0,yes,11.2
2026-03-30 17:30,0.4560,912.0,yes,6.7
2026-03-30 18:00,0.8520,1704.0,no,2.1
2026-03-30 18:30,1.1470,2294.0,no,-2.4
2026-03-30 19:00,0.8530,1706.0,no,-6.9
2026-03-30 19:30,0.5230,1046.0,no,-11.3
2026-03-30 20:00,0.4900,980.0,no,-15.5
2026-03-30 20:30,0.5660,1132.0,no,-19.4
2026-03-30 21:00,0.5760,1152.0,no,-23.0
2026-03-30 21:30,0.6770,1354.0,no,-26.3
2026-03-30 22:00,0.9630,1926.0,no,-29.1
2026-03-30 22:30,0.7630,1526.0,no,-31.4
2026-03-30 23:00,0.3150,630.0,no,-33.1
2026-03-30 23:30,0.3100,620.0,no,-34.1
2026-03-31 00:00,0.3120,624.0,no,-34.0
2026-03-31 00:30,0.2890,578.0,no,-33.6
2026-03-31 01:00,0.3160,632.0,no,-32.4
2026-03-31 01:30,0.3170,634.0,no,-30.6
2026-03-31 02:00,0.2760,552.0,no,-28.3
2026-03-31 02:30,0.3060,612.0,no,-25.4
2026-03-31 03:00,0.3090,618.0,no,-22.0
2026-03-31 03:30,0.3120,624.0,no,-18.3
2026-03-31 04:00,0.3040,608.0,no,-14.4
2026-03-31 04:30,0.2970,594.0,no,-10.1
2026-03-31 05:00,0.3430,686.0,no,-5.8
2026-03-31 05:30,0.3670,734.0,no,-1.3
2026-03-31 06:00,0.3510,702.0,no,3.3
2026-03-31 06:30,0.3430,686.0,yes,7.9
2026-03-31 07:00,0.2930,586.0,yes,12.4
2026-03-31 07:30,0.2900,580.0,yes,16.9
2026-03-31 08:00,0.2620,524.0,yes,21.2
2026-03-31 08:30,0.3990,798.0,yes,25.3
2026-03-31 09:00,0.3950,790.0,yes,29.1
2026-03-31 09:30,0.3650,730.0,yes,32.5
2026-03-31 10:00,0.4270,854.0,yes,35.5
2026-03-31 10:30,0.3810,762.0,yes,38.0
2026-03-31 11:00,0.3930,786.0,yes,39.8
2026-03-31 11:30,0.3490,698.0,yes,40.9
2026-03-31 12:00,0.3580,716.0,yes,41.2
2026-03-31 12:30,0.3300,660.0,yes,40.7
2026-03-31 13:00,0.3150,630.0,yes,39.5
2026-03-31 13:30,0.2890,578.0,yes,37.6
2026-03-31 14:00,0.2820,564.0,yes,35.0
2026-03-31 14:30,0.3360,672.0,yes,31.9
2026-03-31 15:00,0.2970,594.0,yes,28.4
2026-03-31 15:30,0.2830,566.0,yes,24.5
2026-03-31 16:00,0.3230,646.0,yes,20.4
2026-03-31 16:30,0.8850,1770.0,yes,16.0
2026-03-31 17:00,0.4710,942.0,yes,11.6
2026-03-31 17:30,0.4400,880.0,yes,7.0
2026-03-31 18:00,1.3190,2638.0,no,2.4
2026-03-31 18:30,1.1600,2320.0,no,-2.1
2026-03-31 19:00,0.6000,1200.0,no,-6.6
2026-03-31 19:30,0.5210,1042.0,no,-10.9
2026-03-31 20:00,0.4620,924.0,no,-15.1
2026-03-31 20:30,0.4690,938.0,no,-19.1
2026-03-31 21:00,0.4860,972.0,no,-22.7
2026-03-31 21:30,0.4910,982.0,no,-25.9
2026-03-31 22:00,0.5620,1124.0,no,-28.8
2026-03-31 22:30,0.5600,1120.0,no,-31.0
2026-03-31 23:00,0.5290,1058.0,no,-32.7
2026-03-31 23:30,0.3770,754.0,no,-33.7
2026-04-01 00:00,0.3030,606.0,no,-33.6
2026-04-01 00:30,0.2850,570.0,no,-33.2
2026-04-01 01:00,0.3090,618.0,no,-32.0
2026-04-01 01:30,0.3300,660.0,no,-30.3
2026-04-01 02:00,0.2800,560.0,no,-27.9
2026-04-01 02:30,0.2950,590.0,no,-25.0
2026-04-01 03:00,0.3120,624.0,no,-21.7
2026-04-01 03:30,0.3140,628.0,no,-18.0
2026-04-01 04:00,0.3100,620.0,no,-14.0
2026-04-01 04:30,0.2910,582.0,no,-9.8
2026-04-01 05:00,0.3400,680.0,no,-5.4
2026-04-01 05:30,0.3180,636.0,no,-0.9
2026-04-01 06:00,0.2890,578.0,no,3.6
2026-04-01 06:30,0.3230,646.0,yes,8.2
2026-04-01 07:00,0.3970,794.0,yes,12.7
2026-04-01 07:30,0.2990,598.0,yes,17.2
2026-04-01 08:00,0.2940,588.0,yes,21.5
2026-04-01 08:30,0.3160,632.0,yes,25.6
2026-04-01 09:00,0.4320,864.0,yes,29.4
2026-04-01 09:30,0.3610,722.0,yes,32.9
2026-04-01 10:00,0.4080,816.0,yes,35.9
2026-04-01 10:30,0.5900,1180.0,yes,38.4
2026-04-01 11:00,0.9170,1834.0,yes,40.2
2026-04-01 11:30,0.9530,1906.0,yes,41.3
2026-04-01 12:00,0.3210,642.0,yes,41.6
2026-04-01 12:30,0.3700,740.0,yes,41.1
2026-04-01 13:00,0.3460,692.0,yes,39.9
2026-04-01 13:30,0.3340,668.0,yes,37.9
2026-04-01 14:00,0.3270,654.0,yes,35.4
2026-04-01 14:30,0.3500,700.0,yes,32.3
2026-04-01 15:00,0.7990,1598.0,yes,28.7
2026-04-01 15:30,0.3250,650.0,yes,24.8
2026-04-01 16:00,0.3930,786.0,yes,20.7
2026-04-01 16:30,0.3870,774.0,yes,16.4
2026-04-01 17:00,0.3800,760.0,yes,11.9
2026-04-01 17:30,0.6050,1210.0,yes,7.3
2026-04-01 18:00,0.4900,980.0,no,2.8
2026-04-01 18:30,0.5260,1052.0,no,-1.8
2026-04-01 19:00,0.4940,988.0,no,-6.3
2026-04-01 19:30,0.5920,1184.0,no,-10.6
2026-04-01 20:00,0.7440,1488.0,no,-14.8
2026-04-01 20:30,0.8810,1762.0,no,-18.7
2026-04-01 21:00,0.6220,1244.0,no,-22.3
2026-04-01 21:30,0.6090,1218.0,no,-25.6
2026-04-01 22:00,0.5940,1188.0,no,-28.4
2026-04-01 22:30,0.6740,1348.0,no,-30.6
2026-04-01 23:00,0.4930,986.0,no,-32.3
2026-04-01 23:30,0.3090,618.0,no,-33.3
2026-04-02 00:00,0.3110,622.0,no,-33.2
2026-04-02 00:30,0.3130,626.0,no,-32.8
2026-04-02 01:00,0.2750,550.0,no,-31.6
2026-04-02 01:30,0.3120,624.0,no,-29.9
2026-04-02 02:00,0.3170,634.0,no,-27.5
2026-04-02 02:30,0.2940,588.0,no,-24.7
2026-04-02 03:00,0.2940,588.0,no,-21.3
2026-04-02 03:30,0.2800,560.0,no,-17.7
2026-04-02 04:00,0.3450,690.0,no,-13.7
2026-04-02 04:30,0.3100,620.0,no,-9.5
2026-04-02 05:00,0.3070,614.0,no,-5.1
2026-04-02 05:30,0.5090,1018.0,no,-0.6
2026-04-02 06:00,0.6250,1250.0,no,3.9
2026-04-02 06:30,0.4260,852.0,yes,8.5
2026-04-02 07:00,0.2930,586.0,yes,13.0
2026-04-02 07:30,0.3240,648.0,yes,17.5
2026-04-02 08:00,0.4210,842.0,yes,21.8
2026-04-02 08:30,0.3280,656.0,yes,25.9
2026-04-02 09:00,0.3380,676.0,yes,29.8
2026-04-02 09:30,0.3280,656.0,yes,33.2
2026-04-02 10:00,0.3650,730.0,yes,36.3
2026-04-02 10:30,0.3280,656.0,yes,38.7
2026-04-02 11:00,0.3300,660.0,yes,40.6
2026-04-02 11:30,0.3930,786.0,yes,41.7
2026-04-02 12:00,0.4210,842.0,yes,42.0
2026-04-02 12:30,0.4380,876.0,yes,41.5
2026-04-02 13:00,0.3900,780.0,yes,40.3
2026-04-02 13:30,0.4400,880.0,yes,38.3
2026-04-02 14:00,0.4390,878.0,yes,35.7
2026-04-02 14:30,0.4140,828.0,yes,32.6
2026-04-02 15:00,0.4250,850.0,yes,29.1
2026-04-02 15:30,0.4280,856.0,yes,25.2
2026-04-02 16:00,0.4200,840.0,yes,21.0
2026-04-02 16:30,0.3550,710.0,yes,16.7
2026-04-02 17:00,0.5090,1018.0,yes,12.2
2026-04-02 17:30,0.5690,1138.0,yes,7.6
2026-04-02 18:00,0.6160,1232.0,no,3.1
2026-04-02 18:30,0.5670,1134.0,no,-1.5
2026-04-02 19:00,0.4190,838.0,no,-5.9
2026-04-02 19:30,0.4450,890.0,no,-10.3
2026-04-02 20:00,0.4080,816.0,no,-14.5
2026-04-02 20:30,0.3960,792.0,no,-18.4
2026-04-02 21:00,0.4280,856.0,no,-22.0
2026-04-02 21:30,0.5280,1056.0,no,-25.2
2026-04-02 22:00,0.6070,1214.0,no,-28.0
2026-04-02 22:30,0.4470,894.0,no,-30.3
2026-04-02 23:00,0.4130,826.0,no,-31.9
2026-04-02 23:30,0.4580,916.0,no,-32.9
2026-04-03 00:00,0.4250,850.0,no,-32.8
2026-04-03 00:30,0.4230,846.0,no,-32.4
2026-04-03 01:00,0.4110,822.0,no,-31.3
2026-04-03 01:30,0.4160,832.0,no,-29.5
2026-04-03 02:00,0.4050,810.0,no,-27.2
2026-04-03 02:30,0.3620,724.0,no,-24.3
2026-04-03 03:00,0.3810,762.0,no,-21.0
2026-04-03 03:30,0.3890,778.0,no,-17.3
2026-04-03 04:00,0.4130,826.0,no,-13.4
2026-04-03 04:30,0.3790,758.0,no,-9.2
2026-04-03 05:00,0.3610,722.0,no,-4.8
2026-04-03 05:30,0.4090,818.0,no,-0.3
2026-04-03 06:00,0.4190,838.0,no,4.2
2026-04-03 06:30,0.4210,842.0,yes,8.8
2026-04-03 07:00,0.4050,810.0,yes,13.4
2026-04-03 07:30,1.2930,2586.0,yes,17.8
2026-04-03 08:00,0.4450,890.0,yes,22.1
2026-04-03 08:30,0.3980,796.0,yes,26.3
2026-04-03 09:00,0.3670,734.0,yes,30.1
2026-04-03 09:30,0.3770,754.0,yes,33.6
2026-04-03 10:00,0.3920,784.0,yes,36.6
2026-04-03 10:30,0.4000,800.0,yes,39.1
2026-04-03 11:00,0.3600,720.0,yes,41.0
2026-04-03 11:30,0.5680,1136.0,yes,42.1
2026-04-03 12:00,0.4150,830.0,yes,42.4
2026-04-03 12:30,0.3780,756.0,yes,41.9
2026-04-03 13:00,0.3770,754.0,yes,40.7
2026-04-03 13:30,0.3690,738.0,yes,38.7
2026-04-03 14:00,0.4200,840.0,yes,36.1
2026-04-03 14:30,0.4290,858.0,yes,33.0
2026-04-03 15:00,0.4070,814.0,yes,29.4
2026-04-03 15:30,0.4720,944.0,yes,25.5
2026-04-03 16:00,0.4730,946.0,yes,21.3
2026-04-03 16:30,0.4890,978.0,yes,17.0
2026-04-03 17:00,0.4330,866.0,yes,12.5
2026-04-03 17:30,0.4390,878.0,yes,8.0
2026-04-03 18:00,0.4850,970.0,no,3.4
2026-04-03 18:30,0.5150,1030.0,no,-1.2
2026-04-03 19:00,1.2480,2496.0,no,-5.6
2026-04-03 19:30,0.6130,1226.0,no,-10.0
2026-04-03 20:00,0.6230,1246.0,no,-14.1
2026-04-03 20:30,0.5950,1190.0,no,-18.0
2026-04-03 21:00,0.5430,1086.0,no,-21.6
2026-04-03 21:30,0.5800,1160.0,no,-24.9
2026-04-03 22:00,0.5570,1114.0,no,-27.6
2026-04-03 22:30,0.5490,1098.0,no,-29.9
2026-04-03 23:00,0.5140,1028.0,no,-31.5
2026-04-03 23:30,0.5000,1000.0,no,-32.5
2026-04-04 00:00,0.4590,918.0,no,-32.4
2026-04-04 00:30,0.4280,856.0,no,-32.0
2026-04-04 01:00,0.4590,918.0,no,-30.9
2026-04-04 01:30,0.4190,838.0,no,-29.1
2026-04-04 02:00,0.3650,730.0,no,-26.8
2026-04-04 02:30,0.3700,740.0,no,-23.9
2026-04-04 03:00,0.3230,646.0,no,-20.6
2026-04-04 03:30,0.3370,674.0,no,-17.0
2026-04-04 04:00,0.3560,712.0,no,-13.0
2026-04-04 04:30,0.3860,772.0,no,-8.8
2026-04-04 05:00,0.4380,876.0,no,-4.5
2026-04-04 05:30,0.4040,808.0,no,-0.0
2026-04-04 06:00,0.4530,906.0,no,4.5
2026-04-04 06:30,0.4360,872.0,yes,9.1
2026-04-04 07:00,0.4080,816.0,yes,13.7
2026-04-04 07:30,0.4370,874.0,yes,18.1
2026-04-04 08:00,0.4390,878.0,yes,22.5
2026-04-04 08:30,0.4620,924.0,yes,26.6
2026-04-04 09:00,0.3800,760.0,yes,30.4
2026-04-04 09:30,0.3760,752.0,yes,33.9
2026-04-04 10:00,0.8630,1726.0,yes,37.0
2026-04-04 10:30,1.1370,2274.0,yes,39.5
2026-04-04 11:00,1.6970,3394.0,yes,41.4
2026-04-04 11:30,0.4560,912.0,yes,42.5
2026-04-04 12:00,0.3670,734.0,yes,42.8
2026-04-04 12:30,0.3950,790.0,yes,42.3
2026-04-04 13:00,0.3760,752.0,yes,41.1
2026-04-04 13:30,0.3740,748.0,yes,39.1
2026-04-04 14:00,0.4950,990.0,yes,36.5
2026-04-04 14:30,0.4530,906.0,yes,33.3
2026-04-04 15:00,0.4530,906.0,yes,29.8
2026-04-04 15:30,0.5120,1024.0,yes,25.8
2026-04-04 16:00,0.5440,1088.0,yes,21.7
2026-04-04 16:30,0.4880,976.0,yes,17.3
2026-04-04 17:00,0.4920,984.0,yes,12.8
2026-04-04 17:30,0.4720,944.0,yes,8.3
2026-04-04 18:00,1.3820,2764.0,no,3.7
2026-04-04 18:30,1.3480,2696.0,no,-0.8
2026-04-04 19:00,0.6350,1270.0,no,-5.3
2026-04-04 19:30,0.6740,1348.0,no,-9.6
2026-04-04 20:00,0.5760,1152.0,no,-13.8
2026-04-04 20:30,0.5520,1104.0,no,-17.7
2026-04-04 21:00,0.6500,1300.0,no,-21.3
2026-04-04 21:30,0.6580,1316.0,no,-24.5
2026-04-04 22:00,0.5840,1168.0,no,-27.3
2026-04-04 22:30,0.4650,930.0,no,-29.5
2026-04-04 23:00,0.4450,890.0,no,-31.1
2026-04-04 23:30,0.4590,918.0,no,-32.1
2026-04-05 00:00,0.4490,898.0,no,-32.0
2026-04-05 00:30,0.3480,696.0,no,-31.6
2026-04-05 01:00,0.3750,750.0,no,-30.5
2026-04-05 01:30,0.3740,748.0,no,-28.7
2026-04-05 02:00,0.3960,792.0,no,-26.4
2026-04-05 02:30,0.3440,688.0,no,-23.6
2026-04-05 03:00,0.3460,692.0,no,-20.3
2026-04-05 03:30,0.3780,756.0,no,-16.6
2026-04-05 04:00,0.3670,734.0,no,-12.7
2026-04-05 04:30,0.3670,734.0,no,-8.5
2026-04-05 05:00,0.3370,674.0,no,-4.2
2026-04-05 05:30,0.3600,720.0,no,0.3
2026-04-05 06:00,0.3680,736.0,no,4.9
2026-04-05 06:30,0.3680,736.0,yes,9.4
2026-04-05 07:00,0.3640,728.0,yes,14.0
2026-04-05 07:30,0.3470,694.0,yes,18.5
2026-04-05 08:00,0.3830,766.0,yes,22.8
2026-04-05 08:30,0.3700,740.0,yes,26.9
2026-04-05 09:00,2.1110,4222.0,yes,30.8
2026-04-05 09:30,1.8020,3604.0,yes,34.3
2026-04-05 10:00,0.4240,848.0,yes,37.4
2026-04-05 10:30,0.7960,1592.0,yes,39.9
2026-04-05 11:00,1.0990,2198.0,yes,41.7
2026-04-05 11:30,1.3830,2766.0,yes,42.9
2026-04-05 12:00,1.1670,2334.0,yes,43.2
2026-04-05 12:30,2.2050,4410.0,yes,42.7
2026-04-05 13:00,0.5750,1150.0,yes,41.4
2026-04-05 13:30,0.8650,1730.0,yes,39.4
2026-04-05 14:00,1.6600,3320.0,yes,36.8
2026-04-05 14:30,0.9580,1916.0,yes,33.7
2026-04-05 15:00,0.8140,1628.0,yes,30.1
2026-04-05 15:30,0.6700,1340.0,yes,26.2
2026-04-05 16:00,0.6470,1294.0,yes,22.0
2026-04-05 16:30,0.7810,1562.0,yes,17.6
2026-04-05 17:00,0.7150,1430.0,yes,13.1
2026-04-05 17:30,0.6670,1334.0,yes,8.6
2026-04-05 18:00,0.8010,1602.0,no,4.0
2026-04-05 18:30,0.7440,1488.0,no,-0.5
2026-04-05 19:00,0.7530,1506.0,no,-5.0
2026-04-05 19:30,0.7440,1488.0,no,-9.3
2026-04-05 20:00,0.6850,1370.0,no,-13.5
2026-04-05 20:30,0.7120,1424.0,no,-17.4
2026-04-05 21:00,0.7280,1456.0,no,-20.9
2026-04-05 21:30,0.7830,1566.0,no,-24.1
2026-04-05 22:00,0.7610,1522.0,no,-26.9
2026-04-05 22:30,0.7350,1470.0,no,-29.1
2026-04-05 23:00,0.7650,1530.0,no,-30.7
2026-04-05 23:30,0.7950,1590.0,no,-31.7
2026-04-06 00:00,0.7420,1484.0,no,-31.6
2026-04-06 00:30,0.7070,1414.0,no,-31.2
2026-04-06 01:00,0.6780,1356.0,no,-30.1
2026-04-06 01:30,0.5190,1038.0,no,-28.4
2026-04-06 02:00,0.5180,1036.0,no,-26.0
2026-04-06 02:30,0.5200,1040.0,no,-23.2
2026-04-06 03:00,0.4750,950.0,no,-19.9
2026-04-06 03:30,0.4870,974.0,no,-16.3
2026-04-06 04:00,0.5030,1006.0,no,-12.4
2026-04-06 04:30,0.5300,1060.0,no,-8.2
2026-04-06 05:00,0.5010,1002.0,no,-3.9
2026-04-06 05:30,0.4700,940.0,no,0.6
2026-04-06 06:00,0.5000,1000.0,yes,5.2
2026-04-06 06:30,0.5200,1040.0,yes,9.7
2026-04-06 07:00,0.5110,1022.0,yes,14.3
2026-04-06 07:30,0.4660,932.0,yes,18.8
2026-04-06 08:00,0.4670,934.0,yes,23.1
2026-04-06 08:30,0.5110,1022.0,yes,27.3
2026-04-06 09:00,0.4950,990.0,yes,31.1
2026-04-06 09:30,1.0220,2044.0,yes,34.6
2026-04-06 10:00,1.0960,2192.0,yes,37.7
2026-04-06 10:30,0.6260,1252.0,yes,40.2
2026-04-06 11:00,0.5600,1120.0,yes,42.1
2026-04-06 11:30,1.2820,2564.0,yes,43.3
2026-04-06 12:00,0.5750,1150.0,yes,43.6
2026-04-06 12:30,0.8110,1622.0,yes,43.1
2026-04-06 13:00,0.8320,1664.0,yes,41.8
2026-04-06 13:30,0.6710,1342.0,yes,39.8
2026-04-06 14:00,0.7340,1468.0,yes,37.2
2026-04-06 14:30,0.6240,1248.0,yes,34.0
2026-04-06 15:00,0.5800,1160.0,yes,30.4
2026-04-06 15:30,0.5360,1072.0,yes,26.5
2026-04-06 16:00,0.5030,1006.0,yes,22.3
2026-04-06 16:30,0.5680,1136.0,yes,17.9
2026-04-06 17:00,0.5300,1060.0,yes,13.4
2026-04-06 17:30,0.6830,1366.0,yes,8.9
2026-04-06 18:00,0.6640,1328.0,no,4.3
2026-04-06 18:30,0.5980,1196.0,no,-0.2
2026-04-06 19:00,0.5550,1110.0,no,-4.7
2026-04-06 19:30,0.5930,1186.0,no,-9.0
2026-04-06 20:00,0.5970,1194.0,no,-13.1
2026-04-06 20:30,0.5580,1116.0,no,-17.0
2026-04-06 21:00,0.5670,1134.0,no,-20.6
2026-04-06 21:30,0.5860,1172.0,no,-23.8
2026-04-06 22:00,0.6660,1332.0,no,-26.5
2026-04-06 22:30,0.3360,672.0,no,-28.7
2026-04-06 23:00,0.2500,500.0,no,-30.4
2026-04-06 23:30,0.2800,560.0,no,-31.3
2026-04-07 00:00,0.2790,558.0,no,-31.2
2026-04-07 00:30,0.2800,560.0,no,-30.8
2026-04-07 01:00,0.2430,486.0,no,-29.7
2026-04-07 01:30,0.2780,556.0,no,-28.0
2026-04-07 02:00,0.2850,570.0,no,-25.7
2026-04-07 02:30,0.2560,512.0,no,-22.9
2026-04-07 03:00,0.2740,548.0,no,-19.6
2026-04-07 03:30,0.2640,528.0,no,-16.0
2026-04-07 04:00,0.3080,616.0,no,-12.0
2026-04-07 04:30,0.2680,536.0,no,-7.9
2026-04-07 05:00,0.2470,494.0,no,-3.5
2026-04-07 05:30,0.2860,572.0,no,0.9
2026-04-07 06:00,0.2750,550.0,yes,5.5
2026-04-07 06:30,0.3980,796.0,yes,10.0
2026-04-07 07:00,0.3870,774.0,yes,14.6
2026-04-07 07:30,0.3800,760.0,yes,19.1
2026-04-07 08:00,0.4350,870.0,yes,23.4
2026-04-07 08:30,0.4770,954.0,yes,27.6
2026-04-07 09:00,0.4760,952.0,yes,31.5
2026-04-07 09:30,0.5390,1078.0,yes,35.0
2026-04-07 10:00,0.5270,1054.0,yes,38.1
2026-04-07 10:30,0.4580,916.0,yes,40.6
2026-04-07 11:00,0.4730,946.0,yes,42.5
2026-04-07 11:30,0.4870,974.0,yes,43.6
2026-04-07 12:00,0.4870,974.0,yes,44.0
2026-04-07 12:30,0.4610,922.0,yes,43.5
2026-04-07 13:00,0.4740,948.0,yes,42.2
2026-04-07 13:30,0.5030,1006.0,yes,40.2
2026-04-07 14:00,0.4340,868.0,yes,37.5
2026-04-07 14:30,0.4030,806.0,yes,34.4
2026-04-07 15:00,0.4150,830.0,yes,30.8
2026-04-07 15:30,0.4650,930.0,yes,26.8
2026-04-07 16:00,0.4030,806.0,yes,22.6
2026-04-07 16:30,0.7590,1518.0,yes,18.3
2026-04-07 17:00,0.9820,1964.0,yes,13.8
2026-04-07 17:30,0.6280,1256.0,yes,9.2
2026-04-07 18:00,0.9910,1982.0,no,4.6
2026-04-07 18:30,0.8760,1752.0,no,0.1
2026-04-07 19:00,0.5190,1038.0,no,-4.4
2026-04-07 19:30,0.5120,1024.0,no,-8.7
2026-04-07 20:00,0.5750,1150.0,no,-12.8
2026-04-07 20:30,0.5600,1120.0,no,-16.7
2026-04-07 21:00,0.5510,1102.0,no,-20.2
2026-04-07 21:30,0.6940,1388.0,no,-23.4
2026-04-07 22:00,0.5830,1166.0,no,-26.2
2026-04-07 22:30,0.4040,808.0,no,-28.4
2026-04-07 23:00,0.3280,656.0,no,-30.0
2026-04-07 23:30,0.3810,762.0,no,-30.9
2026-04-08 00:00,0.3710,742.0,no,-30.8
2026-04-08 00:30,0.3540,708.0,no,-30.4
2026-04-08 01:00,0.3360,672.0,no,-29.3
2026-04-08 01:30,0.3270,654.0,no,-27.6
2026-04-08 02:00,0.3740,748.0,no,-25.3
2026-04-08 02:30,0.3480,696.0,no,-22.5
2026-04-08 03:00,0.3320,664.0,no,-19.3
2026-04-08 03:30,0.3280,656.0,no,-15.6
2026-04-08 04:00,0.3630,726.0,no,-11.7
2026-04-08 04:30,0.3860,772.0,no,-7.6
2026-04-08 05:00,0.3310,662.0,no,-3.2
2026-04-08 05:30,0.3490,698.0,no,1.2
2026-04-08 06:00,0.3580,716.0,yes,5.8
2026-04-08 06:30,0.3870,774.0,yes,10.4
2026-04-08 07:00,0.4210,842.0,yes,14.9
2026-04-08 07:30,0.3450,690.0,yes,19.4
2026-04-08 08:00,0.4200,840.0,yes,23.7
2026-04-08 08:30,1.1180,2236.0,yes,27.9
2026-04-08 09:00,0.3740,748.0,yes,31.8
2026-04-08 09:30,0.3490,698.0,yes,35.3
2026-04-08 10:00,0.5990,1198.0,yes,38.4
2026-04-08 10:30,1.1400,2280.0,yes,41.0
2026-04-08 11:00,0.4050,810.0,yes,42.9
2026-04-08 11:30,0.4080,816.0,yes,44.0
2026-04-08 12:00,0.8850,1770.0,yes,44.4
2026-04-08 12:30,0.7020,1404.0,yes,43.9
2026-04-08 13:00,1.0430,2086.0,yes,42.6
2026-04-08 13:30,0.4450,890.0,yes,40.6
2026-04-08 14:00,0.7700,1540.0,yes,37.9
2026-04-08 14:30,0.3890,778.0,yes,34.7
2026-04-08 15:00,0.4460,892.0,yes,31.1
2026-04-08 15:30,0.4070,814.0,yes,27.1
2026-04-08 16:00,0.4050,810.0,yes,22.9
2026-04-08 16:30,0.7410,1482.0,yes,18.6
2026-04-08 17:00,0.5610,1122.0,yes,14.1
2026-04-08 17:30,0.4890,978.0,yes,9.5
2026-04-08 18:00,0.5850,1170.0,no,4.9
2026-04-08 18:30,0.5720,1144.0,no,0.4
2026-04-08 19:00,0.6880,1376.0,no,-4.1
2026-04-08 19:30,0.7710,1542.0,no,-8.4
2026-04-08 20:00,0.7440,1488.0,no,-12.5
2026-04-08 20:30,0.7350,1470.0,no,-16.3
2026-04-08 21:00,0.7490,1498.0,no,-19.9
2026-04-08 21:30,0.5170,1034.0,no,-23.1
2026-04-08 22:00,0.3830,766.0,no,-25.8
2026-04-08 22:30,0.3640,728.0,no,-28.0
2026-04-08 23:00,0.3130,626.0,no,-29.6
2026-04-08 23:30,0.3000,600.0,no,-30.6
2026-04-09 00:00,0.2970,594.0,no,-30.4
2026-04-09 00:30,0.3160,632.0,no,-30.0
2026-04-09 01:00,0.3230,646.0,no,-29.0
2026-04-09 01:30,0.2790,558.0,no,-27.2
2026-04-09 02:00,0.3130,626.0,no,-25.0
2026-04-09 02:30,0.3140,628.0,no,-22.2
2026-04-09 03:00,0.3180,636.0,no,-18.9
2026-04-09 03:30,0.2880,576.0,no,-15.3
2026-04-09 04:00,0.2950,590.0,no,-11.4
2026-04-09 04:30,0.3340,668.0,no,-7.3
2026-04-09 05:00,0.3050,610.0,no,-2.9
2026-04-09 05:30,0.3440,688.0,no,1.5
2026-04-09 06:00,0.3670,734.0,yes,6.1
2026-04-09 06:30,0.3190,638.0,yes,10.7
2026-04-09 07:00,0.2800,560.0,yes,15.2
2026-04-09 07:30,0.2640,528.0,yes,19.7
2026-04-09 08:00,0.3060,612.0,yes,24.1
2026-04-09 08:30,0.2950,590.0,yes,28.2
2026-04-09 09:00,0.2900,580.0,yes,32.1
2026-04-09 09:30,0.2780,556.0,yes,35.7
2026-04-09 10:00,0.3100,620.0,yes,38.8
2026-04-09 10:30,0.4200,840.0,yes,41.4
2026-04-09 11:00,0.3200,640.0,yes,43.3
2026-04-09 11:30,0.3100,620.0,yes,44.4
2026-04-09 12:00,0.3950,790.0,yes,44.7
2026-04-09 12:30,0.4030,806.0,yes,44.3
2026-04-09 13:00,0.3490,698.0,yes,43.0
2026-04-09 13:30,0.3560,712.0,yes,40.9
2026-04-09 14:00,0.3510,702.0,yes,38.3
2026-04-09 14:30,0.3540,708.0,yes,35.1
2026-04-09 15:00,0.3230,646.0,yes,31.4
2026-04-09 15:30,0.3440,688.0,yes,27.5
2026-04-09 16:00,0.3600,720.0,yes,23.3
2026-04-09 16:30,0.3210,642.0,yes,18.9
2026-04-09 17:00,0.3490,698.0,yes,14.4
2026-04-09 17:30,0.5150,1030.0,yes,9.8
2026-04-09 18:00,0.4020,804.0,yes,5.2
2026-04-09 18:30,0.5390,1078.0,no,0.7
2026-04-09 19:00,0.8210,1642.0,no,-3.7
2026-04-09 19:30,0.6500,1300.0,no,-8.0
2026-04-09 20:00,0.5750,1150.0,no,-12.1
2026-04-09 20:30,0.6270,1254.0,no,-16.0
2026-04-09 21:00,0.5820,1164.0,no,-19.6
2026-04-09 21:30,0.5620,1124.0,no,-22.7
2026-04-09 22:00,0.6020,1204.0,no,-25.4
2026-04-09 22:30,0.3670,734.0,no,-27.6
2026-04-09 23:00,0.3460,692.0,no,-29.2
2026-04-09 23:30,0.2810,562.0,no,-30.2
2026-04-10 00:00,0.2960,592.0,no,-30.1
2026-04-10 00:30,0.3030,606.0,no,-29.7
2026-04-10 01:00,0.3160,632.0,no,-28.6
2026-04-10 01:30,0.2870,574.0,no,-26.9
2026-04-10 02:00,0.2720,544.0,no,-24.6
2026-04-10 02:30,0.3140,628.0,no,-21.8
2026-04-10 03:00,0.3040,608.0,no,-18.6
2026-04-10 03:30,0.3060,612.0,no,-15.0
2026-04-10 04:00,0.2910,582.0,no,-11.1
2026-04-10 04:30,0.2960,592.0,no,-6.9
2026-04-10 05:00,0.3860,772.0,no,-2.6
2026-04-10 05:30,0.3450,690.0,no,1.8
2026-04-10 06:00,0.4310,862.0,yes,6.4
2026-04-10 06:30,0.7930,1586.0,yes,11.0
2026-04-10 07:00,0.9080,1816.0,yes,15.5
2026-04-10 07:30,0.2760,552.0,yes,20.0
2026-04-10 08:00,0.2790,558.0,yes,24.4
2026-04-10 08:30,0.3120,624.0,yes,28.6
2026-04-10 09:00,0.3120,624.0,yes,32.5
2026-04-10 09:30,0.2880,576.0,yes,36.0
2026-04-10 10:00,0.2960,592.0,yes,39.2
2026-04-10 10:30,0.4010,802.0,yes,41.7
2026-04-10 11:00,0.3830,766.0,yes,43.6
2026-04-10 11:30,0.3110,622.0,yes,44.8
2026-04-10 12:00,0.3120,624.0,yes,45.1
2026-04-10 12:30,0.3380,676.0,yes,44.6
2026-04-10 13:00,0.3450,690.0,yes,43.3
2026-04-10 13:30,0.3020,604.0,yes,41.3
2026-04-10 14:00,0.3270,654.0,yes,38.6
2026-04-10 14:30,0.3390,678.0,yes,35.4
2026-04-10 15:00,0.3560,712.0,yes,31.8
2026-04-10 15:30,0.3630,726.0,yes,27.8
2026-04-10 16:00,0.3420,684.0,yes,23.6
2026-04-10 16:30,0.3540,708.0,yes,19.2
2026-04-10 17:00,0.4620,924.0,yes,14.7
2026-04-10 17:30,0.4720,944.0,yes,10.1
2026-04-10 18:00,0.5560,1112.0,yes,5.5
2026-04-10 18:30,1.2070,2414.0,no,1.0
2026-04-10 19:00,0.8700,1740.0,no,-3.4
2026-04-10 19:30,0.7000,1400.0,no,-7.7
2026-04-10 20:00,0.7960,1592.0,no,-11.8
2026-04-10 20:30,0.7550,1510.0,no,-15.7
2026-04-10 21:00,0.6790,1358.0,no,-19.2
2026-04-10 21:30,0.6700,1340.0,no,-22.4
2026-04-10 22:00,0.6940,1388.0,no,-25.1
2026-04-10 22:30,0.6620,1324.0,no,-27.2
2026-04-10 23:00,0.6470,1294.0,no,-28.8
2026-04-10 23:30,0.5360,1072.0,no,-29.8
2026-04-11 00:00,0.4920,984.0,no,-29.7
2026-04-11 00:30,0.4720,944.0,no,-29.3
2026-04-11 01:00,0.4310,862.0,no,-28.2
2026-04-11 01:30,0.4450,890.0,no,-26.5
2026-04-11 02:00,0.4580,916.0,no,-24.2
2026-04-11 02:30,0.4730,946.0,no,-21.5
2026-04-11 03:00,0.4300,860.0,no,-18.2
2026-04-11 03:30,0.4240,848.0,no,-14.6
2026-04-11 04:00,0.4860,972.0,no,-10.8
2026-04-11 04:30,0.4800,960.0,no,-6.6
2026-04-11 05:00,0.4630,926.0,no,-2.3
2026-04-11 05:30,0.4450,890.0,no,2.2
2026-04-11 06:00,0.4810,962.0,yes,6.7
2026-04-11 06:30,0.4690,938.0,yes,11.3
2026-04-11 07:00,0.4230,846.0,yes,15.8
2026-04-11 07:30,0.4500,900.0,yes,20.3
2026-04-11 08:00,0.6140,1228.0,yes,24.7
2026-04-11 08:30,0.5360,1072.0,yes,28.9
2026-04-11 09:00,0.6460,1292.0,yes,32.8
2026-04-11 09:30,0.6080,1216.0,yes,36.4
2026-04-11 10:00,0.5780,1156.0,yes,39.5
2026-04-11 10:30,0.5350,1070.0,yes,42.1
2026-04-11 11:00,0.6600,1320.0,yes,44.0
2026-04-11 11:30,1.1750,2350.0,yes,45.2
2026-04-11 12:00,0.9340,1868.0,yes,45.5
2026-04-11 12:30,0.5690,1138.0,yes,45.0
2026-04-11 13:00,0.5320,1064.0,yes,43.7
2026-04-11 13:30,0.5450,1090.0,yes,41.6
2026-04-11 14:00,0.6300,1260.0,yes,39.0
2026-04-11 14:30,0.5900,1180.0,yes,35.7
2026-04-11 15:00,0.5560,1112.0,yes,32.1
2026-04-11 15:30,0.6800,1360.0,yes,28.1
2026-04-11 16:00,1.0920,2184.0,yes,23.9
2026-04-11 16:30,0.6580,1316.0,yes,19.5
2026-04-11 17:00,1.1300,2260.0,yes,15.0
2026-04-11 17:30,0.6960,1392.0,yes,10.4
2026-04-11 18:00,0.7050,1410.0,yes,5.8
2026-04-11 18:30,0.6670,1334.0,no,1.3
2026-04-11 19:00,0.7280,1456.0,no,-3.1
2026-04-11 19:30,0.7330,1466.0,no,-7.4
2026-04-11 20:00,0.6600,1320.0,no,-11.5
2026-04-11 20:30,0.5750,1150.0,no,-15.3
2026-04-11 21:00,0.5940,1188.0,no,-18.9
2026-04-11 21:30,0.6210,1242.0,no,-22.0
2026-04-11 22:00,1.1850,2370.0,no,-24.7
2026-04-11 22:30,1.0240,2048.0,no,-26.9
2026-04-11 23:00,0.5290,1058.0,no,-28.5
2026-04-11 23:30,0.4580,916.0,no,-29.4
2026-04-12 00:00,0.4370,874.0,no,-29.3
2026-04-12 00:30,0.3800,760.0,no,-28.9
2026-04-12 01:00,0.4570,914.0,no,-27.8
2026-04-12 01:30,0.3850,770.0,no,-26.1
2026-04-12 02:00,0.3660,732.0,no,-23.9
2026-04-12 02:30,0.3490,698.0,no,-21.1
2026-04-12 03:00,0.3500,700.0,no,-17.9
2026-04-12 03:30,0.3930,786.0,no,-14.3
2026-04-12 04:00,0.3670,734.0,no,-10.4
2026-04-12 04:30,0.3520,704.0,no,-6.3
2026-04-12 05:00,0.3480,696.0,no,-2.0
2026-04-12 05:30,0.3610,722.0,no,2.5
2026-04-12 06:00,0.3900,780.0,yes,7.0
2026-04-12 06:30,0.4690,938.0,yes,11.6
2026-04-12 07:00,0.3850,770.0,yes,16.1
2026-04-12 07:30,0.4640,928.0,yes,20.6
2026-04-12 08:00,0.3740,748.0,yes,25.0
2026-04-12 08:30,0.3950,790.0,yes,29.2
2026-04-12 09:00,0.3440,688.0,yes,33.1
2026-04-12 09:30,0.3650,730.0,yes,36.7
2026-04-12 10:00,0.3690,738.0,yes,39.9
2026-04-12 10:30,0.4190,838.0,yes,42.4
2026-04-12 11:00,0.5530,1106.0,yes,44.4
2026-04-12 11:30,0.5450,1090.0,yes,45.5
2026-04-12 12:00,0.5780,1156.0,yes,45.9
2026-04-12 12:30,0.5810,1162.0,yes,45.4
2026-04-12 13:00,0.5940,1188.0,yes,44.1
2026-04-12 13:30,0.7950,1590.0,yes,42.0
2026-04-12 14:00,1.1900,2380.0,yes,39.3
2026-04-12 14:30,0.6300,1260.0,yes,36.1
2026-04-12 15:00,0.5760,1152.0,yes,32.4
2026-04-12 15:30,0.5290,1058.0,yes,28.4
2026-04-12 16:00,0.5210,1042.0,yes,24.2
2026-04-12 16:30,0.5810,1162.0,yes,19.8
2026-04-12 17:00,0.5520,1104.0,yes,15.3
2026-04-12 17:30,0.5440,1088.0,yes,10.7
2026-04-12 18:00,0.5430,1086.0,yes,6.1
2026-04-12 18:30,1.0850,2170.0,no,1.6
2026-04-12 19:00,1.1650,2330.0,no,-2.8
2026-04-12 19:30,0.6490,1298.0,no,-7.1
2026-04-12 20:00,0.7080,1416.0,no,-11.2
2026-04-12 20:30,1.0480,2096.0,no,-15.0
2026-04-12 21:00,0.8490,1698.0,no,-18.5
2026-04-12 21:30,0.3510,702.0,no,-21.7
2026-04-12 22:00,0.3630,726.0,no,-24.3
2026-04-12 22:30,0.2960,592.0,no,-26.5
2026-04-12 23:00,0.2590,518.0,no,-28.1
2026-04-12 23:30,0.3090,618.0,no,-29.0
2026-04-13 00:00,0.2740,548.0,no,-28.9
2026-04-13 00:30,0.2670,534.0,no,-28.5
2026-04-13 01:00,0.2360,472.0,no,-27.5
2026-04-13 01:30,0.2760,552.0,no,-25.8
2026-04-13 02:00,0.2830,566.0,no,-23.5
2026-04-13 02:30,0.2510,502.0,no,-20.8
2026-04-13 03:00,0.2590,518.0,no,-17.6
2026-04-13 03:30,0.2580,516.0,no,-14.0
2026-04-13 04:00,0.2960,592.0,no,-10.1
2026-04-13 04:30,0.2790,558.0,no,-6.0
2026-04-13 05:00,0.2460,492.0,no,-1.7
2026-04-13 05:30,0.2690,538.0,no,2.8
2026-04-13 06:00,0.2790,558.0,yes,7.3
2026-04-13 06:30,0.3030,606.0,yes,11.9
2026-04-13 07:00,0.3100,620.0,yes,16.4
2026-04-13 07:30,0.3490,698.0,yes,20.9
2026-04-13 08:00,0.9870,1974.0,yes,25.3
2026-04-13 08:30,0.3390,678.0,yes,29.5
2026-04-13 09:00,0.3420,684.0,yes,33.4
2026-04-13 09:30,0.3150,630.0,yes,37.0
2026-04-13 10:00,0.3040,608.0,yes,40.2
2026-04-13 10:30,0.3070,614.0,yes,42.8
2026-04-13 11:00,0.3670,734.0,yes,44.7
2026-04-13 11:30,0.3550,710.0,yes,45.9
2026-04-13 12:00,0.3630,726.0,yes,46.3
2026-04-13 12:30,0.3220,644.0,yes,45.8
2026-04-13 13:00,0.2900,580.0,yes,44.4
2026-04-13 13:30,0.8090,1618.0,yes,42.4
2026-04-13 14:00,0.8860,1772.0,yes,39.6
2026-04-13 14:30,0.3540,708.0,yes,36.4
2026-04-13 15:00,0.2970,594.0,yes,32.7
2026-04-13 15:30,0.3230,646.0,yes,28.7
2026-04-13 16:00,0.8450,1690.0,yes,24.5
2026-04-13 16:30,0.4870,974.0,yes,20.1
2026-04-13 17:00,0.4290,858.0,yes,15.6
2026-04-13 17:30,0.4250,850.0,yes,11.0
2026-04-13 18:00,0.6510,1302.0,yes,6.4
2026-04-13 18:30,1.2450,2490.0,no,1.9
2026-04-13 19:00,0.5390,1078.0,no,-2.5
2026-04-13 19:30,1.4240,2848.0,no,-6.8
2026-04-13 20:00,1.0800,2160.0,no,-10.9
2026-04-13 20:30,0.4720,944.0,no,-14.7
2026-04-13 21:00,0.4860,972.0,no,-18.2
2026-04-13 21:30,0.5740,1148.0,no,-21.3
2026-04-13 22:00,0.4410,882.0,no,-24.0
2026-04-13 22:30,0.3410,682.0,no,-26.1
2026-04-13 23:00,0.2810,562.0,no,-27.7
2026-04-13 23:30,0.3100,620.0,no,-28.7
2026-04-14 00:00,0.2940,588.0,no,-28.6
2026-04-14 00:30,0.2640,528.0,no,-28.2
2026-04-14 01:00,0.2810,562.0,no,-27.1
2026-04-14 01:30,0.2930,586.0,no,-25.4
2026-04-14 02:00,0.3090,618.0,no,-23.2
2026-04-14 02:30,0.2580,516.0,no,-20.4
2026-04-14 03:00,0.2660,532.0,no,-17.2
2026-04-14 03:30,0.2970,594.0,no,-13.7
2026-04-14 04:00,0.3110,622.0,no,-9.8
2026-04-14 04:30,0.2920,584.0,no,-5.7
2026-04-14 05:00,0.2640,528.0,no,-1.4
2026-04-14 05:30,0.2980,596.0,no,3.0
2026-04-14 06:00,0.3040,608.0,yes,7.6
2026-04-14 06:30,0.3840,768.0,yes,12.2
2026-04-14 07:00,0.4420,884.0,yes,16.7
2026-04-14 07:30,0.3560,712.0,yes,21.2
2026-04-14 08:00,0.3920,784.0,yes,25.6
2026-04-14 08:30,0.4100,820.0,yes,29.8
2026-04-14 09:00,0.2680,536.0,yes,33.8
2026-04-14 09:30,0.3690,738.0,yes,37.4
2026-04-14 10:00,0.7720,1544.0,yes,40.5
2026-04-14 10:30,0.6760,1352.0,yes,43.2
2026-04-14 11:00,0.3450,690.0,yes,45.1
2026-04-14 11:30,0.4800,960.0,yes,46.3
2026-04-14 12:00,1.4260,2852.0,yes,46.6
2026-04-14 12:30,1.0480,2096.0,yes,46.1
2026-04-14 13:00,0.3110,622.0,yes,44.8
2026-04-14 13:30,0.3330,666.0,yes,42.7
2026-04-14 14:00,0.3200,640.0,yes,40.0
2026-04-14 14:30,0.3360,672.0,yes,36.7
2026-04-14 15:00,0.3230,646.0,yes,33.1
2026-04-14 15:30,0.8350,1670.0,yes,29.0
2026-04-14 16:00,0.8700,1740.0,yes,24.8
2026-04-14 16:30,0.4000,800.0,yes,20.4
2026-04-14 17:00,1.6820,3364.0,yes,15.9
2026-04-14 17:30,1.2300,2460.0,yes,11.3
2026-04-14 18:00,0.7360,1472.0,yes,6.7
2026-04-14 18:30,0.5870,1174.0,no,2.2
2026-04-14 19:00,0.9930,1986.0,no,-2.2
2026-04-14 19:30,0.6000,1200.0,no,-6.5
2026-04-14 20:00,0.9460,1892.0,no,-10.5
2026-04-14 20:30,0.4930,986.0,no,-14.4
2026-04-14 21:00,0.5200,1040.0,no,-17.9
2026-04-14 21:30,0.4990,998.0,no,-21.0
2026-04-14 22:00,0.3830,766.0,no,-23.6
2026-04-14 22:30,0.3200,640.0,no,-25.8
2026-04-14 23:00,0.3020,604.0,no,-27.3
2026-04-14 23:30,0.3130,626.0,no,-28.3
2026-04-15 00:00,0.3300,660.0,no,-28.2
2026-04-15 00:30,0.2790,558.0,no,-27.8
2026-04-15 01:00,0.2950,590.0,no,-26.7
2026-04-15 01:30,0.3090,618.0,no,-25.1
2026-04-15 02:00,0.3210,642.0,no,-22.8
2026-04-15 02:30,0.2950,590.0,no,-20.1
2026-04-15 03:00,0.2740,548.0,no,-16.9
2026-04-15 03:30,0.3240,648.0,no,-13.4
2026-04-15 04:00,0.3070,614.0,no,-9.5
2026-04-15 04:30,0.3080,616.0,no,-5.4
2026-04-15 05:00,0.2800,560.0,no,-1.1
2026-04-15 05:30,0.3220,644.0,no,3.3
2026-04-15 06:00,0.3350,670.0,yes,7.9
2026-04-15 06:30,0.3460,692.0,yes,12.4
2026-04-15 07:00,0.3810,762.0,yes,17.0
2026-04-15 07:30,0.3630,726.0,yes,21.5
2026-04-15 08:00,0.3780,756.0,yes,25.9
2026-04-15 08:30,0.3590,718.0,yes,30.1
2026-04-15 09:00,0.3200,640.0,yes,34.1
2026-04-15 09:30,0.3200,640.0,yes,37.7
2026-04-15 10:00,0.3420,684.0,yes,40.9
2026-04-15 10:30,0.3610,722.0,yes,43.5
2026-04-15 11:00,0.3610,722.0,yes,45.5
2026-04-15 11:30,0.3290,658.0,yes,46.7
2026-04-15 12:00,0.3360,672.0,yes,47.0
2026-04-15 12:30,0.3470,694.0,yes,46.5
2026-04-15 13:00,0.4190,838.0,yes,45.2
2026-04-15 13:30,0.4370,874.0,yes,43.1
2026-04-15 14:00,0.3860,772.0,yes,40.3
2026-04-15 14:30,0.3870,774.0,yes,37.1
2026-04-15 15:00,0.4470,894.0,yes,33.4
2026-04-15 15:30,0.5570,1114.0,yes,29.4
2026-04-15 16:00,0.6500,1300.0,yes,25.1
2026-04-15 16:30,0.6080,1216.0,yes,20.7
2026-04-15 17:00,0.6140,1228.0,yes,16.2
2026-04-15 17:30,0.6310,1262.0,yes,11.6
2026-04-15 18:00,0.6300,1260.0,yes,7.0
2026-04-15 18:30,0.8140,1628.0,no,2.5
2026-04-15 19:00,0.6400,1280.0,no,-1.9
2026-04-15 19:30,0.6790,1358.0,no,-6.2
2026-04-15 20:00,1.2710,2542.0,no,-10.2
2026-04-15 20:30,1.6160,3232.0,no,-14.0
2026-04-15 21:00,0.6100,1220.0,no,-17.5
2026-04-15 21:30,0.4610,922.0,no,-20.6
2026-04-15 22:00,0.4230,846.0,no,-23.3
2026-04-15 22:30,0.3100,620.0,no,-25.4
2026-04-15 23:00,0.3180,636.0,no,-27.0
2026-04-15 23:30,0.2890,578.0,no,-27.9
2026-04-16 00:00,0.3340,668.0,no,-27.8
2026-04-16 00:30,0.3260,652.0,no,-27.4
2026-04-16 01:00,0.2920,584.0,no,-26.4
2026-04-16 01:30,0.3040,608.0,no,-24.7
2026-04-16 02:00,0.3030,606.0,no,-22.5
2026-04-16 02:30,0.3410,682.0,no,-19.7
2026-04-16 03:00,0.3000,600.0,no,-16.6
2026-04-16 03:30,0.2910,582.0,no,-13.0
2026-04-16 04:00,0.3050,610.0,no,-9.2
2026-04-16 04:30,0.3270,654.0,no,-5.1
2026-04-16 05:00,0.3420,684.0,no,-0.8
2026-04-16 05:30,0.2900,580.0,no,3.6
2026-04-16 06:00,0.3060,612.0,yes,8.2
2026-04-16 06:30,0.3400,680.0,yes,12.7
2026-04-16 07:00,0.4130,826.0,yes,17.3
2026-04-16 07:30,0.3160,632.0,yes,21.8
2026-04-16 08:00,0.3860,772.0,yes,26.2
2026-04-16 08:30,0.9320,1864.0,yes,30.4
2026-04-16 09:00,0.9120,1824.0,yes,34.4
2026-04-16 09:30,0.3480,696.0,yes,38.0
2026-04-16 10:00,0.4420,884.0,yes,41.2
2026-04-16 10:30,0.3660,732.0,yes,43.9
2026-04-16 11:00,0.3690,738.0,yes,45.8
2026-04-16 11:30,0.3850,770.0,yes,47.0
2026-04-16 12:00,0.3590,718.0,yes,47.4
2026-04-16 12:30,0.5830,1166.0,yes,46.9
2026-04-16 13:00,0.3250,650.0,yes,45.5
2026-04-16 13:30,0.2800,560.0,yes,43.4
2026-04-16 14:00,0.3340,668.0,yes,40.7
2026-04-16 14:30,0.3290,658.0,yes,37.4
2026-04-16 15:00,0.4220,844.0,yes,33.7
2026-04-16 15:30,0.4560,912.0,yes,29.7
2026-04-16 16:00,0.5490,1098.0,yes,25.4
2026-04-16 16:30,0.5930,1186.0,yes,21.0
2026-04-16 17:00,0.5760,1152.0,yes,16.4
2026-04-16 17:30,0.5650,1130.0,yes,11.9
2026-04-16 18:00,0.5010,1002.0,yes,7.3
2026-04-16 18:30,0.5240,1048.0,no,2.8
2026-04-16 19:00,0.4880,976.0,no,-1.6
2026-04-16 19:30,0.5470,1094.0,no,-5.9
2026-04-16 20:00,0.5660,1132.0,no,-9.9
2026-04-16 20:30,0.5660,1132.0,no,-13.7
2026-04-16 21:00,0.5680,1136.0,no,-17.2
2026-04-16 21:30,0.6120,1224.0,no,-20.3
2026-04-16 22:00,0.6530,1306.0,no,-22.9
2026-04-16 22:30,0.5450,1090.0,no,-25.1
2026-04-16 23:00,0.3990,798.0,no,-26.6
2026-04-16 23:30,0.3760,752.0,no,-27.5
2026-04-17 00:00,0.3590,718.0,no,-27.4
2026-04-17 00:30,0.3610,722.0,no,-27.1
2026-04-17 01:00,0.3170,634.0,no,-26.0
2026-04-17 01:30,0.3140,628.0,no,-24.4
2026-04-17 02:00,0.2890,578.0,no,-22.1
2026-04-17 02:30,0.2970,594.0,no,-19.4
2026-04-17 03:00,0.3320,664.0,no,-16.3
2026-04-17 03:30,0.3150,630.0,no,-12.7
2026-04-17 04:00,0.3060,612.0,no,-8.9
2026-04-17 04:30,0.2860,572.0,no,-4.8
2026-04-17 05:00,0.3080,616.0,no,-0.5
2026-04-17 05:30,0.3330,666.0,no,3.9
2026-04-17 06:00,0.3090,618.0,yes,8.4
2026-04-17 06:30,0.3250,650.0,yes,13.0
2026-04-17 07:00,0.3310,662.0,yes,17.6
2026-04-17 07:30,0.3320,664.0,yes,22.1
2026-04-17 08:00,0.3290,658.0,yes,26.5
2026-04-17 08:30,0.3120,624.0,yes,30.7
2026-04-17 09:00,0.3210,642.0,yes,34.7
2026-04-17 09:30,0.3220,644.0,yes,38.4
2026-04-17 10:00,0.3930,786.0,yes,41.6
2026-04-17 10:30,0.3590,718.0,yes,44.2
2026-04-17 11:00,0.3550,710.0,yes,46.2
2026-04-17 11:30,0.4990,998.0,yes,47.4
2026-04-17 12:00,0.3770,754.0,yes,47.7
2026-04-17 12:30,0.3680,736.0,yes,47.2
2026-04-17 13:00,0.4340,868.0,yes,45.9
2026-04-17 13:30,0.3590,718.0,yes,43.8
2026-04-17 14:00,0.3690,738.0,yes,41.0
2026-04-17 14:30,0.3970,794.0,yes,37.7
2026-04-17 15:00,0.3370,674.0,yes,34.0
2026-04-17 15:30,0.4120,824.0,yes,30.0
2026-04-17 16:00,0.3770,754.0,yes,25.7
2026-04-17 16:30,0.3710,742.0,yes,21.3
2026-04-17 17:00,0.3850,770.0,yes,16.7
2026-04-17 17:30,0.3600,720.0,yes,12.2
2026-04-17 18:00,0.6050,1210.0,yes,7.6
2026-04-17 18:30,0.6380,1276.0,no,3.1
2026-04-17 19:00,0.5510,1102.0,no,-1.3
2026-04-17 19:30,0.6690,1338.0,no,-5.6
2026-04-17 20:00,0.6270,1254.0,no,-9.6
2026-04-17 20:30,0.6410,1282.0,no,-13.4
2026-04-17 21:00,0.6110,1222.0,no,-16.9
2026-04-17 21:30,1.0660,2132.0,no,-20.0
2026-04-17 22:00,1.1180,2236.0,no,-22.6
2026-04-17 22:30,0.5120,1024.0,no,-24.7
2026-04-17 23:00,0.4340,868.0,no,-26.3
2026-04-17 23:30,0.2890,578.0,no,-27.2
2026-04-18 00:00,0.3150,630.0,no,-27.1
2026-04-18 00:30,0.3400,680.0,no,-26.7
2026-04-18 01:00,0.3330,666.0,no,-25.7
2026-04-18 01:30,0.3350,670.0,no,-24.0
2026-04-18 02:00,0.3040,608.0,no,-21.8
2026-04-18 02:30,0.3330,666.0,no,-19.1
2026-04-18 03:00,0.3390,678.0,no,-15.9
2026-04-18 03:30,0.3190,638.0,no,-12.4
2026-04-18 04:00,0.3080,616.0,no,-8.6
2026-04-18 04:30,0.2930,586.0,no,-4.5
2026-04-18 05:00,0.3280,656.0,no,-0.2
2026-04-18 05:30,0.3170,634.0,no,4.2
2026-04-18 06:00,0.2920,584.0,yes,8.7
2026-04-18 06:30,0.4240,848.0,yes,13.3
2026-04-18 07:00,0.4700,940.0,yes,17.9
2026-04-18 07:30,0.3350,670.0,yes,22.4
2026-04-18 08:00,0.3010,602.0,yes,26.8
2026-04-18 08:30,0.2910,582.0,yes,31.0
2026-04-18 09:00,0.3310,662.0,yes,35.0
2026-04-18 09:30,0.6240,1248.0,yes,38.7
2026-04-18 10:00,0.5980,1196.0,yes,41.9
2026-04-18 10:30,0.3790,758.0,yes,44.6
2026-04-18 11:00,0.3760,752.0,yes,46.5
2026-04-18 11:30,0.4290,858.0,yes,47.8
2026-04-18 12:00,0.3550,710.0,yes,48.1
2026-04-18 12:30,0.3540,708.0,yes,47.6
2026-04-18 13:00,1.3930,2786.0,yes,46.2
2026-04-18 13:30,0.7670,1534.0,yes,44.1
2026-04-18 14:00,0.4860,972.0,yes,41.3
2026-04-18 14:30,0.4890,978.0,yes,38.0
2026-04-18 15:00,0.4850,970.0,yes,34.3
2026-04-18 15:30,0.5040,1008.0,yes,30.3
2026-04-18 16:00,0.4720,944.0,yes,26.0
2026-04-18 16:30,0.5230,1046.0,yes,21.6
2026-04-18 17:00,0.7410,1482.0,yes,17.0
2026-04-18 17:30,1.1090,2218.0,yes,12.4
2026-04-18 18:00,1.0480,2096.0,yes,7.9
2026-04-18 18:30,1.1740,2348.0,no,3.4
2026-04-18 19:00,0.6510,1302.0,no,-1.0
2026-04-18 19:30,0.5380,1076.0,no,-5.3
2026-04-18 20:00,0.5450,1090.0,no,-9.3
2026-04-18 20:30,0.6080,1216.0,no,-13.1
2026-04-18 21:00,0.5410,1082.0,no,-16.5
2026-04-18 21:30,0.5610,1122.0,no,-19.6
2026-04-18 22:00,0.5930,1186.0,no,-22.2
2026-04-18 22:30,0.5740,1148.0,no,-24.4
2026-04-18 23:00,0.5050,1010.0,no,-25.9
2026-04-18 23:30,0.3950,790.0,no,-26.8
2026-04-19 00:00,0.3620,724.0,no,-26.7
2026-04-19 00:30,0.3490,698.0,no,-26.3
2026-04-19 01:00,0.3230,646.0,no,-25.3
2026-04-19 01:30,0.3270,654.0,no,-23.7
2026-04-19 02:00,0.3260,652.0,no,-21.5
2026-04-19 02:30,0.3210,642.0,no,-18.8
2026-04-19 03:00,0.2640,528.0,no,-15.6
2026-04-19 03:30,0.2630,526.0,no,-12.1
2026-04-19 04:00,0.2950,590.0,no,-8.3
2026-04-19 04:30,0.2820,564.0,no,-4.2
2026-04-19 05:00,0.2740,548.0,no,0.1
2026-04-19 05:30,0.1150,230.0,no,4.5
2026-04-19 06:00,0.0080,16.0,yes,9.0
2026-04-19 06:30,0.0000,0.0,yes,13.6
2026-04-19 07:00,0.0000,0.0,yes,18.2
2026-04-19 07:30,0.0000,0.0,yes,22.7
2026-04-19 08:00,0.0000,0.0,yes,27.1
2026-04-19 08:30,0.5970,1194.0,yes,31.3
2026-04-19 09:00,0.1690,338.0,yes,35.3
2026-04-19 09:30,0.0100,20.0,yes,39.0
2026-04-19 10:00,0.0020,4.0,yes,42.2
2026-04-19 10:30,0.0450,90.0,yes,44.9
2026-04-19 11:00,0.5070,1014.0,yes,46.9
2026-04-19 11:30,0.1010,202.0,yes,48.1
2026-04-19 12:00,0.1020,204.0,yes,48.5
2026-04-19 12:30,0.2980,596.0,yes,47.9
2026-04-19 13:00,0.2340,468.0,yes,46.6
2026-04-19 13:30,0.0700,140.0,yes,44.4
2026-04-19 14:00,0.4150,830.0,yes,41.7
2026-04-19 14:30,0.0830,166.0,yes,38.3
2026-04-19 15:00,0.1180,236.0,yes,34.6
2026-04-19 15:30,0.2020,404.0,yes,30.6
2026-04-19 16:00,0.1690,338.0,yes,26.3
2026-04-19 16:30,0.2240,448.0,yes,21.8
2026-04-19 17:00,0.2840,568.0,yes,17.3
2026-04-19 17:30,0.3170,634.0,yes,12.7
2026-04-19 18:00,0.3490,698.0,yes,8.2
2026-04-19 18:30,0.3840,768.0,no,3.7
2026-04-19 19:00,1.8350,3670.0,no,-0.7
2026-04-19 19:30,0.8010,1602.0,no,-5.0
2026-04-19 20:00,1.0780,2156.0,no,-9.0
2026-04-19 20:30,1.1380,2276.0,no,-12.8
2026-04-19 21:00,0.5550,1110.0,no,-16.2
2026-04-19 21:30,1.0030,2006.0,no,-19.3
2026-04-19 22:00,0.7450,1490.0,no,-21.9
2026-04-19 22:30,0.4530,906.0,no,-24.0
2026-04-19 23:00,0.4130,826.0,no,-25.5
2026-04-19 23:30,0.2730,546.0,no,-26.5
2026-04-20 00:00,0.2650,530.0,no,-26.4
2026-04-20 00:30,0.2620,524.0,no,-26.0
2026-04-20 01:00,0.3250,650.0,no,-25.0
2026-04-20 01:30,0.2590,518.0,no,-23.3
2026-04-20 02:00,0.2510,502.0,no,-21.1
2026-04-20 02:30,0.2960,592.0,no,-18.4
2026-04-20 03:00,0.2730,546.0,no,-15.3
2026-04-20 03:30,0.2770,554.0,no,-11.8
2026-04-20 04:00,0.2670,534.0,no,-8.0
2026-04-20 04:30,0.3190,638.0,no,-3.9
2026-04-20 05:00,0.3130,626.0,no,0.4
2026-04-20 05:30,0.2430,486.0,no,4.8
2026-04-20 06:00,0.0770,154.0,yes,9.3
2026-04-20 06:30,0.0000,0.0,yes,13.9
2026-04-20 07:00,0.0000,0.0,yes,18.4
2026-04-20 07:30,0.0000,0.0,yes,23.0
2026-04-20 08:00,0.0000,0.0,yes,27.4
2026-04-20 08:30,0.0230,46.0,yes,31.6
2026-04-20 09:00,0.0000,0.0,yes,35.6
2026-04-20 09:30,0.0000,0.0,yes,39.3
2026-04-20 10:00,0.0000,0.0,yes,42.5
2026-04-20 10:30,0.0090,18.0,yes,45.2
2026-04-20 11:00,0.1400,280.0,yes,47.2
2026-04-20 11:30,0.0650,130.0,yes,48.5
2026-04-20 12:00,0.1030,206.0,yes,48.8
2026-04-20 12:30,0.2850,570.0,yes,48.3
2026-04-20 13:00,0.0000,0.0,yes,46.9
2026-04-20 13:30,0.0950,190.0,yes,44.8
2026-04-20 14:00,0.2150,430.0,yes,42.0
2026-04-20 14:30,0.2850,570.0,yes,38.6
2026-04-20 15:00,0.2500,500.0,yes,34.9
2026-04-20 15:30,0.3270,654.0,yes,30.8
2026-04-20 16:00,0.3440,688.0,yes,26.6
2026-04-20 16:30,0.3990,798.0,yes,22.1
2026-04-20 17:00,0.9900,1980.0,yes,17.6
2026-04-20 17:30,0.5470,1094.0,yes,13.0
2026-04-20 18:00,0.6300,1260.0,yes,8.4
2026-04-20 18:30,0.9890,1978.0,no,4.0
2026-04-20 19:00,0.8990,1798.0,no,-0.4
2026-04-20 19:30,1.1650,2330.0,no,-4.7
2026-04-20 20:00,0.9920,1984.0,no,-8.7
2026-04-20 20:30,0.6700,1340.0,no,-12.5
2026-04-20 21:00,0.5630,1126.0,no,-15.9
2026-04-20 21:30,0.3890,778.0,no,-19.0
2026-04-20 22:00,0.3100,620.0,no,-21.6
2026-04-20 22:30,0.3440,688.0,no,-23.7
2026-04-20 23:00,0.2960,592.0,no,-25.2
2026-04-20 23:30,0.2770,554.0,no,-26.1
2026-04-21 00:00,0.3190,638.0,no,-26.0
2026-04-21 00:30,0.3020,604.0,no,-25.6
2026-04-21 01:00,0.3060,612.0,no,-24.6
2026-04-21 01:30,0.2800,560.0,no,-23.0
2026-04-21 02:00,0.3070,614.0,no,-20.8
2026-04-21 02:30,0.3120,624.0,no,-18.1
2026-04-21 03:00,0.2900,580.0,no,-15.0
2026-04-21 03:30,0.3000,600.0,no,-11.5
2026-04-21 04:00,0.2990,598.0,no,-7.7
2026-04-21 04:30,0.3370,674.0,no,-3.6
2026-04-21 05:00,0.3310,662.0,no,0.7
2026-04-21 05:30,0.2640,528.0,yes,5.1
2026-04-21 06:00,0.1850,370.0,yes,9.6
2026-04-21 06:30,0.0750,150.0,yes,14.1
2026-04-21 07:00,0.0010,2.0,yes,18.7
2026-04-21 07:30,0.0530,106.0,yes,23.2
2026-04-21 08:00,0.0380,76.0,yes,27.7
2026-04-21 08:30,0.0010,2.0,yes,31.9
2026-04-21 09:00,0.0010,2.0,yes,35.9
2026-04-21 09:30,0.0030,6.0,yes,39.6
2026-04-21 10:00,0.0000,0.0,yes,42.9
2026-04-21 10:30,0.0030,6.0,yes,45.6
2026-04-21 11:00,0.0020,4.0,yes,47.6
2026-04-21 11:30,0.0000,0.0,yes,48.8
2026-04-21 12:00,0.0000,0.0,yes,49.2
2026-04-21 12:30,0.0020,4.0,yes,48.6
2026-04-21 13:00,0.0050,10.0,yes,47.3
2026-04-21 13:30,0.0190,38.0,yes,45.1
2026-04-21 14:00,0.0250,50.0,yes,42.3
2026-04-21 14:30,0.0570,114.0,yes,39.0
2026-04-21 15:00,0.2170,434.0,yes,35.2
2026-04-21 15:30,0.2930,586.0,yes,31.1
2026-04-21 16:00,0.3440,688.0,yes,26.8
2026-04-21 16:30,0.3280,656.0,yes,22.4
2026-04-21 17:00,0.3030,606.0,yes,17.9
2026-04-21 17:30,0.3700,740.0,yes,13.3
2026-04-21 18:00,0.4260,852.0,yes,8.7
2026-04-21 18:30,0.6360,1272.0,no,4.2
2026-04-21 19:00,0.4780,956.0,no,-0.2
2026-04-21 19:30,0.4960,992.0,no,-4.4
2026-04-21 20:00,0.6210,1242.0,no,-8.4
2026-04-21 20:30,0.5980,1196.0,no,-12.2
2026-04-21 21:00,0.6090,1218.0,no,-15.6
2026-04-21 21:30,0.6780,1356.0,no,-18.6
2026-04-21 22:00,0.4650,930.0,no,-21.2
2026-04-21 22:30,0.4020,804.0,no,-23.3
2026-04-21 23:00,0.3530,706.0,no,-24.8
2026-04-21 23:30,0.3740,748.0,no,-25.8
2026-04-22 00:00,0.3820,764.0,no,-25.7
2026-04-22 00:30,0.3670,734.0,no,-25.3
2026-04-22 01:00,0.3630,726.0,no,-24.3
2026-04-22 01:30,0.3440,688.0,no,-22.6
2026-04-22 02:00,0.3950,790.0,no,-20.5
2026-04-22 02:30,0.3760,752.0,no,-17.8
2026-04-22 03:00,0.3410,682.0,no,-14.7
2026-04-22 03:30,0.3570,714.0,no,-11.2
2026-04-22 04:00,0.3840,768.0,no,-7.4
2026-04-22 04:30,0.4110,822.0,no,-3.3
2026-04-22 05:00,0.3450,690.0,no,0.9
2026-04-22 05:30,0.2310,462.0,yes,5.3
2026-04-22 06:00,0.1370,274.0,yes,9.8
2026-04-22 06:30,0.0070,14.0,yes,14.4
2026-04-22 07:00,0.0320,64.0,yes,19.0
2026-04-22 07:30,0.2550,510.0,yes,23.5
2026-04-22 08:00,0.3090,618.0,yes,27.9
2026-04-22 08:30,0.1360,272.0,yes,32.2
2026-04-22 09:00,0.0000,0.0,yes,36.2
2026-04-22 09:30,0.0260,52.0,yes,39.9
2026-04-22 10:00,0.0000,0.0,yes,43.2
2026-04-22 10:30,0.0000,0.0,yes,45.9
2026-04-22 11:00,0.0000,0.0,yes,47.9
2026-04-22 11:30,0.0000,0.0,yes,49.2
2026-04-22 12:00,0.4360,872.0,yes,49.5
2026-04-22 12:30,0.0000,0.0,yes,49.0
2026-04-22 13:00,0.0000,0.0,yes,47.6
2026-04-22 13:30,0.0000,0.0,yes,45.4
2026-04-22 14:00,0.0000,0.0,yes,42.6
2026-04-22 14:30,0.0180,36.0,yes,39.3
2026-04-22 15:00,0.2090,418.0,yes,35.5
2026-04-22 15:30,0.2860,572.0,yes,31.4
2026-04-22 16:00,0.3640,728.0,yes,27.1
2026-04-22 16:30,0.3660,732.0,yes,22.7
2026-04-22 17:00,0.3640,728.0,yes,18.1
2026-04-22 17:30,0.5550,1110.0,yes,13.6
2026-04-22 18:00,0.5940,1188.0,yes,9.0
2026-04-22 18:30,0.5700,1140.0,no,4.5
2026-04-22 19:00,0.6750,1350.0,no,0.1
2026-04-22 19:30,0.7120,1424.0,no,-4.1
2026-04-22 20:00,0.7200,1440.0,no,-8.1
2026-04-22 20:30,0.6920,1384.0,no,-11.9
2026-04-22 21:00,0.7060,1412.0,no,-15.3
2026-04-22 21:30,0.5900,1180.0,no,-18.3
2026-04-22 22:00,0.3770,754.0,no,-20.9
2026-04-22 22:30,0.3100,620.0,no,-23.0
2026-04-22 23:00,0.2860,572.0,no,-24.5
2026-04-22 23:30,0.3330,666.0,no,-25.4
2026-04-23 00:00,0.3080,616.0,no,-25.3
2026-04-23 00:30,0.2920,584.0,no,-24.9
2026-04-23 01:00,0.2930,586.0,no,-23.9
2026-04-23 01:30,0.3150,630.0,no,-22.3
2026-04-23 02:00,0.3340,668.0,no,-20.1
2026-04-23 02:30,0.2830,566.0,no,-17.5
2026-04-23 03:00,0.2940,588.0,no,-14.4
2026-04-23 03:30,0.3190,638.0,no,-10.9
2026-04-23 04:00,0.3270,654.0,no,-7.1
2026-04-23 04:30,0.3320,664.0,no,-3.0
2026-04-23 05:00,0.3340,668.0,no,1.2
2026-04-23 05:30,0.8230,1646.0,yes,5.6
2026-04-23 06:00,0.5460,1092.0,yes,10.1
2026-04-23 06:30,0.2550,510.0,yes,14.7
2026-04-23 07:00,0.2140,428.0,yes,19.3
2026-04-23 07:30,0.1040,208.0,yes,23.8
2026-04-23 08:00,0.0000,0.0,yes,28.2
2026-04-23 08:30,0.0000,0.0,yes,32.5
2026-04-23 09:00,0.0000,0.0,yes,36.5
2026-04-23 09:30,0.0000,0.0,yes,40.2
2026-04-23 10:00,0.0000,0.0,yes,43.5
2026-04-23 10:30,0.0000,0.0,yes,46.2
2026-04-23 11:00,0.0000,0.0,yes,48.3
2026-04-23 11:30,0.0000,0.0,yes,49.5
2026-04-23 12:00,0.0000,0.0,yes,49.9
2026-04-23 12:30,0.0000,0.0,yes,49.3
2026-04-23 13:00,0.0000,0.0,yes,47.9
2026-04-23 13:30,0.0000,0.0,yes,45.8
2026-04-23 14:00,0.0000,0.0,yes,42.9
2026-04-23 14:30,0.0050,10.0,yes,39.6
2026-04-23 15:00,0.2460,492.0,yes,35.8
2026-04-23 15:30,0.4450,890.0,yes,31.7
2026-04-23 16:00,0.4220,844.0,yes,27.4
2026-04-23 16:30,0.6540,1308.0,yes,22.9
2026-04-23 17:00,0.8680,1736.0,yes,18.4
2026-04-23 17:30,0.9330,1866.0,yes,13.8
2026-04-23 18:00,1.0220,2044.0,yes,9.3
2026-04-23 18:30,1.0300,2060.0,no,4.8
2026-04-23 19:00,0.7680,1536.0,no,0.4
2026-04-23 19:30,1.5760,3152.0,no,-3.8
2026-04-23 20:00,0.6210,1242.0,no,-7.8
2026-04-23 20:30,0.6300,1260.0,no,-11.6
2026-04-23 21:00,0.6290,1258.0,no,-15.0
2026-04-23 21:30,0.4760,952.0,no,-18.0
2026-04-23 22:00,0.3610,722.0,no,-20.6
2026-04-23 22:30,0.3300,660.0,no,-22.7
2026-04-23 23:00,0.3090,618.0,no,-24.2
2026-04-23 23:30,0.2840,568.0,no,-25.1
2026-04-24 00:00,0.2740,548.0,no,-25.0
2026-04-24 00:30,0.3250,650.0,no,-24.6
2026-04-24 01:00,0.3090,618.0,no,-23.6
2026-04-24 01:30,0.2810,562.0,no,-22.0
2026-04-24 02:00,0.2780,556.0,no,-19.8
2026-04-24 02:30,0.3000,600.0,no,-17.1
2026-04-24 03:00,0.3210,642.0,no,-14.1
2026-04-24 03:30,0.2740,548.0,no,-10.6
2026-04-24 04:00,0.2770,554.0,no,-6.8
2026-04-24 04:30,0.2910,582.0,no,-2.8
2026-04-24 05:00,0.3220,644.0,no,1.5
2026-04-24 05:30,0.3160,632.0,yes,5.9
2026-04-24 06:00,0.3460,692.0,yes,10.4
2026-04-24 06:30,0.1550,310.0,yes,14.9
2026-04-24 07:00,0.0630,126.0,yes,19.5
2026-04-24 07:30,0.0020,4.0,yes,24.1
2026-04-24 08:00,0.0890,178.0,yes,28.5
2026-04-24 08:30,0.0000,0.0,yes,32.8
2026-04-24 09:00,0.0180,36.0,yes,36.8
2026-04-24 09:30,0.0000,0.0,yes,40.5
2026-04-24 10:00,0.0110,22.0,yes,43.8
2026-04-24 10:30,0.0000,0.0,yes,46.5
2026-04-24 11:00,0.0000,0.0,yes,48.6
2026-04-24 11:30,0.0000,0.0,yes,49.8
2026-04-24 12:00,0.0000,0.0,yes,50.2
2026-04-24 12:30,0.0000,0.0,yes,49.7
2026-04-24 13:00,0.0000,0.0,yes,48.3
2026-04-24 13:30,0.0000,0.0,yes,46.1
2026-04-24 14:00,0.0000,0.0,yes,43.2
2026-04-24 14:30,0.0240,48.0,yes,39.9
2026-04-24 15:00,0.1450,290.0,yes,36.1
2026-04-24 15:30,0.2120,424.0,yes,32.0
2026-04-24 16:00,0.2560,512.0,yes,27.7
2026-04-24 16:30,0.2190,438.0,yes,23.2
2026-04-24 17:00,0.3190,638.0,yes,18.7
2026-04-24 17:30,0.4240,848.0,yes,14.1
2026-04-24 18:00,0.5250,1050.0,yes,9.5
2026-04-24 18:30,0.5120,1024.0,yes,5.1
2026-04-24 19:00,0.4420,884.0,no,0.7
2026-04-24 19:30,0.5440,1088.0,no,-3.5
2026-04-24 20:00,1.0580,2116.0,no,-7.5
2026-04-24 20:30,1.1350,2270.0,no,-11.3
2026-04-24 21:00,0.5920,1184.0,no,-14.7
2026-04-24 21:30,0.5720,1144.0,no,-17.7
2026-04-24 22:00,0.5270,1054.0,no,-20.3
2026-04-24 22:30,0.3640,728.0,no,-22.3
2026-04-24 23:00,0.4030,806.0,no,-23.8
2026-04-24 23:30,0.3990,798.0,no,-24.7
2026-04-25 00:00,0.4150,830.0,no,-24.6
2026-04-25 00:30,0.4200,840.0,no,-24.3
2026-04-25 01:00,0.4160,832.0,no,-23.3
2026-04-25 01:30,0.4620,924.0,no,-21.6
2026-04-25 02:00,0.4330,866.0,no,-19.5
2026-04-25 02:30,0.4160,832.0,no,-16.8
2026-04-25 03:00,0.4170,834.0,no,-13.7
2026-04-25 03:30,0.4340,868.0,no,-10.3
2026-04-25 04:00,0.4240,848.0,no,-6.5
2026-04-25 04:30,0.3740,748.0,no,-2.5
2026-04-25 05:00,0.3460,692.0,no,1.8
2026-04-25 05:30,0.2390,478.0,yes,6.2
2026-04-25 06:00,0.0650,130.0,yes,10.7
2026-04-25 06:30,0.0010,2.0,yes,15.2
2026-04-25 07:00,0.0000,0.0,yes,19.8
2026-04-25 07:30,0.0060,12.0,yes,24.3
2026-04-25 08:00,0.0060,12.0,yes,28.8
2026-04-25 08:30,0.0000,0.0,yes,33.0
2026-04-25 09:00,0.2120,424.0,yes,37.1
2026-04-25 09:30,0.0350,70.0,yes,40.8
2026-04-25 10:00,0.0000,0.0,yes,44.1
2026-04-25 10:30,0.0000,0.0,yes,46.9
2026-04-25 11:00,0.0000,0.0,yes,48.9
2026-04-25 11:30,0.0000,0.0,yes,50.2
2026-04-25 12:00,0.0010,2.0,yes,50.6
2026-04-25 12:30,0.0000,0.0,yes,50.0
2026-04-25 13:00,0.0000,0.0,yes,48.6
2026-04-25 13:30,0.0000,0.0,yes,46.4
2026-04-25 14:00,0.0530,106.0,yes,43.5
2026-04-25 14:30,0.0930,186.0,yes,40.2
2026-04-25 15:00,0.2510,502.0,yes,36.4
2026-04-25 15:30,0.5180,1036.0,yes,32.3
2026-04-25 16:00,0.9070,1814.0,yes,27.9
2026-04-25 16:30,0.4150,830.0,yes,23.5
2026-04-25 17:00,0.3760,752.0,yes,18.9
2026-04-25 17:30,0.3740,748.0,yes,14.4
2026-04-25 18:00,0.5940,1188.0,yes,9.8
2026-04-25 18:30,0.5760,1152.0,yes,5.3
2026-04-25 19:00,0.5890,1178.0,no,1.0
2026-04-25 19:30,1.4250,2850.0,no,-3.2
2026-04-25 20:00,1.3580,2716.0,no,-7.2
2026-04-25 20:30,0.6630,1326.0,no,-11.0
2026-04-25 21:00,0.6610,1322.0,no,-14.4
2026-04-25 21:30,0.6470,1294.0,no,-17.4
2026-04-25 22:00,0.5810,1162.0,no,-19.9
2026-04-25 22:30,0.5050,1010.0,no,-22.0
2026-04-25 23:00,0.2860,572.0,no,-23.5
2026-04-25 23:30,0.3130,626.0,no,-24.4
2026-04-26 00:00,0.2590,518.0,no,-24.3
2026-04-26 00:30,0.2530,506.0,no,-23.9
2026-04-26 01:00,0.3080,616.0,no,-22.9
2026-04-26 01:30,0.2770,554.0,no,-21.3
2026-04-26 02:00,0.2840,568.0,no,-19.2
2026-04-26 02:30,0.2520,504.0,no,-16.5
2026-04-26 03:00,0.2450,490.0,no,-13.5
2026-04-26 03:30,0.2990,598.0,no,-10.0
2026-04-26 04:00,0.2760,552.0,no,-6.2
2026-04-26 04:30,0.2950,590.0,no,-2.2
2026-04-26 05:00,0.2240,448.0,no,2.0
2026-04-26 05:30,0.1670,334.0,yes,6.4
2026-04-26 06:00,0.2150,430.0,yes,10.9
2026-04-26 06:30,0.1870,374.0,yes,15.5
2026-04-26 07:00,0.2550,510.0,yes,20.0
2026-04-26 07:30,0.1050,210.0,yes,24.6
2026-04-26 08:00,0.0470,94.0,yes,29.0
2026-04-26 08:30,0.0330,66.0,yes,33.3
2026-04-26 09:00,0.1800,360.0,yes,37.4
2026-04-26 09:30,0.0320,64.0,yes,41.1
2026-04-26 10:00,0.0540,108.0,yes,44.4
2026-04-26 10:30,0.1480,296.0,yes,47.2
2026-04-26 11:00,0.4610,922.0,yes,49.2
2026-04-26 11:30,0.2220,444.0,yes,50.5
2026-04-26 12:00,0.0070,14.0,yes,50.9
2026-04-26 12:30,0.1430,286.0,yes,50.3
2026-04-26 13:00,0.0000,0.0,yes,48.9
2026-04-26 13:30,0.2190,438.0,yes,46.7
2026-04-26 14:00,0.0000,0.0,yes,43.8
2026-04-26 14:30,0.0020,4.0,yes,40.4
2026-04-26 15:00,0.8810,1762.0,yes,36.6
2026-04-26 15:30,0.2720,544.0,yes,32.5
2026-04-26 16:00,0.3630,726.0,yes,28.2
2026-04-26 16:30,0.3270,654.0,yes,23.7
2026-04-26 17:00,0.5650,1130.0,yes,19.2
2026-04-26 17:30,0.8950,1790.0,yes,14.6
2026-04-26 18:00,0.3270,654.0,yes,10.1
2026-04-26 18:30,1.1780,2356.0,yes,5.6
2026-04-26 19:00,0.9050,1810.0,no,1.2
2026-04-26 19:30,0.5610,1122.0,no,-3.0
2026-04-26 20:00,0.4060,812.0,no,-7.0
2026-04-26 20:30,0.5580,1116.0,no,-10.7
2026-04-26 21:00,0.6010,1202.0,no,-14.1
2026-04-26 21:30,0.7040,1408.0,no,-17.1
2026-04-26 22:00,0.4420,884.0,no,-19.6
2026-04-26 22:30,0.2930,586.0,no,-21.7
2026-04-26 23:00,0.2650,530.0,no,-23.2
2026-04-26 23:30,0.2580,516.0,no,-24.0
2026-04-27 00:00,0.2530,506.0,no,-24.0
2026-04-27 00:30,0.2970,594.0,no,-23.6
2026-04-27 01:00,0.2680,536.0,no,-22.6
2026-04-27 01:30,0.2510,502.0,no,-21.0
2026-04-27 02:00,0.2500,500.0,no,-18.9
2026-04-27 02:30,0.2740,548.0,no,-16.2
2026-04-27 03:00,0.2930,586.0,no,-13.2
2026-04-27 03:30,0.2490,498.0,no,-9.7
2026-04-27 04:00,0.2560,512.0,no,-5.9
2026-04-27 04:30,0.2590,518.0,no,-1.9
2026-04-27 05:00,0.2460,492.0,no,2.3
2026-04-27 05:30,0.1360,272.0,yes,6.7
2026-04-27 06:00,0.0080,16.0,yes,11.2
2026-04-27 06:30,0.0240,48.0,yes,15.7
2026-04-27 07:00,0.1070,214.0,yes,20.3
2026-04-27 07:30,0.0020,4.0,yes,24.8
2026-04-27 08:00,0.0550,110.0,yes,29.3
2026-04-27 08:30,0.3130,626.0,yes,33.6
2026-04-27 09:00,0.2670,534.0,yes,37.7
2026-04-27 09:30,0.0830,166.0,yes,41.4
2026-04-27 10:00,0.0400,80.0,yes,44.7
2026-04-27 10:30,0.0000,0.0,yes,47.5
2026-04-27 11:00,0.6660,1332.0,yes,49.6
2026-04-27 11:30,0.9160,1832.0,yes,50.8
2026-04-27 12:00,0.0020,4.0,yes,51.2
2026-04-27 12:30,0.0580,116.0,yes,50.7
2026-04-27 13:00,0.3720,744.0,yes,49.2
2026-04-27 13:30,0.0670,134.0,yes,47.0
2026-04-27 14:00,0.0420,84.0,yes,44.1
2026-04-27 14:30,0.1250,250.0,yes,40.7
2026-04-27 15:00,0.4990,998.0,yes,36.9
2026-04-27 15:30,0.6930,1386.0,yes,32.8
2026-04-27 16:00,0.3480,696.0,yes,28.5
2026-04-27 16:30,0.4700,940.0,yes,24.0
2026-04-27 17:00,1.1010,2202.0,yes,19.5
2026-04-27 17:30,1.1620,2324.0,yes,14.9
2026-04-27 18:00,1.0200,2040.0,yes,10.3
2026-04-27 18:30,0.7740,1548.0,yes,5.9
2026-04-27 19:00,1.0940,2188.0,no,1.5
2026-04-27 19:30,1.1790,2358.0,no,-2.7
2026-04-27 20:00,0.5960,1192.0,no,-6.7
2026-04-27 20:30,0.6080,1216.0,no,-10.4
2026-04-27 21:00,0.5840,1168.0,no,-13.8
2026-04-27 21:30,0.5670,1134.0,no,-16.8
2026-04-27 22:00,0.3850,770.0,no,-19.3
2026-04-27 22:30,0.3780,756.0,no,-21.3
2026-04-27 23:00,0.3530,706.0,no,-22.8
2026-04-27 23:30,0.3030,606.0,no,-23.7
2026-04-28 00:00,0.3200,640.0,no,-23.7
2026-04-28 00:30,0.3250,650.0,no,-23.3
2026-04-28 01:00,0.3340,668.0,no,-22.3
2026-04-28 01:30,0.2940,588.0,no,-20.7
2026-04-28 02:00,0.2840,568.0,no,-18.6
2026-04-28 02:30,0.3310,662.0,no,-15.9
2026-04-28 03:00,0.3150,630.0,no,-12.9
2026-04-28 03:30,0.3050,610.0,no,-9.4
2026-04-28 04:00,0.2810,562.0,no,-5.7
2026-04-28 04:30,0.3170,634.0,no,-1.7
2026-04-28 05:00,0.3220,644.0,no,2.6
2026-04-28 05:30,0.2900,580.0,yes,6.9
2026-04-28 06:00,0.2980,596.0,yes,11.4
2026-04-28 06:30,0.3140,628.0,yes,16.0
2026-04-28 07:00,0.3700,740.0,yes,20.6
2026-04-28 07:30,0.2900,580.0,yes,25.1
2026-04-28 08:00,0.2220,444.0,yes,29.6
2026-04-28 08:30,0.2430,486.0,yes,33.9
2026-04-28 09:00,0.2720,544.0,yes,37.9
2026-04-28 09:30,0.2910,582.0,yes,41.7
2026-04-28 10:00,1.3550,2710.0,yes,45.0
2026-04-28 10:30,0.0910,182.0,yes,47.8
2026-04-28 11:00,0.0480,96.0,yes,49.9
2026-04-28 11:30,0.0010,2.0,yes,51.2
2026-04-28 12:00,0.0610,122.0,yes,51.5
2026-04-28 12:30,0.0800,160.0,yes,51.0
2026-04-28 13:00,0.0760,152.0,yes,49.6
2026-04-28 13:30,0.5500,1100.0,yes,47.3
2026-04-28 14:00,0.0770,154.0,yes,44.4
2026-04-28 14:30,0.0260,52.0,yes,41.0
2026-04-28 15:00,0.2370,474.0,yes,37.2
2026-04-28 15:30,0.3180,636.0,yes,33.1
2026-04-28 16:00,0.3050,610.0,yes,28.7
2026-04-28 16:30,0.3320,664.0,yes,24.3
2026-04-28 17:00,0.3870,774.0,yes,19.7
2026-04-28 17:30,0.9320,1864.0,yes,15.1
2026-04-28 18:00,1.4640,2928.0,yes,10.6
2026-04-28 18:30,0.6150,1230.0,yes,6.1
2026-04-28 19:00,0.6550,1310.0,no,1.8
2026-04-28 19:30,0.4780,956.0,no,-2.4
2026-04-28 20:00,0.5240,1048.0,no,-6.4
2026-04-28 20:30,0.4510,902.0,no,-10.1
2026-04-28 21:00,0.4180,836.0,no,-13.5
2026-04-28 21:30,0.3360,672.0,no,-16.5
2026-04-28 22:00,0.3300,660.0,no,-19.0
2026-04-28 22:30,0.3690,738.0,no,-21.0
2026-04-28 23:00,0.3260,652.0,no,-22.5
2026-04-28 23:30,0.3250,650.0,no,-23.4
2026-04-29 00:00,0.3130,626.0,no,-23.3
2026-04-29 00:30,0.3420,684.0,no,-23.0
2026-04-29 01:00,0.3560,712.0,no,-22.0
2026-04-29 01:30,0.2970,594.0,no,-20.4
2026-04-29 02:00,0.2970,594.0,no,-18.3
2026-04-29 02:30,0.3080,616.0,no,-15.6
2026-04-29 03:00,0.3170,634.0,no,-12.6
2026-04-29 03:30,0.3130,626.0,no,-9.1
2026-04-29 04:00,0.3010,602.0,no,-5.4
2026-04-29 04:30,0.3110,622.0,no,-1.4
2026-04-29 05:00,0.2530,506.0,no,2.8
2026-04-29 05:30,0.1830,366.0,yes,7.2
2026-04-29 06:00,0.0400,80.0,yes,11.7
2026-04-29 06:30,0.0010,2.0,yes,16.2
2026-04-29 07:00,0.0000,0.0,yes,20.8
2026-04-29 07:30,0.0000,0.0,yes,25.4
2026-04-29 08:00,0.0000,0.0,yes,29.8
2026-04-29 08:30,0.0000,0.0,yes,34.1
2026-04-29 09:00,0.0000,0.0,yes,38.2
2026-04-29 09:30,0.0000,0.0,yes,42.0
2026-04-29 10:00,0.0000,0.0,yes,45.3
2026-04-29 10:30,0.0000,0.0,yes,48.1
2026-04-29 11:00,0.0380,76.0,yes,50.2
2026-04-29 11:30,0.0000,0.0,yes,51.5
2026-04-29 12:00,0.0000,0.0,yes,51.9
2026-04-29 12:30,0.0000,0.0,yes,51.3
2026-04-29 13:00,0.0000,0.0,yes,49.9
2026-04-29 13:30,0.0000,0.0,yes,47.6
2026-04-29 14:00,0.0000,0.0,yes,44.7
2026-04-29 14:30,0.4350,870.0,yes,41.3
2026-04-29 15:00,0.6800,1360.0,yes,37.5
2026-04-29 15:30,0.2510,502.0,yes,33.3
2026-04-29 16:00,0.3030,606.0,yes,29.0
2026-04-29 16:30,0.2610,522.0,yes,24.5
2026-04-29 17:00,0.5440,1088.0,yes,20.0
2026-04-29 17:30,0.4570,914.0,yes,15.4
2026-04-29 18:00,1.3770,2754.0,yes,10.8
2026-04-29 18:30,1.0000,2000.0,yes,6.4
2026-04-29 19:00,0.7080,1416.0,no,2.0
2026-04-29 19:30,0.5030,1006.0,no,-2.2
2026-04-29 20:00,0.5650,1130.0,no,-6.1
2026-04-29 20:30,0.5790,1158.0,no,-9.8
2026-04-29 21:00,0.6690,1338.0,no,-13.2
2026-04-29 21:30,0.5180,1036.0,no,-16.2
2026-04-29 22:00,0.4050,810.0,no,-18.7
2026-04-29 22:30,0.3740,748.0,no,-20.7
2026-04-29 23:00,0.4090,818.0,no,-22.2
2026-04-29 23:30,0.4030,806.0,no,-23.1
2026-04-30 00:00,0.3800,760.0,no,-23.0
2026-04-30 00:30,0.3830,766.0,no,-22.6
2026-04-30 01:00,0.3720,744.0,no,-21.6
2026-04-30 01:30,0.4180,836.0,no,-20.1
2026-04-30 02:00,0.3890,778.0,no,-17.9
2026-04-30 02:30,0.3680,736.0,no,-15.3
2026-04-30 03:00,0.3840,768.0,no,-12.3
2026-04-30 03:30,0.3950,790.0,no,-8.9
2026-04-30 04:00,0.4260,852.0,no,-5.1
2026-04-30 04:30,0.3810,762.0,no,-1.1
2026-04-30 05:00,0.2750,550.0,no,3.1
2026-04-30 05:30,0.1820,364.0,yes,7.4
2026-04-30 06:00,0.0480,96.0,yes,11.9
2026-04-30 06:30,0.0000,0.0,yes,16.5
2026-04-30 07:00,0.0000,0.0,yes,21.1
2026-04-30 07:30,0.0000,0.0,yes,25.6
2026-04-30 08:00,0.0280,56.0,yes,30.1
2026-04-30 08:30,0.0000,0.0,yes,34.4
2026-04-30 09:00,0.0000,0.0,yes,38.5
2026-04-30 09:30,0.0000,0.0,yes,42.2
2026-04-30 10:00,0.0000,0.0,yes,45.6
2026-04-30 10:30,0.0110,22.0,yes,48.4
2026-04-30 11:00,0.0000,0.0,yes,50.5
2026-04-30 11:30,0.0620,124.0,yes,51.8
2026-04-30 12:00,0.0000,0.0,yes,52.2
2026-04-30 12:30,0.0000,0.0,yes,51.6
2026-04-30 13:00,0.0000,0.0,yes,50.2
2026-04-30 13:30,0.0360,72.0,yes,47.9
2026-04-30 14:00,0.0000,0.0,yes,45.0
2026-04-30 14:30,0.0010,2.0,yes,41.6
2026-04-30 15:00,0.1030,206.0,yes,37.7
2026-04-30 15:30,0.2850,570.0,yes,33.6
2026-04-30 16:00,0.3890,778.0,yes,29.2
2026-04-30 16:30,0.4200,840.0,yes,24.8
2026-04-30 17:00,0.3540,708.0,yes,20.2
2026-04-30 17:30,0.3830,766.0,yes,15.6
2026-04-30 18:00,0.4290,858.0,yes,11.1
2026-04-30 18:30,0.4270,854.0,yes,6.6
2026-04-30 19:00,0.2890,578.0,no,2.3
2026-04-30 19:30,0.2600,520.0,no,-1.9
2026-04-30 20:00,0.2940,588.0,no,-5.9
2026-04-30 20:30,0.3000,600.0,no,-9.5
2026-04-30 21:00,0.2970,594.0,no,-12.9
2026-04-30 21:30,0.4320,864.0,no,-15.9
2026-04-30 22:00,0.5100,1020.0,no,-18.4
2026-04-30 22:30,0.4410,882.0,no,-20.4
2026-04-30 23:00,0.3330,666.0,no,-21.9
2026-04-30 23:30,0.2990,598.0,no,-22.8
