datetime_utc,soc_wh,load_w,battery_supply_w,grid_supply_w,e7_charge_w,solar_charge_w
2025-11-26 00:00,1896,280,280,0,0,0
2025-11-26 00:30,3000,280,0,280,2208,0
2025-11-26 01:00,4096,280,0,280,2192,0
2025-11-26 01:30,4096,280,0,280,0,0
2025-11-26 02:00,4096,280,0,280,0,0
2025-11-26 02:30,4096,280,0,280,0,0
2025-11-26 03:00,4096,280,0,280,0,0
2025-11-26 03:30,4096,280,0,280,0,0
2025-11-26 04:00,4096,280,0,280,0,0
2025-11-26 04:30,4096,280,0,280,0,0
2025-11-26 05:00,4096,280,0,280,0,0
2025-11-26 05:30,4096,280,0,280,0,0
2025-11-26 06:00,4096,280,0,280,0,0
2025-11-26 06:30,4096,280,0,280,0,0
2025-11-26 07:00,4096,280,0,280,0,0
2025-11-26 07:30,3944,280,280,0,0,0
2025-11-26 08:00,3792,280,280,0,0,0
2025-11-26 08:30,3639,280,280,0,0,0
2025-11-26 09:00,3594,380,380,0,0,322
2025-11-26 09:30,3626,380,380,0,0,477
2025-11-26 10:00,3676,380,380,0,0,513
2025-11-26 10:30,3698,380,380,0,0,456
2025-11-26 11:00,3748,380,380,0,0,513
2025-11-26 11:30,3541,380,380,0,0,0
2025-11-26 12:00,3551,380,380,0,0,432
2025-11-26 12:30,3601,380,380,0,0,513
2025-11-26 13:00,3470,380,380,0,0,151
2025-11-26 13:30,3263,380,380,0,0,0
2025-11-26 14:00,3057,380,380,0,0,0
2025-11-26 14:30,2850,380,380,0,0,0
2025-11-26 15:00,2644,380,380,0,0,0
2025-11-26 15:30,2437,380,380,0,0,0
2025-11-26 16:00,2231,380,380,0,0,0
2025-11-26 16:30,2024,380,380,0,0,0
2025-11-26 17:00,1818,380,380,0,0,0
2025-11-26 17:30,1611,380,380,0,0,0
2025-11-26 18:00,1459,280,280,0,0,0
2025-11-26 18:30,1307,280,280,0,0,0
2025-11-26 19:00,1155,280,280,0,0,0
2025-11-26 19:30,1003,280,280,0,0,0
2025-11-26 20:00,850,280,280,0,0,0
2025-11-26 20:30,698,280,280,0,0,0
2025-11-26 21:00,546,280,280,0,0,0
2025-11-26 21:30,394,280,280,0,0,0
2025-11-26 22:00,242,280,280,0,0,0
2025-11-26 22:30,89,280,280,0,0,0
2025-11-26 23:00,0,280,165,115,0,0
2025-11-26 23:30,0,280,0,280,0,0
2025-11-27 00:00,0,280,0,280,0,0
2025-11-27 00:30,1104,280,0,280,2208,0
2025-11-27 01:00,2208,280,0,280,2208,0
2025-11-27 01:30,3312,280,0,280,2208,0
2025-11-27 02:00,4096,280,0,280,1568,0
2025-11-27 02:30,4096,280,0,280,0,0
2025-11-27 03:00,4096,280,0,280,0,0
2025-11-27 03:30,4096,280,0,280,0,0
2025-11-27 04:00,4096,280,0,280,0,0
2025-11-27 04:30,4096,280,0,280,0,0
2025-11-27 05:00,4096,280,0,280,0,0
2025-11-27 05:30,4096,280,0,280,0,0
2025-11-27 06:00,4096,280,0,280,0,0
2025-11-27 06:30,4096,280,0,280,0,0
2025-11-27 07:00,4096,280,0,280,0,0
2025-11-27 07:30,3944,280,280,0,0,0
2025-11-27 08:00,3792,280,280,0,0,0
2025-11-27 08:30,3639,280,280,0,0,0
2025-11-27 09:00,3433,380,380,0,0,0
2025-11-27 09:30,3226,380,380,0,0,0
2025-11-27 10:00,3020,380,380,0,0,0
2025-11-27 10:30,2813,380,380,0,0,0
2025-11-27 11:00,2607,380,380,0,0,0
2025-11-27 11:30,2445,380,380,0,0,88
2025-11-27 12:00,2289,380,380,0,0,101
2025-11-27 12:30,2095,380,380,0,0,26
2025-11-27 13:00,1888,380,380,0,0,0
2025-11-27 13:30,1682,380,380,0,0,0
2025-11-27 14:00,1475,380,380,0,0,0
2025-11-27 14:30,1269,380,380,0,0,0
2025-11-27 15:00,1062,380,380,0,0,0
2025-11-27 15:30,856,380,380,0,0,0
2025-11-27 16:00,649,380,380,0,0,0
2025-11-27 16:30,443,380,380,0,0,0
2025-11-27 17:00,236,380,380,0,0,0
2025-11-27 17:30,30,380,380,0,0,0
2025-11-27 18:00,0,280,55,225,0,0
2025-11-27 18:30,0,280,0,280,0,0
2025-11-27 19:00,0,460,0,460,0,0
2025-11-27 19:30,0,460,0,460,0,0
2025-11-27 20:00,0,460,0,460,0,0
2025-11-27 20:30,0,460,0,460,0,0
2025-11-27 21:00,0,460,0,460,0,0
2025-11-27 21:30,0,460,0,460,0,0
2025-11-27 22:00,0,280,0,280,0,0
2025-11-27 22:30,0,280,0,280,0,0
2025-11-27 23:00,0,280,0,280,0,0
2025-11-27 23:30,0,280,0,280,0,0
2025-11-28 00:00,0,280,0,280,0,0
2025-11-28 00:30,1104,280,0,280,2208,0
2025-11-28 01:00,2208,280,0,280,2208,0
2025-11-28 01:30,3312,280,0,280,2208,0
2025-11-28 02:00,4096,280,0,280,1568,0
2025-11-28 02:30,4096,280,0,280,0,0
2025-11-28 03:00,4096,280,0,280,0,0
2025-11-28 03:30,4096,280,0,280,0,0
2025-11-28 04:00,4096,280,0,280,0,0
2025-11-28 04:30,4096,280,0,280,0,0
2025-11-28 05:00,4096,280,0,280,0,0
2025-11-28 05:30,4096,280,0,280,0,0
2025-11-28 06:00,4096,280,0,280,0,0
2025-11-28 06:30,4096,280,0,280,0,0
2025-11-28 07:00,4096,280,0,280,0,0
2025-11-28 07:30,3944,280,280,0,0,0
2025-11-28 08:00,3792,280,280,0,0,0
2025-11-28 08:30,3639,280,280,0,0,0
2025-11-28 09:00,3451,380,380,0,0,37
2025-11-28 09:30,3438,380,380,0,0,386
2025-11-28 10:00,3431,380,380,0,0,399
2025-11-28 10:30,3477,380,380,0,0,504
2025-11-28 11:00,3526,380,380,0,0,512
2025-11-28 11:30,3560,380,380,0,0,482
2025-11-28 12:00,3535,380,380,0,0,362
2025-11-28 12:30,3564,380,380,0,0,471
2025-11-28 13:00,3592,380,380,0,0,469
2025-11-28 13:30,3503,380,380,0,0,234
2025-11-28 14:00,3296,380,380,0,0,0
2025-11-28 14:30,3090,380,380,0,0,0
2025-11-28 15:00,2883,380,380,0,0,0
2025-11-28 15:30,2676,380,380,0,0,0
2025-11-28 16:00,2470,380,380,0,0,0
2025-11-28 16:30,2263,380,380,0,0,0
2025-11-28 17:00,2057,380,380,0,0,0
2025-11-28 17:30,1850,380,380,0,0,0
2025-11-28 18:00,1698,280,280,0,0,0
2025-11-28 18:30,1546,280,280,0,0,0
2025-11-28 19:00,1231,580,580,0,0,0
2025-11-28 19:30,916,580,580,0,0,0
2025-11-28 20:00,600,580,580,0,0,0
2025-11-28 20:30,285,580,580,0,0,0
2025-11-28 21:00,0,580,525,55,0,0
2025-11-28 21:30,0,580,0,580,0,0
2025-11-28 22:00,0,580,0,580,0,0
2025-11-28 22:30,0,580,0,580,0,0
2025-11-28 23:00,0,280,0,280,0,0
2025-11-28 23:30,0,280,0,280,0,0
2025-11-29 00:00,0,280,0,280,0,0
2025-11-29 00:30,1104,280,0,280,2208,0
2025-11-29 01:00,2208,280,0,280,2208,0
2025-11-29 01:30,3312,280,0,280,2208,0
2025-11-29 02:00,4096,280,0,280,1568,0
2025-11-29 02:30,4096,280,0,280,0,0
2025-11-29 03:00,4096,280,0,280,0,0
2025-11-29 03:30,4096,280,0,280,0,0
2025-11-29 04:00,4096,280,0,280,0,0
2025-11-29 04:30,4096,280,0,280,0,0
2025-11-29 05:00,4096,280,0,280,0,0
2025-11-29 05:30,4096,280,0,280,0,0
2025-11-29 06:00,4096,280,0,280,0,0
2025-11-29 06:30,4096,280,0,280,0,0
2025-11-29 07:00,4096,280,0,280,0,0
2025-11-29 07:30,3944,280,280,0,0,0
2025-11-29 08:00,3792,280,280,0,0,0
2025-11-29 08:30,3639,280,280,0,0,0
2025-11-29 09:00,3487,280,280,0,0,0
2025-11-29 09:30,3335,280,280,0,0,0
2025-11-29 10:00,3183,280,280,0,0,0
2025-11-29 10:30,3031,280,280,0,0,0
2025-11-29 11:00,2879,280,280,0,0,0
2025-11-29 11:30,2726,280,280,0,0,0
2025-11-29 12:00,2579,280,280,0,0,9
2025-11-29 12:30,2427,280,280,0,0,0
2025-11-29 13:00,2275,280,280,0,0,0
2025-11-29 13:30,2122,280,280,0,0,0
2025-11-29 14:00,1970,280,280,0,0,0
2025-11-29 14:30,1818,280,280,0,0,0
2025-11-29 15:00,1666,280,280,0,0,0
2025-11-29 15:30,1514,280,280,0,0,0
2025-11-29 16:00,1361,280,280,0,0,0
2025-11-29 16:30,1209,280,280,0,0,0
2025-11-29 17:00,1057,280,280,0,0,0
2025-11-29 17:30,905,280,280,0,0,0
2025-11-29 18:00,753,280,280,0,0,0
2025-11-29 18:30,601,280,280,0,0,0
2025-11-29 19:00,285,580,580,0,0,0
2025-11-29 19:30,0,580,525,55,0,0
2025-11-29 20:00,0,580,0,580,0,0
2025-11-29 20:30,0,580,0,580,0,0
2025-11-29 21:00,0,580,0,580,0,0
2025-11-29 21:30,0,580,0,580,0,0
2025-11-29 22:00,0,580,0,580,0,0
2025-11-29 22:30,0,580,0,580,0,0
2025-11-29 23:00,0,280,0,280,0,0
2025-11-29 23:30,0,280,0,280,0,0
2025-11-30 00:00,0,280,0,280,0,0
2025-11-30 00:30,1104,280,0,280,2208,0
2025-11-30 01:00,2208,280,0,280,2208,0
2025-11-30 01:30,3312,280,0,280,2208,0
2025-11-30 02:00,4096,280,0,280,1568,0
2025-11-30 02:30,4096,280,0,280,0,0
2025-11-30 03:00,4096,280,0,280,0,0
2025-11-30 03:30,4096,280,0,280,0,0
2025-11-30 04:00,4096,280,0,280,0,0
2025-11-30 04:30,4096,280,0,280,0,0
2025-11-30 05:00,4096,280,0,280,0,0
2025-11-30 05:30,4096,280,0,280,0,0
2025-11-30 06:00,4096,280,0,280,0,0
2025-11-30 06:30,4096,280,0,280,0,0
2025-11-30 07:00,4096,280,0,280,0,0
2025-11-30 07:30,3944,280,280,0,0,0
2025-11-30 08:00,3792,280,280,0,0,0
2025-11-30 08:30,3639,280,280,0,0,0
2025-11-30 09:00,3743,280,280,0,0,512
2025-11-30 09:30,3781,280,280,0,0,381
2025-11-30 10:00,3886,280,280,0,0,513
2025-11-30 10:30,3944,280,280,0,0,420
2025-11-30 11:00,3811,280,280,0,0,39
2025-11-30 11:30,3659,280,280,0,0,0
2025-11-30 12:00,3507,280,280,0,0,0
2025-11-30 12:30,3354,280,280,0,0,0
2025-11-30 13:00,3202,280,280,0,0,0
2025-11-30 13:30,3050,280,280,0,0,0
2025-11-30 14:00,2898,280,280,0,0,0
2025-11-30 14:30,2746,280,280,0,0,0
2025-11-30 15:00,2594,280,280,0,0,0
2025-11-30 15:30,2441,280,280,0,0,0
2025-11-30 16:00,2289,280,280,0,0,0
2025-11-30 16:30,2137,280,280,0,0,0
2025-11-30 17:00,1985,280,280,0,0,0
2025-11-30 17:30,1833,280,280,0,0,0
2025-11-30 18:00,1681,280,280,0,0,0
2025-11-30 18:30,1528,280,280,0,0,0
2025-11-30 19:00,1376,280,280,0,0,0
2025-11-30 19:30,1224,280,280,0,0,0
2025-11-30 20:00,1072,280,280,0,0,0
2025-11-30 20:30,920,280,280,0,0,0
2025-11-30 21:00,767,280,280,0,0,0
2025-11-30 21:30,615,280,280,0,0,0
2025-11-30 22:00,463,280,280,0,0,0
2025-11-30 22:30,311,280,280,0,0,0
2025-11-30 23:00,159,280,280,0,0,0
2025-11-30 23:30,7,280,280,0,0,0
2025-12-01 00:00,0,280,12,268,0,0
2025-12-01 00:30,1104,280,0,280,2208,0
2025-12-01 01:00,2208,280,0,280,2208,0
2025-12-01 01:30,3312,280,0,280,2208,0
2025-12-01 02:00,4096,280,0,280,1568,0
2025-12-01 02:30,4096,280,0,280,0,0
2025-12-01 03:00,4096,280,0,280,0,0
2025-12-01 03:30,4096,280,0,280,0,0
2025-12-01 04:00,4096,280,0,280,0,0
2025-12-01 04:30,4096,280,0,280,0,0
2025-12-01 05:00,4096,280,0,280,0,0
2025-12-01 05:30,4096,280,0,280,0,0
2025-12-01 06:00,4096,280,0,280,0,0
2025-12-01 06:30,4096,280,0,280,0,0
2025-12-01 07:00,4096,280,0,280,0,0
2025-12-01 07:30,3944,280,280,0,0,0
2025-12-01 08:00,3792,280,280,0,0,0
2025-12-01 08:30,3639,280,280,0,0,0
2025-12-01 09:00,3433,380,380,0,0,0
2025-12-01 09:30,3226,380,380,0,0,0
2025-12-01 10:00,3020,380,380,0,0,0
2025-12-01 10:30,2813,380,380,0,0,0
2025-12-01 11:00,2607,380,380,0,0,0
2025-12-01 11:30,2400,380,380,0,0,0
2025-12-01 12:00,2194,380,380,0,0,0
2025-12-01 12:30,1987,380,380,0,0,0
2025-12-01 13:00,1781,380,380,0,0,0
2025-12-01 13:30,1574,380,380,0,0,0
2025-12-01 14:00,1368,380,380,0,0,0
2025-12-01 14:30,1161,380,380,0,0,0
2025-12-01 15:00,955,380,380,0,0,0
2025-12-01 15:30,748,380,380,0,0,0
2025-12-01 16:00,542,380,380,0,0,0
2025-12-01 16:30,335,380,380,0,0,0
2025-12-01 17:00,129,380,380,0,0,0
2025-12-01 17:30,0,380,237,143,0,0
2025-12-01 18:00,0,280,0,280,0,0
2025-12-01 18:30,0,280,0,280,0,0
2025-12-01 19:00,0,580,0,580,0,0
2025-12-01 19:30,0,580,0,580,0,0
2025-12-01 20:00,0,580,0,580,0,0
2025-12-01 20:30,0,580,0,580,0,0
2025-12-01 21:00,0,580,0,580,0,0
2025-12-01 21:30,0,580,0,580,0,0
2025-12-01 22:00,0,580,0,580,0,0
2025-12-01 22:30,0,580,0,580,0,0
2025-12-01 23:00,0,280,0,280,0,0
2025-12-01 23:30,0,280,0,280,0,0
2025-12-02 00:00,0,280,0,280,0,0
2025-12-02 00:30,1104,280,0,280,2208,0
2025-12-02 01:00,2208,280,0,280,2208,0
2025-12-02 01:30,3312,280,0,280,2208,0
2025-12-02 02:00,4096,280,0,280,1568,0
2025-12-02 02:30,4096,280,0,280,0,0
2025-12-02 03:00,4096,280,0,280,0,0
2025-12-02 03:30,4096,280,0,280,0,0
2025-12-02 04:00,4096,280,0,280,0,0
2025-12-02 04:30,4096,280,0,280,0,0
2025-12-02 05:00,4096,280,0,280,0,0
2025-12-02 05:30,4096,280,0,280,0,0
2025-12-02 06:00,4096,280,0,280,0,0
2025-12-02 06:30,4096,280,0,280,0,0
2025-12-02 07:00,4096,280,0,280,0,0
2025-12-02 07:30,3944,280,280,0,0,0
2025-12-02 08:00,3792,280,280,0,0,0
2025-12-02 08:30,3639,280,280,0,0,0
2025-12-02 09:00,3649,380,380,0,0,432
2025-12-02 09:30,3443,380,380,0,0,0
2025-12-02 10:00,3493,380,380,0,0,513
2025-12-02 10:30,3479,380,380,0,0,386
2025-12-02 11:00,3493,380,380,0,0,440
2025-12-02 11:30,3543,380,380,0,0,513
2025-12-02 12:00,3593,380,380,0,0,513
2025-12-02 12:30,3643,380,380,0,0,513
2025-12-02 13:00,3693,380,380,0,0,512
2025-12-02 13:30,3632,380,380,0,0,293
2025-12-02 14:00,3426,380,380,0,0,0
2025-12-02 14:30,3219,380,380,0,0,0
2025-12-02 15:00,3013,380,380,0,0,0
2025-12-02 15:30,2806,380,380,0,0,0
2025-12-02 16:00,2600,380,380,0,0,0
2025-12-02 16:30,2393,380,380,0,0,0
2025-12-02 17:00,2187,380,380,0,0,0
2025-12-02 17:30,1980,380,380,0,0,0
2025-12-02 18:00,1828,280,280,0,0,0
2025-12-02 18:30,1676,280,280,0,0,0
2025-12-02 19:00,1361,580,580,0,0,0
2025-12-02 19:30,1045,580,580,0,0,0
2025-12-02 20:00,730,580,580,0,0,0
2025-12-02 20:30,415,580,580,0,0,0
2025-12-02 21:00,100,580,580,0,0,0
2025-12-02 21:30,0,580,183,397,0,0
2025-12-02 22:00,0,580,0,580,0,0
2025-12-02 22:30,0,580,0,580,0,0
2025-12-02 23:00,0,280,0,280,0,0
2025-12-02 23:30,0,280,0,280,0,0
2025-12-03 00:00,0,280,0,280,0,0
2025-12-03 00:30,1104,280,0,280,2208,0
2025-12-03 01:00,2208,280,0,280,2208,0
2025-12-03 01:30,3312,280,0,280,2208,0
2025-12-03 02:00,4096,280,0,280,1568,0
2025-12-03 02:30,4096,280,0,280,0,0
2025-12-03 03:00,4096,280,0,280,0,0
2025-12-03 03:30,4096,280,0,280,0,0
2025-12-03 04:00,4096,280,0,280,0,0
2025-12-03 04:30,4096,280,0,280,0,0
2025-12-03 05:00,4096,280,0,280,0,0
2025-12-03 05:30,4096,280,0,280,0,0
2025-12-03 06:00,4096,280,0,280,0,0
2025-12-03 06:30,4096,280,0,280,0,0
2025-12-03 07:00,4096,280,0,280,0,0
2025-12-03 07:30,3944,280,280,0,0,0
2025-12-03 08:00,3792,280,280,0,0,0
2025-12-03 08:30,3639,280,280,0,0,0
2025-12-03 09:00,3433,380,380,0,0,0
2025-12-03 09:30,3226,380,380,0,0,0
2025-12-03 10:00,3058,380,380,0,0,75
2025-12-03 10:30,3026,380,380,0,0,350
2025-12-03 11:00,3076,380,380,0,0,513
2025-12-03 11:30,3126,380,380,0,0,513
2025-12-03 12:00,3140,380,380,0,0,440
2025-12-03 12:30,3190,380,380,0,0,513
2025-12-03 13:00,3240,380,380,0,0,513
2025-12-03 13:30,3253,380,380,0,0,440
2025-12-03 14:00,3108,380,380,0,0,123
2025-12-03 14:30,2902,380,380,0,0,0
2025-12-03 15:00,2695,380,380,0,0,0
2025-12-03 15:30,2489,380,380,0,0,0
2025-12-03 16:00,2282,380,380,0,0,0
2025-12-03 16:30,2076,380,380,0,0,0
2025-12-03 17:00,1869,380,380,0,0,0
2025-12-03 17:30,1663,380,380,0,0,0
2025-12-03 18:00,1511,280,280,0,0,0
2025-12-03 18:30,1358,280,280,0,0,0
2025-12-03 19:00,1206,280,280,0,0,0
2025-12-03 19:30,1054,280,280,0,0,0
2025-12-03 20:00,902,280,280,0,0,0
2025-12-03 20:30,750,280,280,0,0,0
2025-12-03 21:00,598,280,280,0,0,0
2025-12-03 21:30,445,280,280,0,0,0
2025-12-03 22:00,293,280,280,0,0,0
2025-12-03 22:30,141,280,280,0,0,0
2025-12-03 23:00,0,280,259,21,0,0
2025-12-03 23:30,0,280,0,280,0,0
2025-12-04 00:00,0,280,0,280,0,0
2025-12-04 00:30,1104,280,0,280,2208,0
2025-12-04 01:00,2208,280,0,280,2208,0
2025-12-04 01:30,3312,280,0,280,2208,0
2025-12-04 02:00,4096,280,0,280,1568,0
2025-12-04 02:30,4096,280,0,280,0,0
2025-12-04 03:00,4096,280,0,280,0,0
2025-12-04 03:30,4096,280,0,280,0,0
2025-12-04 04:00,4096,280,0,280,0,0
2025-12-04 04:30,4096,280,0,280,0,0
2025-12-04 05:00,4096,280,0,280,0,0
2025-12-04 05:30,4096,280,0,280,0,0
2025-12-04 06:00,4096,280,0,280,0,0
2025-12-04 06:30,4096,280,0,280,0,0
2025-12-04 07:00,4096,280,0,280,0,0
2025-12-04 07:30,3944,280,280,0,0,0
2025-12-04 08:00,3792,280,280,0,0,0
2025-12-04 08:30,3639,280,280,0,0,0
2025-12-04 09:00,3476,380,380,0,0,86
2025-12-04 09:30,3325,380,380,0,0,110
2025-12-04 10:00,3135,380,380,0,0,33
2025-12-04 10:30,2950,380,380,0,0,44
2025-12-04 11:00,2812,380,380,0,0,136
2025-12-04 11:30,2653,380,380,0,0,96
2025-12-04 12:00,2485,380,380,0,0,75
2025-12-04 12:30,2288,380,380,0,0,20
2025-12-04 13:00,2120,380,380,0,0,77
2025-12-04 13:30,1948,380,380,0,0,68
2025-12-04 14:00,1785,380,380,0,0,88
2025-12-04 14:30,1590,380,380,0,0,22
2025-12-04 15:00,1383,380,380,0,0,0
2025-12-04 15:30,1177,380,380,0,0,0
2025-12-04 16:00,970,380,380,0,0,0
2025-12-04 16:30,764,380,380,0,0,0
2025-12-04 17:00,557,380,380,0,0,0
2025-12-04 17:30,351,380,380,0,0,0
2025-12-04 18:00,199,280,280,0,0,0
2025-12-04 18:30,46,280,280,0,0,0
2025-12-04 19:00,0,280,85,195,0,0
2025-12-04 19:30,0,280,0,280,0,0
2025-12-04 20:00,0,280,0,280,0,0
2025-12-04 20:30,0,280,0,280,0,0
2025-12-04 21:00,0,280,0,280,0,0
2025-12-04 21:30,0,280,0,280,0,0
2025-12-04 22:00,0,280,0,280,0,0
2025-12-04 22:30,0,280,0,280,0,0
2025-12-04 23:00,0,280,0,280,0,0
2025-12-04 23:30,0,280,0,280,0,0
2025-12-05 00:00,0,280,0,280,0,0
2025-12-05 00:30,1104,280,0,280,2208,0
2025-12-05 01:00,2208,280,0,280,2208,0
2025-12-05 01:30,3312,280,0,280,2208,0
2025-12-05 02:00,4096,280,0,280,1568,0
2025-12-05 02:30,4096,280,0,280,0,0
2025-12-05 03:00,4096,280,0,280,0,0
2025-12-05 03:30,4096,280,0,280,0,0
2025-12-05 04:00,4096,280,0,280,0,0
2025-12-05 04:30,4096,280,0,280,0,0
2025-12-05 05:00,4096,280,0,280,0,0
2025-12-05 05:30,4096,280,0,280,0,0
2025-12-05 06:00,4096,280,0,280,0,0
2025-12-05 06:30,4096,280,0,280,0,0
2025-12-05 07:00,4096,280,0,280,0,0
2025-12-05 07:30,3944,280,280,0,0,0
2025-12-05 08:00,3792,280,280,0,0,0
2025-12-05 08:30,3639,280,280,0,0,0
2025-12-05 09:00,3465,380,380,0,0,64
2025-12-05 09:30,3259,380,380,0,0,0
2025-12-05 10:00,3052,380,380,0,0,0
2025-12-05 10:30,3054,380,380,0,0,418
2025-12-05 11:00,2848,380,380,0,0,0
2025-12-05 11:30,2641,380,380,0,0,0
2025-12-05 12:00,2520,380,380,0,0,169
2025-12-05 12:30,2395,380,380,0,0,164
2025-12-05 13:00,2275,380,380,0,0,173
2025-12-05 13:30,2068,380,380,0,0,0
2025-12-05 14:00,1862,380,380,0,0,0
2025-12-05 14:30,1655,380,380,0,0,0
2025-12-05 15:00,1449,380,380,0,0,0
2025-12-05 15:30,1242,380,380,0,0,0
2025-12-05 16:00,1036,380,380,0,0,0
2025-12-05 16:30,829,380,380,0,0,0
2025-12-05 17:00,623,380,380,0,0,0
2025-12-05 17:30,416,380,380,0,0,0
2025-12-05 18:00,264,280,280,0,0,0
2025-12-05 18:30,112,280,280,0,0,0
2025-12-05 19:00,0,730,206,524,0,0
2025-12-05 19:30,0,730,0,730,0,0
2025-12-05 20:00,0,730,0,730,0,0
2025-12-05 20:30,0,730,0,730,0,0
2025-12-05 21:00,0,730,0,730,0,0
2025-12-05 21:30,0,730,0,730,0,0
2025-12-05 22:00,0,730,0,730,0,0
2025-12-05 22:30,0,730,0,730,0,0
2025-12-05 23:00,0,730,0,730,0,0
2025-12-05 23:30,0,730,0,730,0,0
2025-12-06 00:00,0,280,0,280,0,0
2025-12-06 00:30,1104,280,0,280,2208,0
2025-12-06 01:00,2208,280,0,280,2208,0
2025-12-06 01:30,3312,280,0,280,2208,0
2025-12-06 02:00,4096,280,0,280,1568,0
2025-12-06 02:30,4096,280,0,280,0,0
2025-12-06 03:00,4096,280,0,280,0,0
2025-12-06 03:30,4096,280,0,280,0,0
2025-12-06 04:00,4096,280,0,280,0,0
2025-12-06 04:30,4096,280,0,280,0,0
2025-12-06 05:00,4096,280,0,280,0,0
2025-12-06 05:30,4096,280,0,280,0,0
2025-12-06 06:00,4096,280,0,280,0,0
2025-12-06 06:30,4096,280,0,280,0,0
2025-12-06 07:00,4096,280,0,280,0,0
2025-12-06 07:30,3944,280,280,0,0,0
2025-12-06 08:00,3792,280,280,0,0,0
2025-12-06 08:30,3639,280,280,0,0,0
2025-12-06 09:00,3487,280,280,0,0,0
2025-12-06 09:30,3335,280,280,0,0,0
2025-12-06 10:00,3183,280,280,0,0,0
2025-12-06 10:30,3214,280,280,0,0,366
2025-12-06 11:00,3215,280,280,0,0,307
2025-12-06 11:30,3086,280,280,0,0,46
2025-12-06 12:00,2980,280,280,0,0,92
2025-12-06 12:30,2886,280,280,0,0,116
2025-12-06 13:00,2734,280,280,0,0,0
2025-12-06 13:30,2581,280,280,0,0,0
2025-12-06 14:00,2429,280,280,0,0,0
2025-12-06 14:30,2277,280,280,0,0,0
2025-12-06 15:00,2125,280,280,0,0,0
2025-12-06 15:30,1973,280,280,0,0,0
2025-12-06 16:00,1821,280,280,0,0,0
2025-12-06 16:30,1668,280,280,0,0,0
2025-12-06 17:00,1516,280,280,0,0,0
2025-12-06 17:30,1364,280,280,0,0,0
2025-12-06 18:00,1212,280,280,0,0,0
2025-12-06 18:30,1060,280,280,0,0,0
2025-12-06 19:00,663,730,730,0,0,0
2025-12-06 19:30,266,730,730,0,0,0
2025-12-06 20:00,0,730,490,240,0,0
2025-12-06 20:30,0,730,0,730,0,0
2025-12-06 21:00,0,730,0,730,0,0
2025-12-06 21:30,0,730,0,730,0,0
2025-12-06 22:00,0,730,0,730,0,0
2025-12-06 22:30,0,730,0,730,0,0
2025-12-06 23:00,0,730,0,730,0,0
2025-12-06 23:30,0,730,0,730,0,0
2025-12-07 00:00,0,280,0,280,0,0
2025-12-07 00:30,1104,280,0,280,2208,0
2025-12-07 01:00,2208,280,0,280,2208,0
2025-12-07 01:30,3312,280,0,280,2208,0
2025-12-07 02:00,4096,280,0,280,1568,0
2025-12-07 02:30,4096,280,0,280,0,0
2025-12-07 03:00,4096,280,0,280,0,0
2025-12-07 03:30,4096,280,0,280,0,0
2025-12-07 04:00,4096,280,0,280,0,0
2025-12-07 04:30,4096,280,0,280,0,0
2025-12-07 05:00,4096,280,0,280,0,0
2025-12-07 05:30,4096,280,0,280,0,0
2025-12-07 06:00,4096,280,0,280,0,0
2025-12-07 06:30,4096,280,0,280,0,0
2025-12-07 07:00,4096,280,0,280,0,0
2025-12-07 07:30,3944,280,280,0,0,0
2025-12-07 08:00,3792,280,280,0,0,0
2025-12-07 08:30,3639,280,280,0,0,0
2025-12-07 09:00,3487,280,280,0,0,0
2025-12-07 09:30,3335,280,280,0,0,0
2025-12-07 10:00,3183,280,280,0,0,0
2025-12-07 10:30,3031,280,280,0,0,0
2025-12-07 11:00,2879,280,280,0,0,0
2025-12-07 11:30,2726,280,280,0,0,0
2025-12-07 12:00,2574,280,280,0,0,0
2025-12-07 12:30,2422,280,280,0,0,0
2025-12-07 13:00,2270,280,280,0,0,0
2025-12-07 13:30,2118,280,280,0,0,0
2025-12-07 14:00,1966,280,280,0,0,0
2025-12-07 14:30,1813,280,280,0,0,0
2025-12-07 15:00,1661,280,280,0,0,0
2025-12-07 15:30,1509,280,280,0,0,0
2025-12-07 16:00,1357,280,280,0,0,0
2025-12-07 16:30,1205,280,280,0,0,0
2025-12-07 17:00,1053,280,280,0,0,0
2025-12-07 17:30,900,280,280,0,0,0
2025-12-07 18:00,748,280,280,0,0,0
2025-12-07 18:30,596,280,280,0,0,0
2025-12-07 19:00,281,580,580,0,0,0
2025-12-07 19:30,0,580,517,63,0,0
2025-12-07 20:00,0,580,0,580,0,0
2025-12-07 20:30,0,580,0,580,0,0
2025-12-07 21:00,0,580,0,580,0,0
2025-12-07 21:30,0,580,0,580,0,0
2025-12-07 22:00,0,580,0,580,0,0
2025-12-07 22:30,0,580,0,580,0,0
2025-12-07 23:00,0,280,0,280,0,0
2025-12-07 23:30,0,280,0,280,0,0
2025-12-08 00:00,0,280,0,280,0,0
2025-12-08 00:30,1104,280,0,280,2208,0
2025-12-08 01:00,2208,280,0,280,2208,0
2025-12-08 01:30,3312,280,0,280,2208,0
2025-12-08 02:00,4096,280,0,280,1568,0
2025-12-08 02:30,4096,280,0,280,0,0
2025-12-08 03:00,4096,280,0,280,0,0
2025-12-08 03:30,4096,280,0,280,0,0
2025-12-08 04:00,4096,280,0,280,0,0
2025-12-08 04:30,4096,280,0,280,0,0
2025-12-08 05:00,4096,280,0,280,0,0
2025-12-08 05:30,4096,280,0,280,0,0
2025-12-08 06:00,4096,280,0,280,0,0
2025-12-08 06:30,4096,280,0,280,0,0
2025-12-08 07:00,4096,280,0,280,0,0
2025-12-08 07:30,3944,280,280,0,0,0
2025-12-08 08:00,3792,280,280,0,0,0
2025-12-08 08:30,3639,280,280,0,0,0
2025-12-08 09:00,3433,380,380,0,0,0
2025-12-08 09:30,3226,380,380,0,0,0
2025-12-08 10:00,3020,380,380,0,0,0
2025-12-08 10:30,2813,380,380,0,0,0
2025-12-08 11:00,2732,380,380,0,0,250
2025-12-08 11:30,2742,380,380,0,0,432
2025-12-08 12:00,2700,380,380,0,0,329
2025-12-08 12:30,2705,380,380,0,0,423
2025-12-08 13:00,2528,380,380,0,0,59
2025-12-08 13:30,2407,380,380,0,0,171
2025-12-08 14:00,2200,380,380,0,0,0
2025-12-08 14:30,1994,380,380,0,0,0
2025-12-08 15:00,1787,380,380,0,0,0
2025-12-08 15:30,1581,380,380,0,0,0
2025-12-08 16:00,1374,380,380,0,0,0
2025-12-08 16:30,1168,380,380,0,0,0
2025-12-08 17:00,961,380,380,0,0,0
2025-12-08 17:30,755,380,380,0,0,0
2025-12-08 18:00,603,280,280,0,0,0
2025-12-08 18:30,450,280,280,0,0,0
2025-12-08 19:00,135,580,580,0,0,0
2025-12-08 19:30,0,580,249,331,0,0
2025-12-08 20:00,0,580,0,580,0,0
2025-12-08 20:30,0,580,0,580,0,0
2025-12-08 21:00,0,580,0,580,0,0
2025-12-08 21:30,0,580,0,580,0,0
2025-12-08 22:00,0,580,0,580,0,0
2025-12-08 22:30,0,580,0,580,0,0
2025-12-08 23:00,0,280,0,280,0,0
2025-12-08 23:30,0,280,0,280,0,0
2025-12-09 00:00,0,280,0,280,0,0
2025-12-09 00:30,1104,280,0,280,2208,0
2025-12-09 01:00,2208,280,0,280,2208,0
2025-12-09 01:30,3312,280,0,280,2208,0
2025-12-09 02:00,4096,280,0,280,1568,0
2025-12-09 02:30,4096,280,0,280,0,0
2025-12-09 03:00,4096,280,0,280,0,0
2025-12-09 03:30,4096,280,0,280,0,0
2025-12-09 04:00,4096,280,0,280,0,0
2025-12-09 04:30,4096,280,0,280,0,0
2025-12-09 05:00,4096,280,0,280,0,0
2025-12-09 05:30,4096,280,0,280,0,0
2025-12-09 06:00,4096,280,0,280,0,0
2025-12-09 06:30,4096,280,0,280,0,0
2025-12-09 07:00,4096,280,0,280,0,0
2025-12-09 07:30,3944,280,280,0,0,0
2025-12-09 08:00,3792,280,280,0,0,0
2025-12-09 08:30,3639,280,280,0,0,0
2025-12-09 09:00,3433,380,380,0,0,0
2025-12-09 09:30,3226,380,380,0,0,0
2025-12-09 10:00,3020,380,380,0,0,0
2025-12-09 10:30,2813,380,380,0,0,0
2025-12-09 11:00,2607,380,380,0,0,0
2025-12-09 11:30,2400,380,380,0,0,0
2025-12-09 12:00,2194,380,380,0,0,0
2025-12-09 12:30,1987,380,380,0,0,0
2025-12-09 13:00,1781,380,380,0,0,0
2025-12-09 13:30,1574,380,380,0,0,0
2025-12-09 14:00,1368,380,380,0,0,0
2025-12-09 14:30,1161,380,380,0,0,0
2025-12-09 15:00,955,380,380,0,0,0
2025-12-09 15:30,748,380,380,0,0,0
2025-12-09 16:00,542,380,380,0,0,0
2025-12-09 16:30,335,380,380,0,0,0
2025-12-09 17:00,129,380,380,0,0,0
2025-12-09 17:30,0,380,237,143,0,0
2025-12-09 18:00,0,280,0,280,0,0
2025-12-09 18:30,0,280,0,280,0,0
2025-12-09 19:00,0,580,0,580,0,0
2025-12-09 19:30,0,580,0,580,0,0
2025-12-09 20:00,0,580,0,580,0,0
2025-12-09 20:30,0,580,0,580,0,0
2025-12-09 21:00,0,580,0,580,0,0
2025-12-09 21:30,0,580,0,580,0,0
2025-12-09 22:00,0,580,0,580,0,0
2025-12-09 22:30,0,580,0,580,0,0
2025-12-09 23:00,0,280,0,280,0,0
2025-12-09 23:30,0,280,0,280,0,0
2025-12-10 00:00,0,280,0,280,0,0
2025-12-10 00:30,1104,280,0,280,2208,0
2025-12-10 01:00,2208,280,0,280,2208,0
2025-12-10 01:30,3312,280,0,280,2208,0
2025-12-10 02:00,4096,280,0,280,1568,0
2025-12-10 02:30,4096,280,0,280,0,0
2025-12-10 03:00,4096,280,0,280,0,0
2025-12-10 03:30,4096,280,0,280,0,0
2025-12-10 04:00,4096,280,0,280,0,0
2025-12-10 04:30,4096,280,0,280,0,0
2025-12-10 05:00,4096,280,0,280,0,0
2025-12-10 05:30,4096,280,0,280,0,0
2025-12-10 06:00,4096,280,0,280,0,0
2025-12-10 06:30,4096,280,0,280,0,0
2025-12-10 07:00,4096,280,0,280,0,0
2025-12-10 07:30,3944,280,280,0,0,0
2025-12-10 08:00,3792,280,280,0,0,0
2025-12-10 08:30,3639,280,280,0,0,0
2025-12-10 09:00,3433,380,380,0,0,0
2025-12-10 09:30,3226,380,380,0,0,0
2025-12-10 10:00,3185,380,380,0,0,329
2025-12-10 10:30,3181,380,380,0,0,407
2025-12-10 11:00,3217,380,380,0,0,484
2025-12-10 11:30,3228,380,380,0,0,436
2025-12-10 12:00,3235,380,380,0,0,427
2025-12-10 12:30,3118,380,380,0,0,178
2025-12-10 13:00,2911,380,380,0,0,0
2025-12-10 13:30,2850,380,380,0,0,291
2025-12-10 14:00,2712,380,380,0,0,136
2025-12-10 14:30,2505,380,380,0,0,0
2025-12-10 15:00,2299,380,380,0,0,0
2025-12-10 15:30,2092,380,380,0,0,0
2025-12-10 16:00,1886,380,380,0,0,0
2025-12-10 16:30,1679,380,380,0,0,0
2025-12-10 17:00,1473,380,380,0,0,0
2025-12-10 17:30,1266,380,380,0,0,0
2025-12-10 18:00,1114,280,280,0,0,0
2025-12-10 18:30,962,280,280,0,0,0
2025-12-10 19:00,647,580,580,0,0,0
2025-12-10 19:30,331,580,580,0,0,0
2025-12-10 20:00,16,580,580,0,0,0
2025-12-10 20:30,0,580,30,550,0,0
2025-12-10 21:00,0,580,0,580,0,0
2025-12-10 21:30,0,580,0,580,0,0
2025-12-10 22:00,0,580,0,580,0,0
2025-12-10 22:30,0,580,0,580,0,0
2025-12-10 23:00,0,280,0,280,0,0
2025-12-10 23:30,0,280,0,280,0,0
2025-12-11 00:00,0,280,0,280,0,0
2025-12-11 00:30,1104,280,0,280,2208,0
2025-12-11 01:00,2208,280,0,280,2208,0
2025-12-11 01:30,3312,280,0,280,2208,0
2025-12-11 02:00,4096,280,0,280,1568,0
2025-12-11 02:30,4096,280,0,280,0,0
2025-12-11 03:00,4096,280,0,280,0,0
2025-12-11 03:30,4096,280,0,280,0,0
2025-12-11 04:00,4096,280,0,280,0,0
2025-12-11 04:30,4096,280,0,280,0,0
2025-12-11 05:00,4096,280,0,280,0,0
2025-12-11 05:30,4096,280,0,280,0,0
2025-12-11 06:00,4096,280,0,280,0,0
2025-12-11 06:30,4096,280,0,280,0,0
2025-12-11 07:00,4096,280,0,280,0,0
2025-12-11 07:30,3944,280,280,0,0,0
2025-12-11 08:00,3792,280,280,0,0,0
2025-12-11 08:30,3639,280,280,0,0,0
2025-12-11 09:00,3433,380,380,0,0,0
2025-12-11 09:30,3250,380,380,0,0,48
2025-12-11 10:00,3044,380,380,0,0,0
2025-12-11 10:30,2837,380,380,0,0,0
2025-12-11 11:00,2631,380,380,0,0,0
2025-12-11 11:30,2424,380,380,0,0,0
2025-12-11 12:00,2249,380,380,0,0,63
2025-12-11 12:30,2043,380,380,0,0,0
2025-12-11 13:00,1906,380,380,0,0,140
2025-12-11 13:30,1738,380,380,0,0,77
2025-12-11 14:00,1549,380,380,0,0,35
2025-12-11 14:30,1342,380,380,0,0,0
2025-12-11 15:00,1136,380,380,0,0,0
2025-12-11 15:30,929,380,380,0,0,0
2025-12-11 16:00,723,380,380,0,0,0
2025-12-11 16:30,516,380,380,0,0,0
2025-12-11 17:00,310,380,380,0,0,0
2025-12-11 17:30,103,380,380,0,0,0
2025-12-11 18:00,0,280,190,90,0,0
2025-12-11 18:30,0,280,0,280,0,0
2025-12-11 19:00,0,580,0,580,0,0
2025-12-11 19:30,0,580,0,580,0,0
2025-12-11 20:00,0,580,0,580,0,0
2025-12-11 20:30,0,580,0,580,0,0
2025-12-11 21:00,0,580,0,580,0,0
2025-12-11 21:30,0,580,0,580,0,0
2025-12-11 22:00,0,580,0,580,0,0
2025-12-11 22:30,0,580,0,580,0,0
2025-12-11 23:00,0,280,0,280,0,0
2025-12-11 23:30,0,280,0,280,0,0
2025-12-12 00:00,0,280,0,280,0,0
2025-12-12 00:30,1104,280,0,280,2208,0
2025-12-12 01:00,2208,280,0,280,2208,0
2025-12-12 01:30,3312,280,0,280,2208,0
2025-12-12 02:00,4096,280,0,280,1568,0
2025-12-12 02:30,4096,280,0,280,0,0
2025-12-12 03:00,4096,280,0,280,0,0
2025-12-12 03:30,4096,280,0,280,0,0
2025-12-12 04:00,4096,280,0,280,0,0
2025-12-12 04:30,4096,280,0,280,0,0
2025-12-12 05:00,4096,280,0,280,0,0
2025-12-12 05:30,4096,280,0,280,0,0
2025-12-12 06:00,4096,280,0,280,0,0
2025-12-12 06:30,4096,280,0,280,0,0
2025-12-12 07:00,4096,280,0,280,0,0
2025-12-12 07:30,3944,280,280,0,0,0
2025-12-12 08:00,3792,280,280,0,0,0
2025-12-12 08:30,3639,280,280,0,0,0
2025-12-12 09:00,3433,380,380,0,0,0
2025-12-12 09:30,3226,380,380,0,0,0
2025-12-12 10:00,3020,380,380,0,0,0
2025-12-12 10:30,2813,380,380,0,0,0
2025-12-12 11:00,2607,380,380,0,0,0
2025-12-12 11:30,2400,380,380,0,0,0
2025-12-12 12:00,2194,380,380,0,0,0
2025-12-12 12:30,1987,380,380,0,0,0
2025-12-12 13:00,1781,380,380,0,0,0
2025-12-12 13:30,1574,380,380,0,0,0
2025-12-12 14:00,1368,380,380,0,0,0
2025-12-12 14:30,1161,380,380,0,0,0
2025-12-12 15:00,955,380,380,0,0,0
2025-12-12 15:30,748,380,380,0,0,0
2025-12-12 16:00,542,380,380,0,0,0
2025-12-12 16:30,335,380,380,0,0,0
2025-12-12 17:00,129,380,380,0,0,0
2025-12-12 17:30,0,380,237,143,0,0
2025-12-12 18:00,0,280,0,280,0,0
2025-12-12 18:30,0,280,0,280,0,0
2025-12-12 19:00,0,730,0,730,0,0
2025-12-12 19:30,0,730,0,730,0,0
2025-12-12 20:00,0,730,0,730,0,0
2025-12-12 20:30,0,730,0,730,0,0
2025-12-12 21:00,0,730,0,730,0,0
2025-12-12 21:30,0,730,0,730,0,0
2025-12-12 22:00,0,730,0,730,0,0
2025-12-12 22:30,0,730,0,730,0,0
2025-12-12 23:00,0,730,0,730,0,0
2025-12-12 23:30,0,730,0,730,0,0
2025-12-13 00:00,0,280,0,280,0,0
2025-12-13 00:30,1104,280,0,280,2208,0
2025-12-13 01:00,2208,280,0,280,2208,0
2025-12-13 01:30,3312,280,0,280,2208,0
2025-12-13 02:00,4096,280,0,280,1568,0
2025-12-13 02:30,4096,280,0,280,0,0
2025-12-13 03:00,4096,280,0,280,0,0
2025-12-13 03:30,4096,280,0,280,0,0
2025-12-13 04:00,4096,280,0,280,0,0
2025-12-13 04:30,4096,280,0,280,0,0
2025-12-13 05:00,4096,280,0,280,0,0
2025-12-13 05:30,4096,280,0,280,0,0
2025-12-13 06:00,4096,280,0,280,0,0
2025-12-13 06:30,4096,280,0,280,0,0
2025-12-13 07:00,4096,280,0,280,0,0
2025-12-13 07:30,3944,280,280,0,0,0
2025-12-13 08:00,3792,280,280,0,0,0
2025-12-13 08:30,3639,280,280,0,0,0
2025-12-13 09:00,3711,280,280,0,0,447
2025-12-13 09:30,3768,280,280,0,0,418
2025-12-13 10:00,3763,280,280,0,0,296
2025-12-13 10:30,3867,280,280,0,0,512
2025-12-13 11:00,3858,280,280,0,0,287
2025-12-13 11:30,3706,280,280,0,0,0
2025-12-13 12:00,3645,280,280,0,0,182
2025-12-13 12:30,3493,280,280,0,0,0
2025-12-13 13:00,3341,280,280,0,0,0
2025-12-13 13:30,3189,280,280,0,0,0
2025-12-13 14:00,3036,280,280,0,0,0
2025-12-13 14:30,2884,280,280,0,0,0
2025-12-13 15:00,2732,280,280,0,0,0
2025-12-13 15:30,2580,280,280,0,0,0
2025-12-13 16:00,2428,280,280,0,0,0
2025-12-13 16:30,2276,280,280,0,0,0
2025-12-13 17:00,2123,280,280,0,0,0
2025-12-13 17:30,1971,280,280,0,0,0
2025-12-13 18:00,1819,280,280,0,0,0
2025-12-13 18:30,1667,280,280,0,0,0
2025-12-13 19:00,1270,730,730,0,0,0
2025-12-13 19:30,873,730,730,0,0,0
2025-12-13 20:00,477,730,730,0,0,0
2025-12-13 20:30,80,730,730,0,0,0
2025-12-13 21:00,0,730,147,583,0,0
2025-12-13 21:30,0,730,0,730,0,0
2025-12-13 22:00,0,730,0,730,0,0
2025-12-13 22:30,0,730,0,730,0,0
2025-12-13 23:00,0,730,0,730,0,0
2025-12-13 23:30,0,730,0,730,0,0
2025-12-14 00:00,0,280,0,280,0,0
2025-12-14 00:30,1104,280,0,280,2208,0
2025-12-14 01:00,2208,280,0,280,2208,0
2025-12-14 01:30,3312,280,0,280,2208,0
2025-12-14 02:00,4096,280,0,280,1568,0
2025-12-14 02:30,4096,280,0,280,0,0
2025-12-14 03:00,4096,280,0,280,0,0
2025-12-14 03:30,4096,280,0,280,0,0
2025-12-14 04:00,4096,280,0,280,0,0
2025-12-14 04:30,4096,280,0,280,0,0
2025-12-14 05:00,4096,280,0,280,0,0
2025-12-14 05:30,4096,280,0,280,0,0
2025-12-14 06:00,4096,280,0,280,0,0
2025-12-14 06:30,4096,280,0,280,0,0
2025-12-14 07:00,4096,280,0,280,0,0
2025-12-14 07:30,3944,280,280,0,0,0
2025-12-14 08:00,3792,280,280,0,0,0
2025-12-14 08:30,3639,280,280,0,0,0
2025-12-14 09:00,3535,280,280,0,0,96
2025-12-14 09:30,3383,280,280,0,0,0
2025-12-14 10:00,3304,280,280,0,0,147
2025-12-14 10:30,3383,280,280,0,0,462
2025-12-14 11:00,3474,280,280,0,0,486
2025-12-14 11:30,3578,280,280,0,0,513
2025-12-14 12:00,3671,280,280,0,0,489
2025-12-14 12:30,3591,280,280,0,0,145
2025-12-14 13:00,3493,280,280,0,0,107
2025-12-14 13:30,3340,280,280,0,0,0
2025-12-14 14:00,3188,280,280,0,0,0
2025-12-14 14:30,3036,280,280,0,0,0
2025-12-14 15:00,2884,280,280,0,0,0
2025-12-14 15:30,2732,280,280,0,0,0
2025-12-14 16:00,2580,280,280,0,0,0
2025-12-14 16:30,2427,280,280,0,0,0
2025-12-14 17:00,2275,280,280,0,0,0
2025-12-14 17:30,2123,280,280,0,0,0
2025-12-14 18:00,1971,280,280,0,0,0
2025-12-14 18:30,1819,280,280,0,0,0
2025-12-14 19:00,1503,580,580,0,0,0
2025-12-14 19:30,1188,580,580,0,0,0
2025-12-14 20:00,873,580,580,0,0,0
2025-12-14 20:30,558,580,580,0,0,0
2025-12-14 21:00,243,580,580,0,0,0
2025-12-14 21:30,0,580,446,134,0,0
2025-12-14 22:00,0,580,0,580,0,0
2025-12-14 22:30,0,580,0,580,0,0
2025-12-14 23:00,0,280,0,280,0,0
2025-12-14 23:30,0,280,0,280,0,0
2025-12-15 00:00,0,280,0,280,0,0
2025-12-15 00:30,1104,280,0,280,2208,0
2025-12-15 01:00,2208,280,0,280,2208,0
2025-12-15 01:30,3312,280,0,280,2208,0
2025-12-15 02:00,4096,280,0,280,1568,0
2025-12-15 02:30,4096,280,0,280,0,0
2025-12-15 03:00,4096,280,0,280,0,0
2025-12-15 03:30,4096,280,0,280,0,0
2025-12-15 04:00,4096,280,0,280,0,0
2025-12-15 04:30,4096,280,0,280,0,0
2025-12-15 05:00,4096,280,0,280,0,0
2025-12-15 05:30,4096,280,0,280,0,0
2025-12-15 06:00,4096,280,0,280,0,0
2025-12-15 06:30,4096,280,0,280,0,0
2025-12-15 07:00,4096,280,0,280,0,0
2025-12-15 07:30,3944,280,280,0,0,0
2025-12-15 08:00,3792,280,280,0,0,0
2025-12-15 08:30,3639,280,280,0,0,0
2025-12-15 09:00,3433,380,380,0,0,0
2025-12-15 09:30,3296,380,380,0,0,140
2025-12-15 10:00,3090,380,380,0,0,0
2025-12-15 10:30,2883,380,380,0,0,0
2025-12-15 11:00,2677,380,380,0,0,0
2025-12-15 11:30,2470,380,380,0,0,0
2025-12-15 12:00,2264,380,380,0,0,0
2025-12-15 12:30,2057,380,380,0,0,0
2025-12-15 13:00,1851,380,380,0,0,0
2025-12-15 13:30,1644,380,380,0,0,0
2025-12-15 14:00,1438,380,380,0,0,0
2025-12-15 14:30,1231,380,380,0,0,0
2025-12-15 15:00,1025,380,380,0,0,0
2025-12-15 15:30,818,380,380,0,0,0
2025-12-15 16:00,612,380,380,0,0,0
2025-12-15 16:30,405,380,380,0,0,0
2025-12-15 17:00,199,380,380,0,0,0
2025-12-15 17:30,0,380,365,15,0,0
2025-12-15 18:00,0,280,0,280,0,0
2025-12-15 18:30,0,280,0,280,0,0
2025-12-15 19:00,0,730,0,730,0,0
2025-12-15 19:30,0,730,0,730,0,0
2025-12-15 20:00,0,730,0,730,0,0
2025-12-15 20:30,0,730,0,730,0,0
2025-12-15 21:00,0,730,0,730,0,0
2025-12-15 21:30,0,730,0,730,0,0
2025-12-15 22:00,0,730,0,730,0,0
2025-12-15 22:30,0,730,0,730,0,0
2025-12-15 23:00,0,730,0,730,0,0
2025-12-15 23:30,0,730,0,730,0,0
2025-12-16 00:00,0,280,0,280,0,0
2025-12-16 00:30,1104,280,0,280,2208,0
2025-12-16 01:00,2208,280,0,280,2208,0
2025-12-16 01:30,3312,280,0,280,2208,0
2025-12-16 02:00,4096,280,0,280,1568,0
2025-12-16 02:30,4096,280,0,280,0,0
2025-12-16 03:00,4096,280,0,280,0,0
2025-12-16 03:30,4096,280,0,280,0,0
2025-12-16 04:00,4096,280,0,280,0,0
2025-12-16 04:30,4096,280,0,280,0,0
2025-12-16 05:00,4096,280,0,280,0,0
2025-12-16 05:30,4096,280,0,280,0,0
2025-12-16 06:00,4096,280,0,280,0,0
2025-12-16 06:30,4096,280,0,280,0,0
2025-12-16 07:00,4096,280,0,280,0,0
2025-12-16 07:30,3944,280,280,0,0,0
2025-12-16 08:00,3792,280,280,0,0,0
2025-12-16 08:30,3639,280,280,0,0,0
2025-12-16 09:00,3433,380,380,0,0,0
2025-12-16 09:30,3226,380,380,0,0,0
2025-12-16 10:00,3020,380,380,0,0,0
2025-12-16 10:30,2813,380,380,0,0,0
2025-12-16 11:00,2607,380,380,0,0,0
2025-12-16 11:30,2400,380,380,0,0,0
2025-12-16 12:00,2194,380,380,0,0,0
2025-12-16 12:30,1987,380,380,0,0,0
2025-12-16 13:00,1781,380,380,0,0,0
2025-12-16 13:30,1574,380,380,0,0,0
2025-12-16 14:00,1368,380,380,0,0,0
2025-12-16 14:30,1161,380,380,0,0,0
2025-12-16 15:00,955,380,380,0,0,0
2025-12-16 15:30,748,380,380,0,0,0
2025-12-16 16:00,542,380,380,0,0,0
2025-12-16 16:30,335,380,380,0,0,0
2025-12-16 17:00,129,380,380,0,0,0
2025-12-16 17:30,0,380,237,143,0,0
2025-12-16 18:00,0,280,0,280,0,0
2025-12-16 18:30,0,280,0,280,0,0
2025-12-16 19:00,0,730,0,730,0,0
2025-12-16 19:30,0,730,0,730,0,0
2025-12-16 20:00,0,730,0,730,0,0
2025-12-16 20:30,0,730,0,730,0,0
2025-12-16 21:00,0,730,0,730,0,0
2025-12-16 21:30,0,730,0,730,0,0
2025-12-16 22:00,0,730,0,730,0,0
2025-12-16 22:30,0,730,0,730,0,0
2025-12-16 23:00,0,730,0,730,0,0
2025-12-16 23:30,0,730,0,730,0,0
2025-12-17 00:00,0,280,0,280,0,0
2025-12-17 00:30,1104,280,0,280,2208,0
2025-12-17 01:00,2208,280,0,280,2208,0
2025-12-17 01:30,3312,280,0,280,2208,0
2025-12-17 02:00,4096,280,0,280,1568,0
2025-12-17 02:30,4096,280,0,280,0,0
2025-12-17 03:00,4096,280,0,280,0,0
2025-12-17 03:30,4096,280,0,280,0,0
2025-12-17 04:00,4096,280,0,280,0,0
2025-12-17 04:30,4096,280,0,280,0,0
2025-12-17 05:00,4096,280,0,280,0,0
2025-12-17 05:30,4096,280,0,280,0,0
2025-12-17 06:00,4096,280,0,280,0,0
2025-12-17 06:30,4096,280,0,280,0,0
2025-12-17 07:00,4096,280,0,280,0,0
2025-12-17 07:30,3944,280,280,0,0,0
2025-12-17 08:00,3792,280,280,0,0,0
2025-12-17 08:30,3639,280,280,0,0,0
2025-12-17 09:00,3433,380,380,0,0,0
2025-12-17 09:30,3226,380,380,0,0,0
2025-12-17 10:00,3020,380,380,0,0,0
2025-12-17 10:30,2813,380,380,0,0,0
2025-12-17 11:00,2607,380,380,0,0,0
2025-12-17 11:30,2400,380,380,0,0,0
2025-12-17 12:00,2194,380,380,0,0,0
2025-12-17 12:30,1987,380,380,0,0,0
2025-12-17 13:00,1781,380,380,0,0,0
2025-12-17 13:30,1574,380,380,0,0,0
2025-12-17 14:00,1368,380,380,0,0,0
2025-12-17 14:30,1161,380,380,0,0,0
2025-12-17 15:00,955,380,380,0,0,0
2025-12-17 15:30,748,380,380,0,0,0
2025-12-17 16:00,542,380,380,0,0,0
2025-12-17 16:30,335,380,380,0,0,0
2025-12-17 17:00,129,380,380,0,0,0
2025-12-17 17:30,0,380,237,143,0,0
2025-12-17 18:00,0,280,0,280,0,0
2025-12-17 18:30,0,280,0,280,0,0
2025-12-17 19:00,0,730,0,730,0,0
2025-12-17 19:30,0,730,0,730,0,0
2025-12-17 20:00,0,730,0,730,0,0
2025-12-17 20:30,0,730,0,730,0,0
2025-12-17 21:00,0,730,0,730,0,0
2025-12-17 21:30,0,730,0,730,0,0
2025-12-17 22:00,0,730,0,730,0,0
2025-12-17 22:30,0,730,0,730,0,0
2025-12-17 23:00,0,730,0,730,0,0
2025-12-17 23:30,0,730,0,730,0,0
2025-12-18 00:00,0,280,0,280,0,0
2025-12-18 00:30,1104,280,0,280,2208,0
2025-12-18 01:00,2208,280,0,280,2208,0
2025-12-18 01:30,3312,280,0,280,2208,0
2025-12-18 02:00,4096,280,0,280,1568,0
2025-12-18 02:30,4096,280,0,280,0,0
2025-12-18 03:00,4096,280,0,280,0,0
2025-12-18 03:30,4096,280,0,280,0,0
2025-12-18 04:00,4096,280,0,280,0,0
2025-12-18 04:30,4096,280,0,280,0,0
2025-12-18 05:00,4096,280,0,280,0,0
2025-12-18 05:30,4096,280,0,280,0,0
2025-12-18 06:00,4096,280,0,280,0,0
2025-12-18 06:30,4096,280,0,280,0,0
2025-12-18 07:00,4096,280,0,280,0,0
2025-12-18 07:30,3944,280,280,0,0,0
2025-12-18 08:00,3792,280,280,0,0,0
2025-12-18 08:30,3639,280,280,0,0,0
2025-12-18 09:00,3433,380,380,0,0,0
2025-12-18 09:30,3226,380,380,0,0,0
2025-12-18 10:00,3020,380,380,0,0,0
2025-12-18 10:30,2813,380,380,0,0,0
2025-12-18 11:00,2607,380,380,0,0,0
2025-12-18 11:30,2400,380,380,0,0,0
2025-12-18 12:00,2194,380,380,0,0,0
2025-12-18 12:30,1987,380,380,0,0,0
2025-12-18 13:00,1781,380,380,0,0,0
2025-12-18 13:30,1574,380,380,0,0,0
2025-12-18 14:00,1368,380,380,0,0,0
2025-12-18 14:30,1161,380,380,0,0,0
2025-12-18 15:00,955,380,380,0,0,0
2025-12-18 15:30,748,380,380,0,0,0
2025-12-18 16:00,542,380,380,0,0,0
2025-12-18 16:30,335,380,380,0,0,0
2025-12-18 17:00,129,380,380,0,0,0
2025-12-18 17:30,0,380,237,143,0,0
2025-12-18 18:00,0,280,0,280,0,0
2025-12-18 18:30,0,280,0,280,0,0
2025-12-18 19:00,0,730,0,730,0,0
2025-12-18 19:30,0,730,0,730,0,0
2025-12-18 20:00,0,730,0,730,0,0
2025-12-18 20:30,0,730,0,730,0,0
2025-12-18 21:00,0,730,0,730,0,0
2025-12-18 21:30,0,730,0,730,0,0
2025-12-18 22:00,0,730,0,730,0,0
2025-12-18 22:30,0,730,0,730,0,0
2025-12-18 23:00,0,730,0,730,0,0
2025-12-18 23:30,0,730,0,730,0,0
2025-12-19 00:00,0,280,0,280,0,0
2025-12-19 00:30,1104,280,0,280,2208,0
2025-12-19 01:00,2208,280,0,280,2208,0
2025-12-19 01:30,3312,280,0,280,2208,0
2025-12-19 02:00,4096,280,0,280,1568,0
2025-12-19 02:30,4096,280,0,280,0,0
2025-12-19 03:00,4096,280,0,280,0,0
2025-12-19 03:30,4096,280,0,280,0,0
2025-12-19 04:00,4096,280,0,280,0,0
2025-12-19 04:30,4096,280,0,280,0,0
2025-12-19 05:00,4096,280,0,280,0,0
2025-12-19 05:30,4096,280,0,280,0,0
2025-12-19 06:00,4096,280,0,280,0,0
2025-12-19 06:30,4096,280,0,280,0,0
2025-12-19 07:00,4096,280,0,280,0,0
2025-12-19 07:30,3944,280,280,0,0,0
2025-12-19 08:00,3792,280,280,0,0,0
2025-12-19 08:30,3639,280,280,0,0,0
2025-12-19 09:00,3433,380,380,0,0,0
2025-12-19 09:30,3375,380,380,0,0,298
2025-12-19 10:00,3426,380,380,0,0,513
2025-12-19 10:30,3476,380,380,0,0,513
2025-12-19 11:00,3526,380,380,0,0,513
2025-12-19 11:30,3576,380,380,0,0,513
2025-12-19 12:00,3517,380,380,0,0,294
2025-12-19 12:30,3566,380,380,0,0,512
2025-12-19 13:00,3584,380,380,0,0,449
2025-12-19 13:30,3468,380,380,0,0,180
2025-12-19 14:00,3261,380,380,0,0,0
2025-12-19 14:30,3055,380,380,0,0,0
2025-12-19 15:00,2848,380,380,0,0,0
2025-12-19 15:30,2642,380,380,0,0,0
2025-12-19 16:00,2435,380,380,0,0,0
2025-12-19 16:30,2228,380,380,0,0,0
2025-12-19 17:00,2022,380,380,0,0,0
2025-12-19 17:30,1815,380,380,0,0,0
2025-12-19 18:00,1663,280,280,0,0,0
2025-12-19 18:30,1511,280,280,0,0,0
2025-12-19 19:00,1114,730,730,0,0,0
2025-12-19 19:30,718,730,730,0,0,0
2025-12-19 20:00,321,730,730,0,0,0
2025-12-19 20:30,0,730,590,140,0,0
2025-12-19 21:00,0,730,0,730,0,0
2025-12-19 21:30,0,730,0,730,0,0
2025-12-19 22:00,0,730,0,730,0,0
2025-12-19 22:30,0,730,0,730,0,0
2025-12-19 23:00,0,730,0,730,0,0
2025-12-19 23:30,0,730,0,730,0,0
2025-12-20 00:00,0,280,0,280,0,0
2025-12-20 00:30,1104,280,0,280,2208,0
2025-12-20 01:00,2208,280,0,280,2208,0
2025-12-20 01:30,3312,280,0,280,2208,0
2025-12-20 02:00,4096,280,0,280,1568,0
2025-12-20 02:30,4096,280,0,280,0,0
2025-12-20 03:00,4096,280,0,280,0,0
2025-12-20 03:30,4096,280,0,280,0,0
2025-12-20 04:00,4096,280,0,280,0,0
2025-12-20 04:30,4096,280,0,280,0,0
2025-12-20 05:00,4096,280,0,280,0,0
2025-12-20 05:30,4096,280,0,280,0,0
2025-12-20 06:00,4096,280,0,280,0,0
2025-12-20 06:30,4096,280,0,280,0,0
2025-12-20 07:00,4096,280,0,280,0,0
2025-12-20 07:30,3944,280,280,0,0,0
2025-12-20 08:00,3792,280,280,0,0,0
2025-12-20 08:30,3639,280,280,0,0,0
2025-12-20 09:00,3487,280,280,0,0,0
2025-12-20 09:30,3335,280,280,0,0,0
2025-12-20 10:00,3183,280,280,0,0,0
2025-12-20 10:30,3031,280,280,0,0,0
2025-12-20 11:00,2879,280,280,0,0,0
2025-12-20 11:30,2726,280,280,0,0,0
2025-12-20 12:00,2574,280,280,0,0,0
2025-12-20 12:30,2422,280,280,0,0,0
2025-12-20 13:00,2270,280,280,0,0,0
2025-12-20 13:30,2118,280,280,0,0,0
2025-12-20 14:00,1966,280,280,0,0,0
2025-12-20 14:30,1813,280,280,0,0,0
2025-12-20 15:00,1661,280,280,0,0,0
2025-12-20 15:30,1509,280,280,0,0,0
2025-12-20 16:00,1357,280,280,0,0,0
2025-12-20 16:30,1205,280,280,0,0,0
2025-12-20 17:00,1053,280,280,0,0,0
2025-12-20 17:30,900,280,280,0,0,0
2025-12-20 18:00,748,280,280,0,0,0
2025-12-20 18:30,596,280,280,0,0,0
2025-12-20 19:00,199,730,730,0,0,0
2025-12-20 19:30,0,730,367,363,0,0
2025-12-20 20:00,0,730,0,730,0,0
2025-12-20 20:30,0,730,0,730,0,0
2025-12-20 21:00,0,730,0,730,0,0
2025-12-20 21:30,0,730,0,730,0,0
2025-12-20 22:00,0,730,0,730,0,0
2025-12-20 22:30,0,730,0,730,0,0
2025-12-20 23:00,0,730,0,730,0,0
2025-12-20 23:30,0,730,0,730,0,0
2025-12-21 00:00,0,280,0,280,0,0
2025-12-21 00:30,1104,280,0,280,2208,0
2025-12-21 01:00,2208,280,0,280,2208,0
2025-12-21 01:30,3312,280,0,280,2208,0
2025-12-21 02:00,4096,280,0,280,1568,0
2025-12-21 02:30,4096,280,0,280,0,0
2025-12-21 03:00,4096,280,0,280,0,0
2025-12-21 03:30,4096,280,0,280,0,0
2025-12-21 04:00,4096,280,0,280,0,0
2025-12-21 04:30,4096,280,0,280,0,0
2025-12-21 05:00,4096,280,0,280,0,0
2025-12-21 05:30,4096,280,0,280,0,0
2025-12-21 06:00,4096,280,0,280,0,0
2025-12-21 06:30,4096,280,0,280,0,0
2025-12-21 07:00,4096,280,0,280,0,0
2025-12-21 07:30,3944,280,280,0,0,0
2025-12-21 08:00,3792,280,280,0,0,0
2025-12-21 08:30,3639,280,280,0,0,0
2025-12-21 09:00,3487,280,280,0,0,0
2025-12-21 09:30,3335,280,280,0,0,0
2025-12-21 10:00,3183,280,280,0,0,0
2025-12-21 10:30,3031,280,280,0,0,0
2025-12-21 11:00,2879,280,280,0,0,0
2025-12-21 11:30,2726,280,280,0,0,0
2025-12-21 12:00,2574,280,280,0,0,0
2025-12-21 12:30,2422,280,280,0,0,0
2025-12-21 13:00,2270,280,280,0,0,0
2025-12-21 13:30,2118,280,280,0,0,0
2025-12-21 14:00,1966,280,280,0,0,0
2025-12-21 14:30,1813,280,280,0,0,0
2025-12-21 15:00,1661,280,280,0,0,0
2025-12-21 15:30,1509,280,280,0,0,0
2025-12-21 16:00,1357,280,280,0,0,0
2025-12-21 16:30,1205,280,280,0,0,0
2025-12-21 17:00,1053,280,280,0,0,0
2025-12-21 17:30,900,280,280,0,0,0
2025-12-21 18:00,748,280,280,0,0,0
2025-12-21 18:30,596,280,280,0,0,0
2025-12-21 19:00,199,730,730,0,0,0
2025-12-21 19:30,0,730,367,363,0,0
2025-12-21 20:00,0,730,0,730,0,0
2025-12-21 20:30,0,730,0,730,0,0
2025-12-21 21:00,0,730,0,730,0,0
2025-12-21 21:30,0,730,0,730,0,0
2025-12-21 22:00,0,730,0,730,0,0
2025-12-21 22:30,0,730,0,730,0,0
2025-12-21 23:00,0,730,0,730,0,0
2025-12-21 23:30,0,730,0,730,0,0
2025-12-22 00:00,0,280,0,280,0,0
2025-12-22 00:30,1104,280,0,280,2208,0
2025-12-22 01:00,2208,280,0,280,2208,0
2025-12-22 01:30,3312,280,0,280,2208,0
2025-12-22 02:00,4096,280,0,280,1568,0
2025-12-22 02:30,4096,280,0,280,0,0
2025-12-22 03:00,4096,280,0,280,0,0
2025-12-22 03:30,4096,280,0,280,0,0
2025-12-22 04:00,4096,280,0,280,0,0
2025-12-22 04:30,4096,280,0,280,0,0
2025-12-22 05:00,4096,280,0,280,0,0
2025-12-22 05:30,4096,280,0,280,0,0
2025-12-22 06:00,4096,280,0,280,0,0
2025-12-22 06:30,4096,280,0,280,0,0
2025-12-22 07:00,4096,280,0,280,0,0
2025-12-22 07:30,3944,280,280,0,0,0
2025-12-22 08:00,3792,280,280,0,0,0
2025-12-22 08:30,3639,280,280,0,0,0
2025-12-22 09:00,3433,380,380,0,0,0
2025-12-22 09:30,3226,380,380,0,0,0
2025-12-22 10:00,3020,380,380,0,0,0
2025-12-22 10:30,2813,380,380,0,0,0
2025-12-22 11:00,2607,380,380,0,0,0
2025-12-22 11:30,2400,380,380,0,0,0
2025-12-22 12:00,2194,380,380,0,0,0
2025-12-22 12:30,1987,380,380,0,0,0
2025-12-22 13:00,1781,380,380,0,0,0
2025-12-22 13:30,1574,380,380,0,0,0
2025-12-22 14:00,1368,380,380,0,0,0
2025-12-22 14:30,1161,380,380,0,0,0
2025-12-22 15:00,955,380,380,0,0,0
2025-12-22 15:30,748,380,380,0,0,0
2025-12-22 16:00,542,380,380,0,0,0
2025-12-22 16:30,335,380,380,0,0,0
2025-12-22 17:00,129,380,380,0,0,0
2025-12-22 17:30,0,380,237,143,0,0
2025-12-22 18:00,0,280,0,280,0,0
2025-12-22 18:30,0,280,0,280,0,0
2025-12-22 19:00,0,280,0,280,0,0
2025-12-22 19:30,0,280,0,280,0,0
2025-12-22 20:00,0,280,0,280,0,0
2025-12-22 20:30,0,280,0,280,0,0
2025-12-22 21:00,0,280,0,280,0,0
2025-12-22 21:30,0,280,0,280,0,0
2025-12-22 22:00,0,280,0,280,0,0
2025-12-22 22:30,0,280,0,280,0,0
2025-12-22 23:00,0,280,0,280,0,0
2025-12-22 23:30,0,280,0,280,0,0
2025-12-23 00:00,0,280,0,280,0,0
2025-12-23 00:30,1104,280,0,280,2208,0
2025-12-23 01:00,2208,280,0,280,2208,0
2025-12-23 01:30,3312,280,0,280,2208,0
2025-12-23 02:00,4096,280,0,280,1568,0
2025-12-23 02:30,4096,280,0,280,0,0
2025-12-23 03:00,4096,280,0,280,0,0
2025-12-23 03:30,4096,280,0,280,0,0
2025-12-23 04:00,4096,280,0,280,0,0
2025-12-23 04:30,4096,280,0,280,0,0
2025-12-23 05:00,4096,280,0,280,0,0
2025-12-23 05:30,4096,280,0,280,0,0
2025-12-23 06:00,4096,280,0,280,0,0
2025-12-23 06:30,4096,280,0,280,0,0
2025-12-23 07:00,4096,280,0,280,0,0
2025-12-23 07:30,3944,280,280,0,0,0
2025-12-23 08:00,3792,280,280,0,0,0
2025-12-23 08:30,3639,280,280,0,0,0
2025-12-23 09:00,3433,380,380,0,0,0
2025-12-23 09:30,3226,380,380,0,0,0
2025-12-23 10:00,3020,380,380,0,0,0
2025-12-23 10:30,2813,380,380,0,0,0
2025-12-23 11:00,2607,380,380,0,0,0
2025-12-23 11:30,2400,380,380,0,0,0
2025-12-23 12:00,2194,380,380,0,0,0
2025-12-23 12:30,1987,380,380,0,0,0
2025-12-23 13:00,1781,380,380,0,0,0
2025-12-23 13:30,1574,380,380,0,0,0
2025-12-23 14:00,1368,380,380,0,0,0
2025-12-23 14:30,1161,380,380,0,0,0
2025-12-23 15:00,955,380,380,0,0,0
2025-12-23 15:30,748,380,380,0,0,0
2025-12-23 16:00,542,380,380,0,0,0
2025-12-23 16:30,335,380,380,0,0,0
2025-12-23 17:00,129,380,380,0,0,0
2025-12-23 17:30,0,380,237,143,0,0
2025-12-23 18:00,0,280,0,280,0,0
2025-12-23 18:30,0,280,0,280,0,0
2025-12-23 19:00,0,730,0,730,0,0
2025-12-23 19:30,0,730,0,730,0,0
2025-12-23 20:00,0,730,0,730,0,0
2025-12-23 20:30,0,730,0,730,0,0
2025-12-23 21:00,0,730,0,730,0,0
2025-12-23 21:30,0,730,0,730,0,0
2025-12-23 22:00,0,730,0,730,0,0
2025-12-23 22:30,0,730,0,730,0,0
2025-12-23 23:00,0,730,0,730,0,0
2025-12-23 23:30,0,730,0,730,0,0
2025-12-24 00:00,0,280,0,280,0,0
2025-12-24 00:30,1104,280,0,280,2208,0
2025-12-24 01:00,2208,280,0,280,2208,0
2025-12-24 01:30,3312,280,0,280,2208,0
2025-12-24 02:00,4096,280,0,280,1568,0
2025-12-24 02:30,4096,280,0,280,0,0
2025-12-24 03:00,4096,280,0,280,0,0
2025-12-24 03:30,4096,280,0,280,0,0
2025-12-24 04:00,4096,280,0,280,0,0
2025-12-24 04:30,4096,280,0,280,0,0
2025-12-24 05:00,4096,280,0,280,0,0
2025-12-24 05:30,4096,280,0,280,0,0
2025-12-24 06:00,4096,280,0,280,0,0
2025-12-24 06:30,4096,280,0,280,0,0
2025-12-24 07:00,4096,280,0,280,0,0
2025-12-24 07:30,3944,280,280,0,0,0
2025-12-24 08:00,3792,280,280,0,0,0
2025-12-24 08:30,3639,280,280,0,0,0
2025-12-24 09:00,3433,380,380,0,0,0
2025-12-24 09:30,3316,380,380,0,0,178
2025-12-24 10:00,3109,380,380,0,0,0
2025-12-24 10:30,2903,380,380,0,0,0
2025-12-24 11:00,2696,380,380,0,0,0
2025-12-24 11:30,2663,380,380,0,0,346
2025-12-24 12:00,2456,380,380,0,0,0
2025-12-24 12:30,2250,380,380,0,0,0
2025-12-24 13:00,2043,380,380,0,0,0
2025-12-24 13:30,1836,380,380,0,0,0
2025-12-24 14:00,1630,380,380,0,0,0
2025-12-24 14:30,1423,380,380,0,0,0
2025-12-24 15:00,1217,380,380,0,0,0
2025-12-24 15:30,1010,380,380,0,0,0
2025-12-24 16:00,804,380,380,0,0,0
2025-12-24 16:30,597,380,380,0,0,0
2025-12-24 17:00,391,380,380,0,0,0
2025-12-24 17:30,184,380,380,0,0,0
2025-12-24 18:00,32,280,280,0,0,0
2025-12-24 18:30,0,280,59,221,0,0
2025-12-24 19:00,0,460,0,460,0,0
2025-12-24 19:30,0,460,0,460,0,0
2025-12-24 20:00,0,460,0,460,0,0
2025-12-24 20:30,0,460,0,460,0,0
2025-12-24 21:00,0,460,0,460,0,0
2025-12-24 21:30,0,460,0,460,0,0
2025-12-24 22:00,0,280,0,280,0,0
2025-12-24 22:30,0,280,0,280,0,0
2025-12-24 23:00,0,280,0,280,0,0
2025-12-24 23:30,0,280,0,280,0,0
2025-12-25 00:00,0,280,0,280,0,0
2025-12-25 00:30,1104,280,0,280,2208,0
2025-12-25 01:00,2208,280,0,280,2208,0
2025-12-25 01:30,3312,280,0,280,2208,0
2025-12-25 02:00,4096,280,0,280,1568,0
2025-12-25 02:30,4096,280,0,280,0,0
2025-12-25 03:00,4096,280,0,280,0,0
2025-12-25 03:30,4096,280,0,280,0,0
2025-12-25 04:00,4096,280,0,280,0,0
2025-12-25 04:30,4096,280,0,280,0,0
2025-12-25 05:00,4096,280,0,280,0,0
2025-12-25 05:30,4096,280,0,280,0,0
2025-12-25 06:00,4096,280,0,280,0,0
2025-12-25 06:30,4096,280,0,280,0,0
2025-12-25 07:00,4096,280,0,280,0,0
2025-12-25 07:30,3944,280,280,0,0,0
2025-12-25 08:00,3792,280,280,0,0,0
2025-12-25 08:30,3639,280,280,0,0,0
2025-12-25 09:00,3433,380,380,0,0,0
2025-12-25 09:30,3368,380,380,0,0,283
2025-12-25 10:00,3418,380,380,0,0,513
2025-12-25 10:30,3468,380,380,0,0,513
2025-12-25 11:00,3445,380,380,0,0,366
2025-12-25 11:30,3238,380,380,0,0,0
2025-12-25 12:00,3032,380,380,0,0,0
2025-12-25 12:30,2825,380,380,0,0,0
2025-12-25 13:00,2619,380,380,0,0,0
2025-12-25 13:30,2412,380,380,0,0,0
2025-12-25 14:00,2206,380,380,0,0,0
2025-12-25 14:30,1999,380,380,0,0,0
2025-12-25 15:00,1793,380,380,0,0,0
2025-12-25 15:30,1586,380,380,0,0,0
2025-12-25 16:00,1380,380,380,0,0,0
2025-12-25 16:30,1173,380,380,0,0,0
2025-12-25 17:00,967,380,380,0,0,0
2025-12-25 17:30,760,380,380,0,0,0
2025-12-25 18:00,608,280,280,0,0,0
2025-12-25 18:30,456,280,280,0,0,0
2025-12-25 19:00,141,580,580,0,0,0
2025-12-25 19:30,0,580,259,321,0,0
2025-12-25 20:00,0,580,0,580,0,0
2025-12-25 20:30,0,580,0,580,0,0
2025-12-25 21:00,0,580,0,580,0,0
2025-12-25 21:30,0,580,0,580,0,0
2025-12-25 22:00,0,580,0,580,0,0
2025-12-25 22:30,0,580,0,580,0,0
2025-12-25 23:00,0,280,0,280,0,0
2025-12-25 23:30,0,280,0,280,0,0
2025-12-26 00:00,0,280,0,280,0,0
2025-12-26 00:30,1104,280,0,280,2208,0
2025-12-26 01:00,2208,280,0,280,2208,0
2025-12-26 01:30,3312,280,0,280,2208,0
2025-12-26 02:00,4096,280,0,280,1568,0
2025-12-26 02:30,4096,280,0,280,0,0
2025-12-26 03:00,4096,280,0,280,0,0
2025-12-26 03:30,4096,280,0,280,0,0
2025-12-26 04:00,4096,280,0,280,0,0
2025-12-26 04:30,4096,280,0,280,0,0
2025-12-26 05:00,4096,280,0,280,0,0
2025-12-26 05:30,4096,280,0,280,0,0
2025-12-26 06:00,4096,280,0,280,0,0
2025-12-26 06:30,4096,280,0,280,0,0
2025-12-26 07:00,4096,280,0,280,0,0
2025-12-26 07:30,3944,280,280,0,0,0
2025-12-26 08:00,3792,280,280,0,0,0
2025-12-26 08:30,3639,280,280,0,0,0
2025-12-26 09:00,3433,380,380,0,0,0
2025-12-26 09:30,3226,380,380,0,0,0
2025-12-26 10:00,3020,380,380,0,0,0
2025-12-26 10:30,3070,380,380,0,0,513
2025-12-26 11:00,3120,380,380,0,0,513
2025-12-26 11:30,3146,380,380,0,0,466
2025-12-26 12:00,2940,380,380,0,0,0
2025-12-26 12:30,2971,380,380,0,0,475
2025-12-26 13:00,2994,380,380,0,0,460
2025-12-26 13:30,2891,380,380,0,0,206
2025-12-26 14:00,2684,380,380,0,0,0
2025-12-26 14:30,2478,380,380,0,0,0
2025-12-26 15:00,2271,380,380,0,0,0
2025-12-26 15:30,2065,380,380,0,0,0
2025-12-26 16:00,1858,380,380,0,0,0
2025-12-26 16:30,1652,380,380,0,0,0
2025-12-26 17:00,1445,380,380,0,0,0
2025-12-26 17:30,1239,380,380,0,0,0
2025-12-26 18:00,1086,280,280,0,0,0
2025-12-26 18:30,934,280,280,0,0,0
2025-12-26 19:00,538,730,730,0,0,0
2025-12-26 19:30,141,730,730,0,0,0
2025-12-26 20:00,0,730,259,471,0,0
2025-12-26 20:30,0,730,0,730,0,0
2025-12-26 21:00,0,730,0,730,0,0
2025-12-26 21:30,0,730,0,730,0,0
2025-12-26 22:00,0,730,0,730,0,0
2025-12-26 22:30,0,730,0,730,0,0
2025-12-26 23:00,0,730,0,730,0,0
2025-12-26 23:30,0,730,0,730,0,0
2025-12-27 00:00,0,280,0,280,0,0
2025-12-27 00:30,1104,280,0,280,2208,0
2025-12-27 01:00,2208,280,0,280,2208,0
2025-12-27 01:30,3312,280,0,280,2208,0
2025-12-27 02:00,4096,280,0,280,1568,0
2025-12-27 02:30,4096,280,0,280,0,0
2025-12-27 03:00,4096,280,0,280,0,0
2025-12-27 03:30,4096,280,0,280,0,0
2025-12-27 04:00,4096,280,0,280,0,0
2025-12-27 04:30,4096,280,0,280,0,0
2025-12-27 05:00,4096,280,0,280,0,0
2025-12-27 05:30,4096,280,0,280,0,0
2025-12-27 06:00,4096,280,0,280,0,0
2025-12-27 06:30,4096,280,0,280,0,0
2025-12-27 07:00,4096,280,0,280,0,0
2025-12-27 07:30,3944,280,280,0,0,0
2025-12-27 08:00,3792,280,280,0,0,0
2025-12-27 08:30,3639,280,280,0,0,0
2025-12-27 09:00,3487,280,280,0,0,0
2025-12-27 09:30,3344,280,280,0,0,18
2025-12-27 10:00,3192,280,280,0,0,0
2025-12-27 10:30,3040,280,280,0,0,0
2025-12-27 11:00,2888,280,280,0,0,0
2025-12-27 11:30,2736,280,280,0,0,0
2025-12-27 12:00,2583,280,280,0,0,0
2025-12-27 12:30,2431,280,280,0,0,0
2025-12-27 13:00,2279,280,280,0,0,0
2025-12-27 13:30,2127,280,280,0,0,0
2025-12-27 14:00,1975,280,280,0,0,0
2025-12-27 14:30,1823,280,280,0,0,0
2025-12-27 15:00,1670,280,280,0,0,0
2025-12-27 15:30,1518,280,280,0,0,0
2025-12-27 16:00,1366,280,280,0,0,0
2025-12-27 16:30,1214,280,280,0,0,0
2025-12-27 17:00,1062,280,280,0,0,0
2025-12-27 17:30,910,280,280,0,0,0
2025-12-27 18:00,757,280,280,0,0,0
2025-12-27 18:30,605,280,280,0,0,0
2025-12-27 19:00,208,730,730,0,0,0
2025-12-27 19:30,0,730,384,346,0,0
2025-12-27 20:00,0,730,0,730,0,0
2025-12-27 20:30,0,730,0,730,0,0
2025-12-27 21:00,0,730,0,730,0,0
2025-12-27 21:30,0,730,0,730,0,0
2025-12-27 22:00,0,730,0,730,0,0
2025-12-27 22:30,0,730,0,730,0,0
2025-12-27 23:00,0,730,0,730,0,0
2025-12-27 23:30,0,730,0,730,0,0
2025-12-28 00:00,0,280,0,280,0,0
2025-12-28 00:30,1104,280,0,280,2208,0
2025-12-28 01:00,2208,280,0,280,2208,0
2025-12-28 01:30,3312,280,0,280,2208,0
2025-12-28 02:00,4096,280,0,280,1568,0
2025-12-28 02:30,4096,280,0,280,0,0
2025-12-28 03:00,4096,280,0,280,0,0
2025-12-28 03:30,4096,280,0,280,0,0
2025-12-28 04:00,4096,280,0,280,0,0
2025-12-28 04:30,4096,280,0,280,0,0
2025-12-28 05:00,4096,280,0,280,0,0
2025-12-28 05:30,4096,280,0,280,0,0
2025-12-28 06:00,4096,280,0,280,0,0
2025-12-28 06:30,4096,280,0,280,0,0
2025-12-28 07:00,4096,280,0,280,0,0
2025-12-28 07:30,3944,280,280,0,0,0
2025-12-28 08:00,3792,280,280,0,0,0
2025-12-28 08:30,3639,280,280,0,0,0
2025-12-28 09:00,3487,280,280,0,0,0
2025-12-28 09:30,3335,280,280,0,0,0
2025-12-28 10:00,3183,280,280,0,0,0
2025-12-28 10:30,3031,280,280,0,0,0
2025-12-28 11:00,2879,280,280,0,0,0
2025-12-28 11:30,2726,280,280,0,0,0
2025-12-28 12:00,2574,280,280,0,0,0
2025-12-28 12:30,2422,280,280,0,0,0
2025-12-28 13:00,2270,280,280,0,0,0
2025-12-28 13:30,2118,280,280,0,0,0
2025-12-28 14:00,1966,280,280,0,0,0
2025-12-28 14:30,1813,280,280,0,0,0
2025-12-28 15:00,1661,280,280,0,0,0
2025-12-28 15:30,1509,280,280,0,0,0
2025-12-28 16:00,1357,280,280,0,0,0
2025-12-28 16:30,1205,280,280,0,0,0
2025-12-28 17:00,1053,280,280,0,0,0
2025-12-28 17:30,900,280,280,0,0,0
2025-12-28 18:00,748,280,280,0,0,0
2025-12-28 18:30,596,280,280,0,0,0
2025-12-28 19:00,199,730,730,0,0,0
2025-12-28 19:30,0,730,367,363,0,0
2025-12-28 20:00,0,730,0,730,0,0
2025-12-28 20:30,0,730,0,730,0,0
2025-12-28 21:00,0,730,0,730,0,0
2025-12-28 21:30,0,730,0,730,0,0
2025-12-28 22:00,0,730,0,730,0,0
2025-12-28 22:30,0,730,0,730,0,0
2025-12-28 23:00,0,730,0,730,0,0
2025-12-28 23:30,0,730,0,730,0,0
2025-12-29 00:00,0,280,0,280,0,0
2025-12-29 00:30,1104,280,0,280,2208,0
2025-12-29 01:00,2208,280,0,280,2208,0
2025-12-29 01:30,3312,280,0,280,2208,0
2025-12-29 02:00,4096,280,0,280,1568,0
2025-12-29 02:30,4096,280,0,280,0,0
2025-12-29 03:00,4096,280,0,280,0,0
2025-12-29 03:30,4096,280,0,280,0,0
2025-12-29 04:00,4096,280,0,280,0,0
2025-12-29 04:30,4096,280,0,280,0,0
2025-12-29 05:00,4096,280,0,280,0,0
2025-12-29 05:30,4096,280,0,280,0,0
2025-12-29 06:00,4096,280,0,280,0,0
2025-12-29 06:30,4096,280,0,280,0,0
2025-12-29 07:00,4096,280,0,280,0,0
2025-12-29 07:30,3944,280,280,0,0,0
2025-12-29 08:00,3792,280,280,0,0,0
2025-12-29 08:30,3639,280,280,0,0,0
2025-12-29 09:00,3433,380,380,0,0,0
2025-12-29 09:30,3226,380,380,0,0,0
2025-12-29 10:00,3020,380,380,0,0,0
2025-12-29 10:30,2813,380,380,0,0,0
2025-12-29 11:00,2607,380,380,0,0,0
2025-12-29 11:30,2400,380,380,0,0,0
2025-12-29 12:00,2194,380,380,0,0,0
2025-12-29 12:30,1987,380,380,0,0,0
2025-12-29 13:00,1781,380,380,0,0,0
2025-12-29 13:30,1574,380,380,0,0,0
2025-12-29 14:00,1368,380,380,0,0,0
2025-12-29 14:30,1161,380,380,0,0,0
2025-12-29 15:00,955,380,380,0,0,0
2025-12-29 15:30,748,380,380,0,0,0
2025-12-29 16:00,542,380,380,0,0,0
2025-12-29 16:30,335,380,380,0,0,0
2025-12-29 17:00,129,380,380,0,0,0
2025-12-29 17:30,0,380,237,143,0,0
2025-12-29 18:00,0,280,0,280,0,0
2025-12-29 18:30,0,280,0,280,0,0
2025-12-29 19:00,0,730,0,730,0,0
2025-12-29 19:30,0,730,0,730,0,0
2025-12-29 20:00,0,730,0,730,0,0
2025-12-29 20:30,0,730,0,730,0,0
2025-12-29 21:00,0,730,0,730,0,0
2025-12-29 21:30,0,730,0,730,0,0
2025-12-29 22:00,0,730,0,730,0,0
2025-12-29 22:30,0,730,0,730,0,0
2025-12-29 23:00,0,730,0,730,0,0
2025-12-29 23:30,0,730,0,730,0,0
2025-12-30 00:00,0,280,0,280,0,0
2025-12-30 00:30,1104,280,0,280,2208,0
2025-12-30 01:00,2208,280,0,280,2208,0
2025-12-30 01:30,3312,280,0,280,2208,0
2025-12-30 02:00,4096,280,0,280,1568,0
2025-12-30 02:30,4096,280,0,280,0,0
2025-12-30 03:00,4096,280,0,280,0,0
2025-12-30 03:30,4096,280,0,280,0,0
2025-12-30 04:00,4096,280,0,280,0,0
2025-12-30 04:30,4096,280,0,280,0,0
2025-12-30 05:00,4096,280,0,280,0,0
2025-12-30 05:30,4096,280,0,280,0,0
2025-12-30 06:00,4096,280,0,280,0,0
2025-12-30 06:30,4096,280,0,280,0,0
2025-12-30 07:00,4096,280,0,280,0,0
2025-12-30 07:30,3944,280,280,0,0,0
2025-12-30 08:00,3792,280,280,0,0,0
2025-12-30 08:30,3639,280,280,0,0,0
2025-12-30 09:00,3433,380,380,0,0,0
2025-12-30 09:30,3226,380,380,0,0,0
2025-12-30 10:00,3020,380,380,0,0,0
2025-12-30 10:30,2813,380,380,0,0,0
2025-12-30 11:00,2607,380,380,0,0,0
2025-12-30 11:30,2400,380,380,0,0,0
2025-12-30 12:00,2194,380,380,0,0,0
2025-12-30 12:30,1991,380,380,0,0,7
2025-12-30 13:00,1784,380,380,0,0,0
2025-12-30 13:30,1578,380,380,0,0,0
2025-12-30 14:00,1371,380,380,0,0,0
2025-12-30 14:30,1165,380,380,0,0,0
2025-12-30 15:00,958,380,380,0,0,0
2025-12-30 15:30,752,380,380,0,0,0
2025-12-30 16:00,545,380,380,0,0,0
2025-12-30 16:30,339,380,380,0,0,0
2025-12-30 17:00,132,380,380,0,0,0
2025-12-30 17:30,0,380,243,137,0,0
2025-12-30 18:00,0,280,0,280,0,0
2025-12-30 18:30,0,280,0,280,0,0
2025-12-30 19:00,0,730,0,730,0,0
2025-12-30 19:30,0,730,0,730,0,0
2025-12-30 20:00,0,730,0,730,0,0
2025-12-30 20:30,0,730,0,730,0,0
2025-12-30 21:00,0,730,0,730,0,0
2025-12-30 21:30,0,730,0,730,0,0
2025-12-30 22:00,0,730,0,730,0,0
2025-12-30 22:30,0,730,0,730,0,0
2025-12-30 23:00,0,730,0,730,0,0
2025-12-30 23:30,0,730,0,730,0,0
2025-12-31 00:00,0,280,0,280,0,0
2025-12-31 00:30,1104,280,0,280,2208,0
2025-12-31 01:00,2208,280,0,280,2208,0
2025-12-31 01:30,3312,280,0,280,2208,0
2025-12-31 02:00,4096,280,0,280,1568,0
2025-12-31 02:30,4096,280,0,280,0,0
2025-12-31 03:00,4096,280,0,280,0,0
2025-12-31 03:30,4096,280,0,280,0,0
2025-12-31 04:00,4096,280,0,280,0,0
2025-12-31 04:30,4096,280,0,280,0,0
2025-12-31 05:00,4096,280,0,280,0,0
2025-12-31 05:30,4096,280,0,280,0,0
2025-12-31 06:00,4096,280,0,280,0,0
2025-12-31 06:30,4096,280,0,280,0,0
2025-12-31 07:00,4096,280,0,280,0,0
2025-12-31 07:30,3944,280,280,0,0,0
2025-12-31 08:00,3792,280,280,0,0,0
2025-12-31 08:30,3639,280,280,0,0,0
2025-12-31 09:00,3578,380,380,0,0,291
2025-12-31 09:30,3628,380,380,0,0,513
2025-12-31 10:00,3678,380,380,0,0,512
2025-12-31 10:30,3728,380,380,0,0,513
2025-12-31 11:00,3778,380,380,0,0,513
2025-12-31 11:30,3752,380,380,0,0,361
2025-12-31 12:00,3802,380,380,0,0,513
2025-12-31 12:30,3595,380,380,0,0,0
2025-12-31 13:00,3417,380,380,0,0,57
2025-12-31 13:30,3211,380,380,0,0,0
2025-12-31 14:00,3004,380,380,0,0,0
2025-12-31 14:30,2798,380,380,0,0,0
2025-12-31 15:00,2591,380,380,0,0,0
2025-12-31 15:30,2385,380,380,0,0,0
2025-12-31 16:00,2178,380,380,0,0,0
2025-12-31 16:30,1972,380,380,0,0,0
2025-12-31 17:00,1765,380,380,0,0,0
2025-12-31 17:30,1559,380,380,0,0,0
2025-12-31 18:00,1407,280,280,0,0,0
2025-12-31 18:30,1254,280,280,0,0,0
2025-12-31 19:00,858,730,730,0,0,0
2025-12-31 19:30,461,730,730,0,0,0
2025-12-31 20:00,64,730,730,0,0,0
2025-12-31 20:30,0,730,118,612,0,0
2025-12-31 21:00,0,730,0,730,0,0
2025-12-31 21:30,0,730,0,730,0,0
2025-12-31 22:00,0,730,0,730,0,0
2025-12-31 22:30,0,730,0,730,0,0
2025-12-31 23:00,0,730,0,730,0,0
2025-12-31 23:30,0,730,0,730,0,0
2026-01-01 00:00,0,280,0,280,0,0
2026-01-01 00:30,1104,280,0,280,2208,0
2026-01-01 01:00,2208,280,0,280,2208,0
2026-01-01 01:30,3312,280,0,280,2208,0
2026-01-01 02:00,4096,280,0,280,1568,0
2026-01-01 02:30,4096,280,0,280,0,0
2026-01-01 03:00,4096,280,0,280,0,0
2026-01-01 03:30,4096,280,0,280,0,0
2026-01-01 04:00,4096,280,0,280,0,0
2026-01-01 04:30,4096,280,0,280,0,0
2026-01-01 05:00,4096,280,0,280,0,0
2026-01-01 05:30,4096,280,0,280,0,0
2026-01-01 06:00,4096,280,0,280,0,0
2026-01-01 06:30,4096,280,0,280,0,0
2026-01-01 07:00,4096,280,0,280,0,0
2026-01-01 07:30,3944,280,280,0,0,0
2026-01-01 08:00,3792,280,280,0,0,0
2026-01-01 08:30,3639,280,280,0,0,0
2026-01-01 09:00,3433,380,380,0,0,0
2026-01-01 09:30,3226,380,380,0,0,0
2026-01-01 10:00,3044,380,380,0,0,48
2026-01-01 10:30,2899,380,380,0,0,123
2026-01-01 11:00,2746,380,380,0,0,107
2026-01-01 11:30,2663,380,380,0,0,247
2026-01-01 12:00,2488,380,380,0,0,64
2026-01-01 12:30,2282,380,380,0,0,0
2026-01-01 13:00,2075,380,380,0,0,0
2026-01-01 13:30,1869,380,380,0,0,0
2026-01-01 14:00,1662,380,380,0,0,0
2026-01-01 14:30,1456,380,380,0,0,0
2026-01-01 15:00,1249,380,380,0,0,0
2026-01-01 15:30,1043,380,380,0,0,0
2026-01-01 16:00,836,380,380,0,0,0
2026-01-01 16:30,630,380,380,0,0,0
2026-01-01 17:00,423,380,380,0,0,0
2026-01-01 17:30,216,380,380,0,0,0
2026-01-01 18:00,64,280,280,0,0,0
2026-01-01 18:30,0,280,118,162,0,0
2026-01-01 19:00,0,730,0,730,0,0
2026-01-01 19:30,0,730,0,730,0,0
2026-01-01 20:00,0,730,0,730,0,0
2026-01-01 20:30,0,730,0,730,0,0
2026-01-01 21:00,0,730,0,730,0,0
2026-01-01 21:30,0,730,0,730,0,0
2026-01-01 22:00,0,730,0,730,0,0
2026-01-01 22:30,0,730,0,730,0,0
2026-01-01 23:00,0,730,0,730,0,0
2026-01-01 23:30,0,730,0,730,0,0
2026-01-02 00:00,0,280,0,280,0,0
2026-01-02 00:30,1104,280,0,280,2208,0
2026-01-02 01:00,2208,280,0,280,2208,0
2026-01-02 01:30,3312,280,0,280,2208,0
2026-01-02 02:00,4096,280,0,280,1568,0
2026-01-02 02:30,4096,280,0,280,0,0
2026-01-02 03:00,4096,280,0,280,0,0
2026-01-02 03:30,4096,280,0,280,0,0
2026-01-02 04:00,4096,280,0,280,0,0
2026-01-02 04:30,4096,280,0,280,0,0
2026-01-02 05:00,4096,280,0,280,0,0
2026-01-02 05:30,4096,280,0,280,0,0
2026-01-02 06:00,4096,280,0,280,0,0
2026-01-02 06:30,4096,280,0,280,0,0
2026-01-02 07:00,4096,280,0,280,0,0
2026-01-02 07:30,3944,280,280,0,0,0
2026-01-02 08:00,3792,280,280,0,0,0
2026-01-02 08:30,3639,280,280,0,0,0
2026-01-02 09:00,3551,380,380,0,0,236
2026-01-02 09:30,3600,380,380,0,0,512
2026-01-02 10:00,3650,380,380,0,0,513
2026-01-02 10:30,3700,380,380,0,0,513
2026-01-02 11:00,3750,380,380,0,0,513
2026-01-02 11:30,3756,380,380,0,0,425
2026-01-02 12:00,3807,380,380,0,0,513
2026-01-02 12:30,3857,380,380,0,0,513
2026-01-02 13:00,3889,380,380,0,0,479
2026-01-02 13:30,3889,380,380,0,0,413
2026-01-02 14:00,3705,380,380,0,0,44
2026-01-02 14:30,3499,380,380,0,0,0
2026-01-02 15:00,3292,380,380,0,0,0
2026-01-02 15:30,3085,380,380,0,0,0
2026-01-02 16:00,2879,380,380,0,0,0
2026-01-02 16:30,2672,380,380,0,0,0
2026-01-02 17:00,2466,380,380,0,0,0
2026-01-02 17:30,2259,380,380,0,0,0
2026-01-02 18:00,2107,280,280,0,0,0
2026-01-02 18:30,1955,280,280,0,0,0
2026-01-02 19:00,1558,730,730,0,0,0
2026-01-02 19:30,1162,730,730,0,0,0
2026-01-02 20:00,765,730,730,0,0,0
2026-01-02 20:30,368,730,730,0,0,0
2026-01-02 21:00,0,730,677,53,0,0
2026-01-02 21:30,0,730,0,730,0,0
2026-01-02 22:00,0,730,0,730,0,0
2026-01-02 22:30,0,730,0,730,0,0
2026-01-02 23:00,0,730,0,730,0,0
2026-01-02 23:30,0,730,0,730,0,0
2026-01-03 00:00,0,280,0,280,0,0
2026-01-03 00:30,1104,280,0,280,2208,0
2026-01-03 01:00,2208,280,0,280,2208,0
2026-01-03 01:30,3312,280,0,280,2208,0
2026-01-03 02:00,4096,280,0,280,1568,0
2026-01-03 02:30,4096,280,0,280,0,0
2026-01-03 03:00,4096,280,0,280,0,0
2026-01-03 03:30,4096,280,0,280,0,0
2026-01-03 04:00,4096,280,0,280,0,0
2026-01-03 04:30,4096,280,0,280,0,0
2026-01-03 05:00,4096,280,0,280,0,0
2026-01-03 05:30,4096,280,0,280,0,0
2026-01-03 06:00,4096,280,0,280,0,0
2026-01-03 06:30,4096,280,0,280,0,0
2026-01-03 07:00,4096,280,0,280,0,0
2026-01-03 07:30,3944,280,280,0,0,0
2026-01-03 08:00,3792,280,280,0,0,0
2026-01-03 08:30,3639,280,280,0,0,0
2026-01-03 09:00,3624,280,280,0,0,274
2026-01-03 09:30,3728,280,280,0,0,512
2026-01-03 10:00,3832,280,280,0,0,513
2026-01-03 10:30,3937,280,280,0,0,513
2026-01-03 11:00,3944,280,280,0,0,318
2026-01-03 11:30,3944,280,280,0,0,304
2026-01-03 12:00,3944,280,280,0,0,304
2026-01-03 12:30,3944,280,280,0,0,304
2026-01-03 13:00,3792,280,280,0,0,0
2026-01-03 13:30,3678,280,280,0,0,77
2026-01-03 14:00,3587,280,280,0,0,121
2026-01-03 14:30,3434,280,280,0,0,0
2026-01-03 15:00,3282,280,280,0,0,0
2026-01-03 15:30,3130,280,280,0,0,0
2026-01-03 16:00,2978,280,280,0,0,0
2026-01-03 16:30,2826,280,280,0,0,0
2026-01-03 17:00,2674,280,280,0,0,0
2026-01-03 17:30,2521,280,280,0,0,0
2026-01-03 18:00,2369,280,280,0,0,0
2026-01-03 18:30,2217,280,280,0,0,0
2026-01-03 19:00,1820,730,730,0,0,0
2026-01-03 19:30,1424,730,730,0,0,0
2026-01-03 20:00,1027,730,730,0,0,0
2026-01-03 20:30,630,730,730,0,0,0
2026-01-03 21:00,233,730,730,0,0,0
2026-01-03 21:30,0,730,429,301,0,0
2026-01-03 22:00,0,730,0,730,0,0
2026-01-03 22:30,0,730,0,730,0,0
2026-01-03 23:00,0,730,0,730,0,0
2026-01-03 23:30,0,730,0,730,0,0
2026-01-04 00:00,0,280,0,280,0,0
2026-01-04 00:30,1104,280,0,280,2208,0
2026-01-04 01:00,2208,280,0,280,2208,0
2026-01-04 01:30,3312,280,0,280,2208,0
2026-01-04 02:00,4096,280,0,280,1568,0
2026-01-04 02:30,4096,280,0,280,0,0
2026-01-04 03:00,4096,280,0,280,0,0
2026-01-04 03:30,4096,280,0,280,0,0
2026-01-04 04:00,4096,280,0,280,0,0
2026-01-04 04:30,4096,280,0,280,0,0
2026-01-04 05:00,4096,280,0,280,0,0
2026-01-04 05:30,4096,280,0,280,0,0
2026-01-04 06:00,4096,280,0,280,0,0
2026-01-04 06:30,4096,280,0,280,0,0
2026-01-04 07:00,4096,280,0,280,0,0
2026-01-04 07:30,3944,280,280,0,0,0
2026-01-04 08:00,3792,280,280,0,0,0
2026-01-04 08:30,3639,280,280,0,0,0
2026-01-04 09:00,3652,280,280,0,0,329
2026-01-04 09:30,3756,280,280,0,0,513
2026-01-04 10:00,3809,280,280,0,0,410
2026-01-04 10:30,3781,280,280,0,0,247
2026-01-04 11:00,3885,280,280,0,0,513
2026-01-04 11:30,3922,280,280,0,0,379
2026-01-04 12:00,3792,280,280,0,0,44
2026-01-04 12:30,3896,280,280,0,0,512
2026-01-04 13:00,3744,280,280,0,0,0
2026-01-04 13:30,3592,280,280,0,0,0
2026-01-04 14:00,3439,280,280,0,0,0
2026-01-04 14:30,3287,280,280,0,0,0
2026-01-04 15:00,3135,280,280,0,0,0
2026-01-04 15:30,2983,280,280,0,0,0
2026-01-04 16:00,2831,280,280,0,0,0
2026-01-04 16:30,2679,280,280,0,0,0
2026-01-04 17:00,2526,280,280,0,0,0
2026-01-04 17:30,2374,280,280,0,0,0
2026-01-04 18:00,2222,280,280,0,0,0
2026-01-04 18:30,2070,280,280,0,0,0
2026-01-04 19:00,1755,580,580,0,0,0
2026-01-04 19:30,1439,580,580,0,0,0
2026-01-04 20:00,1124,580,580,0,0,0
2026-01-04 20:30,809,580,580,0,0,0
2026-01-04 21:00,494,580,580,0,0,0
2026-01-04 21:30,179,580,580,0,0,0
2026-01-04 22:00,0,580,329,251,0,0
2026-01-04 22:30,0,580,0,580,0,0
2026-01-04 23:00,0,280,0,280,0,0
2026-01-04 23:30,0,280,0,280,0,0
2026-01-05 00:00,0,280,0,280,0,0
2026-01-05 00:30,1104,280,0,280,2208,0
2026-01-05 01:00,2208,280,0,280,2208,0
2026-01-05 01:30,3312,280,0,280,2208,0
2026-01-05 02:00,4096,280,0,280,1568,0
2026-01-05 02:30,4096,280,0,280,0,0
2026-01-05 03:00,4096,280,0,280,0,0
2026-01-05 03:30,4096,280,0,280,0,0
2026-01-05 04:00,4096,280,0,280,0,0
2026-01-05 04:30,4096,280,0,280,0,0
2026-01-05 05:00,4096,280,0,280,0,0
2026-01-05 05:30,4096,280,0,280,0,0
2026-01-05 06:00,4096,280,0,280,0,0
2026-01-05 06:30,4096,280,0,280,0,0
2026-01-05 07:00,4096,280,0,280,0,0
2026-01-05 07:30,3944,280,280,0,0,0
2026-01-05 08:00,3792,280,280,0,0,0
2026-01-05 08:30,3639,280,280,0,0,0
2026-01-05 09:00,3433,380,380,0,0,0
2026-01-05 09:30,3252,380,380,0,0,52
2026-01-05 10:00,3294,380,380,0,0,497
2026-01-05 10:30,3344,380,380,0,0,513
2026-01-05 11:00,3394,380,380,0,0,513
2026-01-05 11:30,3408,380,380,0,0,440
2026-01-05 12:00,3458,380,380,0,0,513
2026-01-05 12:30,3508,380,380,0,0,513
2026-01-05 13:00,3557,380,380,0,0,512
2026-01-05 13:30,3521,380,380,0,0,340
2026-01-05 14:00,3359,380,380,0,0,88
2026-01-05 14:30,3152,380,380,0,0,0
2026-01-05 15:00,2946,380,380,0,0,0
2026-01-05 15:30,2739,380,380,0,0,0
2026-01-05 16:00,2533,380,380,0,0,0
2026-01-05 16:30,2326,380,380,0,0,0
2026-01-05 17:00,2119,380,380,0,0,0
2026-01-05 17:30,1913,380,380,0,0,0
2026-01-05 18:00,1761,280,280,0,0,0
2026-01-05 18:30,1609,280,280,0,0,0
2026-01-05 19:00,1293,580,580,0,0,0
2026-01-05 19:30,978,580,580,0,0,0
2026-01-05 20:00,663,580,580,0,0,0
2026-01-05 20:30,348,580,580,0,0,0
2026-01-05 21:00,33,580,580,0,0,0
2026-01-05 21:30,0,580,60,520,0,0
2026-01-05 22:00,0,580,0,580,0,0
2026-01-05 22:30,0,580,0,580,0,0
2026-01-05 23:00,0,280,0,280,0,0
2026-01-05 23:30,0,280,0,280,0,0
2026-01-06 00:00,0,280,0,280,0,0
2026-01-06 00:30,1104,280,0,280,2208,0
2026-01-06 01:00,2208,280,0,280,2208,0
2026-01-06 01:30,3312,280,0,280,2208,0
2026-01-06 02:00,4096,280,0,280,1568,0
2026-01-06 02:30,4096,280,0,280,0,0
2026-01-06 03:00,4096,280,0,280,0,0
2026-01-06 03:30,4096,280,0,280,0,0
2026-01-06 04:00,4096,280,0,280,0,0
2026-01-06 04:30,4096,280,0,280,0,0
2026-01-06 05:00,4096,280,0,280,0,0
2026-01-06 05:30,4096,280,0,280,0,0
2026-01-06 06:00,4096,280,0,280,0,0
2026-01-06 06:30,4096,280,0,280,0,0
2026-01-06 07:00,4096,280,0,280,0,0
2026-01-06 07:30,3944,280,280,0,0,0
2026-01-06 08:00,3792,280,280,0,0,0
2026-01-06 08:30,3639,280,280,0,0,0
2026-01-06 09:00,3433,380,380,0,0,0
2026-01-06 09:30,3226,380,380,0,0,0
2026-01-06 10:00,3020,380,380,0,0,0
2026-01-06 10:30,2813,380,380,0,0,0
2026-01-06 11:00,2607,380,380,0,0,0
2026-01-06 11:30,2400,380,380,0,0,0
2026-01-06 12:00,2382,380,380,0,0,375
2026-01-06 12:30,2276,380,380,0,0,202
2026-01-06 13:00,2070,380,380,0,0,0
2026-01-06 13:30,1863,380,380,0,0,0
2026-01-06 14:00,1657,380,380,0,0,0
2026-01-06 14:30,1450,380,380,0,0,0
2026-01-06 15:00,1244,380,380,0,0,0
2026-01-06 15:30,1037,380,380,0,0,0
2026-01-06 16:00,831,380,380,0,0,0
2026-01-06 16:30,624,380,380,0,0,0
2026-01-06 17:00,417,380,380,0,0,0
2026-01-06 17:30,211,380,380,0,0,0
2026-01-06 18:00,59,280,280,0,0,0
2026-01-06 18:30,0,280,108,172,0,0
2026-01-06 19:00,0,730,0,730,0,0
2026-01-06 19:30,0,730,0,730,0,0
2026-01-06 20:00,0,730,0,730,0,0
2026-01-06 20:30,0,730,0,730,0,0
2026-01-06 21:00,0,730,0,730,0,0
2026-01-06 21:30,0,730,0,730,0,0
2026-01-06 22:00,0,730,0,730,0,0
2026-01-06 22:30,0,730,0,730,0,0
2026-01-06 23:00,0,730,0,730,0,0
2026-01-06 23:30,0,730,0,730,0,0
2026-01-07 00:00,0,280,0,280,0,0
2026-01-07 00:30,1104,280,0,280,2208,0
2026-01-07 01:00,2208,280,0,280,2208,0
2026-01-07 01:30,3312,280,0,280,2208,0
2026-01-07 02:00,4096,280,0,280,1568,0
2026-01-07 02:30,4096,280,0,280,0,0
2026-01-07 03:00,4096,280,0,280,0,0
2026-01-07 03:30,4096,280,0,280,0,0
2026-01-07 04:00,4096,280,0,280,0,0
2026-01-07 04:30,4096,280,0,280,0,0
2026-01-07 05:00,4096,280,0,280,0,0
2026-01-07 05:30,4096,280,0,280,0,0
2026-01-07 06:00,4096,280,0,280,0,0
2026-01-07 06:30,4096,280,0,280,0,0
2026-01-07 07:00,4096,280,0,280,0,0
2026-01-07 07:30,3944,280,280,0,0,0
2026-01-07 08:00,3792,280,280,0,0,0
2026-01-07 08:30,3639,280,280,0,0,0
2026-01-07 09:00,3433,380,380,0,0,0
2026-01-07 09:30,3226,380,380,0,0,0
2026-01-07 10:00,3020,380,380,0,0,0
2026-01-07 10:30,2813,380,380,0,0,0
2026-01-07 11:00,2607,380,380,0,0,0
2026-01-07 11:30,2400,380,380,0,0,0
2026-01-07 12:00,2194,380,380,0,0,0
2026-01-07 12:30,1987,380,380,0,0,0
2026-01-07 13:00,1781,380,380,0,0,0
2026-01-07 13:30,1574,380,380,0,0,0
2026-01-07 14:00,1368,380,380,0,0,0
2026-01-07 14:30,1161,380,380,0,0,0
2026-01-07 15:00,955,380,380,0,0,0
2026-01-07 15:30,748,380,380,0,0,0
2026-01-07 16:00,542,380,380,0,0,0
2026-01-07 16:30,335,380,380,0,0,0
2026-01-07 17:00,129,380,380,0,0,0
2026-01-07 17:30,0,380,237,143,0,0
2026-01-07 18:00,0,280,0,280,0,0
2026-01-07 18:30,0,280,0,280,0,0
2026-01-07 19:00,0,580,0,580,0,0
2026-01-07 19:30,0,580,0,580,0,0
2026-01-07 20:00,0,580,0,580,0,0
2026-01-07 20:30,0,580,0,580,0,0
2026-01-07 21:00,0,580,0,580,0,0
2026-01-07 21:30,0,580,0,580,0,0
2026-01-07 22:00,0,580,0,580,0,0
2026-01-07 22:30,0,580,0,580,0,0
2026-01-07 23:00,0,280,0,280,0,0
2026-01-07 23:30,0,280,0,280,0,0
2026-01-08 00:00,0,280,0,280,0,0
2026-01-08 00:30,1104,280,0,280,2208,0
2026-01-08 01:00,2208,280,0,280,2208,0
2026-01-08 01:30,3312,280,0,280,2208,0
2026-01-08 02:00,4096,280,0,280,1568,0
2026-01-08 02:30,4096,280,0,280,0,0
2026-01-08 03:00,4096,280,0,280,0,0
2026-01-08 03:30,4096,280,0,280,0,0
2026-01-08 04:00,4096,280,0,280,0,0
2026-01-08 04:30,4096,280,0,280,0,0
2026-01-08 05:00,4096,280,0,280,0,0
2026-01-08 05:30,4096,280,0,280,0,0
2026-01-08 06:00,4096,280,0,280,0,0
2026-01-08 06:30,4096,280,0,280,0,0
2026-01-08 07:00,4096,280,0,280,0,0
2026-01-08 07:30,3944,280,280,0,0,0
2026-01-08 08:00,3792,280,280,0,0,0
2026-01-08 08:30,3639,280,280,0,0,0
2026-01-08 09:00,3433,380,380,0,0,0
2026-01-08 09:30,3226,380,380,0,0,0
2026-01-08 10:00,3020,380,380,0,0,0
2026-01-08 10:30,2813,380,380,0,0,0
2026-01-08 11:00,2607,380,380,0,0,0
2026-01-08 11:30,2400,380,380,0,0,0
2026-01-08 12:00,2194,380,380,0,0,0
2026-01-08 12:30,1987,380,380,0,0,0
2026-01-08 13:00,1781,380,380,0,0,0
2026-01-08 13:30,1574,380,380,0,0,0
2026-01-08 14:00,1368,380,380,0,0,0
2026-01-08 14:30,1161,380,380,0,0,0
2026-01-08 15:00,955,380,380,0,0,0
2026-01-08 15:30,748,380,380,0,0,0
2026-01-08 16:00,542,380,380,0,0,0
2026-01-08 16:30,335,380,380,0,0,0
2026-01-08 17:00,129,380,380,0,0,0
2026-01-08 17:30,0,380,237,143,0,0
2026-01-08 18:00,0,280,0,280,0,0
2026-01-08 18:30,0,280,0,280,0,0
2026-01-08 19:00,0,460,0,460,0,0
2026-01-08 19:30,0,460,0,460,0,0
2026-01-08 20:00,0,460,0,460,0,0
2026-01-08 20:30,0,460,0,460,0,0
2026-01-08 21:00,0,460,0,460,0,0
2026-01-08 21:30,0,460,0,460,0,0
2026-01-08 22:00,0,280,0,280,0,0
2026-01-08 22:30,0,280,0,280,0,0
2026-01-08 23:00,0,280,0,280,0,0
2026-01-08 23:30,0,280,0,280,0,0
2026-01-09 00:00,0,280,0,280,0,0
2026-01-09 00:30,1104,280,0,280,2208,0
2026-01-09 01:00,2208,280,0,280,2208,0
2026-01-09 01:30,3312,280,0,280,2208,0
2026-01-09 02:00,4096,280,0,280,1568,0
2026-01-09 02:30,4096,280,0,280,0,0
2026-01-09 03:00,4096,280,0,280,0,0
2026-01-09 03:30,4096,280,0,280,0,0
2026-01-09 04:00,4096,280,0,280,0,0
2026-01-09 04:30,4096,280,0,280,0,0
2026-01-09 05:00,4096,280,0,280,0,0
2026-01-09 05:30,4096,280,0,280,0,0
2026-01-09 06:00,4096,280,0,280,0,0
2026-01-09 06:30,4096,280,0,280,0,0
2026-01-09 07:00,4096,280,0,280,0,0
2026-01-09 07:30,3944,280,280,0,0,0
2026-01-09 08:00,3792,280,280,0,0,0
2026-01-09 08:30,3639,280,280,0,0,0
2026-01-09 09:00,3433,380,380,0,0,0
2026-01-09 09:30,3226,380,380,0,0,0
2026-01-09 10:00,3020,380,380,0,0,0
2026-01-09 10:30,2828,380,380,0,0,29
2026-01-09 11:00,2622,380,380,0,0,0
2026-01-09 11:30,2415,380,380,0,0,0
2026-01-09 12:00,2209,380,380,0,0,0
2026-01-09 12:30,2002,380,380,0,0,0
2026-01-09 13:00,1798,380,380,0,0,6
2026-01-09 13:30,1592,380,380,0,0,0
2026-01-09 14:00,1385,380,380,0,0,0
2026-01-09 14:30,1179,380,380,0,0,0
2026-01-09 15:00,972,380,380,0,0,0
2026-01-09 15:30,766,380,380,0,0,0
2026-01-09 16:00,559,380,380,0,0,0
2026-01-09 16:30,353,380,380,0,0,0
2026-01-09 17:00,146,380,380,0,0,0
2026-01-09 17:30,0,380,269,111,0,0
2026-01-09 18:00,0,280,0,280,0,0
2026-01-09 18:30,0,280,0,280,0,0
2026-01-09 19:00,0,730,0,730,0,0
2026-01-09 19:30,0,730,0,730,0,0
2026-01-09 20:00,0,730,0,730,0,0
2026-01-09 20:30,0,730,0,730,0,0
2026-01-09 21:00,0,730,0,730,0,0
2026-01-09 21:30,0,730,0,730,0,0
2026-01-09 22:00,0,730,0,730,0,0
2026-01-09 22:30,0,730,0,730,0,0
2026-01-09 23:00,0,730,0,730,0,0
2026-01-09 23:30,0,730,0,730,0,0
2026-01-10 00:00,0,280,0,280,0,0
2026-01-10 00:30,1104,280,0,280,2208,0
2026-01-10 01:00,2208,280,0,280,2208,0
2026-01-10 01:30,3312,280,0,280,2208,0
2026-01-10 02:00,4096,280,0,280,1568,0
2026-01-10 02:30,4096,280,0,280,0,0
2026-01-10 03:00,4096,280,0,280,0,0
2026-01-10 03:30,4096,280,0,280,0,0
2026-01-10 04:00,4096,280,0,280,0,0
2026-01-10 04:30,4096,280,0,280,0,0
2026-01-10 05:00,4096,280,0,280,0,0
2026-01-10 05:30,4096,280,0,280,0,0
2026-01-10 06:00,4096,280,0,280,0,0
2026-01-10 06:30,4096,280,0,280,0,0
2026-01-10 07:00,4096,280,0,280,0,0
2026-01-10 07:30,3944,280,280,0,0,0
2026-01-10 08:00,3792,280,280,0,0,0
2026-01-10 08:30,3639,280,280,0,0,0
2026-01-10 09:00,3695,280,280,0,0,416
2026-01-10 09:30,3543,280,280,0,0,0
2026-01-10 10:00,3648,280,280,0,0,513
2026-01-10 10:30,3752,280,280,0,0,513
2026-01-10 11:00,3783,280,280,0,0,366
2026-01-10 11:30,3776,280,280,0,0,291
2026-01-10 12:00,3624,280,280,0,0,0
2026-01-10 12:30,3629,280,280,0,0,315
2026-01-10 13:00,3734,280,280,0,0,513
2026-01-10 13:30,3813,280,280,0,0,464
2026-01-10 14:00,3661,280,280,0,0,0
2026-01-10 14:30,3509,280,280,0,0,0
2026-01-10 15:00,3357,280,280,0,0,0
2026-01-10 15:30,3205,280,280,0,0,0
2026-01-10 16:00,3052,280,280,0,0,0
2026-01-10 16:30,2900,280,280,0,0,0
2026-01-10 17:00,2748,280,280,0,0,0
2026-01-10 17:30,2596,280,280,0,0,0
2026-01-10 18:00,2444,280,280,0,0,0
2026-01-10 18:30,2292,280,280,0,0,0
2026-01-10 19:00,1976,580,580,0,0,0
2026-01-10 19:30,1661,580,580,0,0,0
2026-01-10 20:00,1346,580,580,0,0,0
2026-01-10 20:30,1031,580,580,0,0,0
2026-01-10 21:00,715,580,580,0,0,0
2026-01-10 21:30,400,580,580,0,0,0
2026-01-10 22:00,85,580,580,0,0,0
2026-01-10 22:30,0,580,156,424,0,0
2026-01-10 23:00,0,280,0,280,0,0
2026-01-10 23:30,0,280,0,280,0,0
2026-01-11 00:00,0,280,0,280,0,0
2026-01-11 00:30,1104,280,0,280,2208,0
2026-01-11 01:00,2208,280,0,280,2208,0
2026-01-11 01:30,3312,280,0,280,2208,0
2026-01-11 02:00,4096,280,0,280,1568,0
2026-01-11 02:30,4096,280,0,280,0,0
2026-01-11 03:00,4096,280,0,280,0,0
2026-01-11 03:30,4096,280,0,280,0,0
2026-01-11 04:00,4096,280,0,280,0,0
2026-01-11 04:30,4096,280,0,280,0,0
2026-01-11 05:00,4096,280,0,280,0,0
2026-01-11 05:30,4096,280,0,280,0,0
2026-01-11 06:00,4096,280,0,280,0,0
2026-01-11 06:30,4096,280,0,280,0,0
2026-01-11 07:00,4096,280,0,280,0,0
2026-01-11 07:30,3944,280,280,0,0,0
2026-01-11 08:00,3792,280,280,0,0,0
2026-01-11 08:30,3639,280,280,0,0,0
2026-01-11 09:00,3487,280,280,0,0,0
2026-01-11 09:30,3335,280,280,0,0,0
2026-01-11 10:00,3183,280,280,0,0,0
2026-01-11 10:30,3031,280,280,0,0,0
2026-01-11 11:00,2879,280,280,0,0,0
2026-01-11 11:30,2726,280,280,0,0,0
2026-01-11 12:00,2574,280,280,0,0,0
2026-01-11 12:30,2422,280,280,0,0,0
2026-01-11 13:00,2270,280,280,0,0,0
2026-01-11 13:30,2118,280,280,0,0,0
2026-01-11 14:00,1966,280,280,0,0,0
2026-01-11 14:30,1813,280,280,0,0,0
2026-01-11 15:00,1661,280,280,0,0,0
2026-01-11 15:30,1509,280,280,0,0,0
2026-01-11 16:00,1357,280,280,0,0,0
2026-01-11 16:30,1205,280,280,0,0,0
2026-01-11 17:00,1053,280,280,0,0,0
2026-01-11 17:30,900,280,280,0,0,0
2026-01-11 18:00,748,280,280,0,0,0
2026-01-11 18:30,596,280,280,0,0,0
2026-01-11 19:00,346,460,460,0,0,0
2026-01-11 19:30,96,460,460,0,0,0
2026-01-11 20:00,0,460,177,283,0,0
2026-01-11 20:30,0,460,0,460,0,0
2026-01-11 21:00,0,460,0,460,0,0
2026-01-11 21:30,0,460,0,460,0,0
2026-01-11 22:00,0,280,0,280,0,0
2026-01-11 22:30,0,280,0,280,0,0
2026-01-11 23:00,0,280,0,280,0,0
2026-01-11 23:30,0,280,0,280,0,0
2026-01-12 00:00,0,280,0,280,0,0
2026-01-12 00:30,1104,280,0,280,2208,0
2026-01-12 01:00,2208,280,0,280,2208,0
2026-01-12 01:30,3312,280,0,280,2208,0
2026-01-12 02:00,4096,280,0,280,1568,0
2026-01-12 02:30,4096,280,0,280,0,0
2026-01-12 03:00,4096,280,0,280,0,0
2026-01-12 03:30,4096,280,0,280,0,0
2026-01-12 04:00,4096,280,0,280,0,0
2026-01-12 04:30,4096,280,0,280,0,0
2026-01-12 05:00,4096,280,0,280,0,0
2026-01-12 05:30,4096,280,0,280,0,0
2026-01-12 06:00,4096,280,0,280,0,0
2026-01-12 06:30,4096,280,0,280,0,0
2026-01-12 07:00,4096,280,0,280,0,0
2026-01-12 07:30,3944,280,280,0,0,0
2026-01-12 08:00,3792,280,280,0,0,0
2026-01-12 08:30,3639,280,280,0,0,0
2026-01-12 09:00,3433,380,380,0,0,0
2026-01-12 09:30,3226,380,380,0,0,0
2026-01-12 10:00,3020,380,380,0,0,0
2026-01-12 10:30,2813,380,380,0,0,0
2026-01-12 11:00,2607,380,380,0,0,0
2026-01-12 11:30,2400,380,380,0,0,0
2026-01-12 12:00,2323,380,380,0,0,258
2026-01-12 12:30,2167,380,380,0,0,101
2026-01-12 13:00,2034,380,380,0,0,147
2026-01-12 13:30,1917,380,380,0,0,178
2026-01-12 14:00,1807,380,380,0,0,193
2026-01-12 14:30,1600,380,380,0,0,0
2026-01-12 15:00,1394,380,380,0,0,0
2026-01-12 15:30,1187,380,380,0,0,0
2026-01-12 16:00,980,380,380,0,0,0
2026-01-12 16:30,774,380,380,0,0,0
2026-01-12 17:00,567,380,380,0,0,0
2026-01-12 17:30,361,380,380,0,0,0
2026-01-12 18:00,209,280,280,0,0,0
2026-01-12 18:30,57,280,280,0,0,0
2026-01-12 19:00,0,460,104,356,0,0
2026-01-12 19:30,0,460,0,460,0,0
2026-01-12 20:00,0,460,0,460,0,0
2026-01-12 20:30,0,460,0,460,0,0
2026-01-12 21:00,0,460,0,460,0,0
2026-01-12 21:30,0,460,0,460,0,0
2026-01-12 22:00,0,280,0,280,0,0
2026-01-12 22:30,0,280,0,280,0,0
2026-01-12 23:00,0,280,0,280,0,0
2026-01-12 23:30,0,280,0,280,0,0
2026-01-13 00:00,0,280,0,280,0,0
2026-01-13 00:30,1104,280,0,280,2208,0
2026-01-13 01:00,2208,280,0,280,2208,0
2026-01-13 01:30,3312,280,0,280,2208,0
2026-01-13 02:00,4096,280,0,280,1568,0
2026-01-13 02:30,4096,280,0,280,0,0
2026-01-13 03:00,4096,280,0,280,0,0
2026-01-13 03:30,4096,280,0,280,0,0
2026-01-13 04:00,4096,280,0,280,0,0
2026-01-13 04:30,4096,280,0,280,0,0
2026-01-13 05:00,4096,280,0,280,0,0
2026-01-13 05:30,4096,280,0,280,0,0
2026-01-13 06:00,4096,280,0,280,0,0
2026-01-13 06:30,4096,280,0,280,0,0
2026-01-13 07:00,4096,280,0,280,0,0
2026-01-13 07:30,3944,280,280,0,0,0
2026-01-13 08:00,3792,280,280,0,0,0
2026-01-13 08:30,3639,280,280,0,0,0
2026-01-13 09:00,3433,380,380,0,0,0
2026-01-13 09:30,3226,380,380,0,0,0
2026-01-13 10:00,3020,380,380,0,0,0
2026-01-13 10:30,2813,380,380,0,0,0
2026-01-13 11:00,2607,380,380,0,0,0
2026-01-13 11:30,2400,380,380,0,0,0
2026-01-13 12:00,2194,380,380,0,0,0
2026-01-13 12:30,1987,380,380,0,0,0
2026-01-13 13:00,1781,380,380,0,0,0
2026-01-13 13:30,1574,380,380,0,0,0
2026-01-13 14:00,1368,380,380,0,0,0
2026-01-13 14:30,1161,380,380,0,0,0
2026-01-13 15:00,955,380,380,0,0,0
2026-01-13 15:30,748,380,380,0,0,0
2026-01-13 16:00,542,380,380,0,0,0
2026-01-13 16:30,335,380,380,0,0,0
2026-01-13 17:00,129,380,380,0,0,0
2026-01-13 17:30,0,380,237,143,0,0
2026-01-13 18:00,0,280,0,280,0,0
2026-01-13 18:30,0,280,0,280,0,0
2026-01-13 19:00,0,460,0,460,0,0
2026-01-13 19:30,0,460,0,460,0,0
2026-01-13 20:00,0,460,0,460,0,0
2026-01-13 20:30,0,460,0,460,0,0
2026-01-13 21:00,0,460,0,460,0,0
2026-01-13 21:30,0,460,0,460,0,0
2026-01-13 22:00,0,280,0,280,0,0
2026-01-13 22:30,0,280,0,280,0,0
2026-01-13 23:00,0,280,0,280,0,0
2026-01-13 23:30,0,280,0,280,0,0
2026-01-14 00:00,0,280,0,280,0,0
2026-01-14 00:30,1104,280,0,280,2208,0
2026-01-14 01:00,2208,280,0,280,2208,0
2026-01-14 01:30,3312,280,0,280,2208,0
2026-01-14 02:00,4096,280,0,280,1568,0
2026-01-14 02:30,4096,280,0,280,0,0
2026-01-14 03:00,4096,280,0,280,0,0
2026-01-14 03:30,4096,280,0,280,0,0
2026-01-14 04:00,4096,280,0,280,0,0
2026-01-14 04:30,4096,280,0,280,0,0
2026-01-14 05:00,4096,280,0,280,0,0
2026-01-14 05:30,4096,280,0,280,0,0
2026-01-14 06:00,4096,280,0,280,0,0
2026-01-14 06:30,4096,280,0,280,0,0
2026-01-14 07:00,4096,280,0,280,0,0
2026-01-14 07:30,3944,280,280,0,0,0
2026-01-14 08:00,3792,280,280,0,0,0
2026-01-14 08:30,3639,280,280,0,0,0
2026-01-14 09:00,3657,380,380,0,0,447
2026-01-14 09:30,3537,380,380,0,0,175
2026-01-14 10:00,3439,380,380,0,0,215
2026-01-14 10:30,3489,380,380,0,0,513
2026-01-14 11:00,3532,380,380,0,0,500
2026-01-14 11:30,3473,380,380,0,0,294
2026-01-14 12:00,3517,380,380,0,0,500
2026-01-14 12:30,3426,380,380,0,0,232
2026-01-14 13:00,3298,380,380,0,0,156
2026-01-14 13:30,3190,380,380,0,0,197
2026-01-14 14:00,3073,380,380,0,0,180
2026-01-14 14:30,2883,380,380,0,0,31
2026-01-14 15:00,2676,380,380,0,0,0
2026-01-14 15:30,2469,380,380,0,0,0
2026-01-14 16:00,2263,380,380,0,0,0
2026-01-14 16:30,2056,380,380,0,0,0
2026-01-14 17:00,1850,380,380,0,0,0
2026-01-14 17:30,1643,380,380,0,0,0
2026-01-14 18:00,1491,280,280,0,0,0
2026-01-14 18:30,1339,280,280,0,0,0
2026-01-14 19:00,1089,460,460,0,0,0
2026-01-14 19:30,839,460,460,0,0,0
2026-01-14 20:00,589,460,460,0,0,0
2026-01-14 20:30,339,460,460,0,0,0
2026-01-14 21:00,89,460,460,0,0,0
2026-01-14 21:30,0,460,164,296,0,0
2026-01-14 22:00,0,280,0,280,0,0
2026-01-14 22:30,0,280,0,280,0,0
2026-01-14 23:00,0,280,0,280,0,0
2026-01-14 23:30,0,280,0,280,0,0
2026-01-15 00:00,0,280,0,280,0,0
2026-01-15 00:30,1104,280,0,280,2208,0
2026-01-15 01:00,2208,280,0,280,2208,0
2026-01-15 01:30,3312,280,0,280,2208,0
2026-01-15 02:00,4096,280,0,280,1568,0
2026-01-15 02:30,4096,280,0,280,0,0
2026-01-15 03:00,4096,280,0,280,0,0
2026-01-15 03:30,4096,280,0,280,0,0
2026-01-15 04:00,4096,280,0,280,0,0
2026-01-15 04:30,4096,280,0,280,0,0
2026-01-15 05:00,4096,280,0,280,0,0
2026-01-15 05:30,4096,280,0,280,0,0
2026-01-15 06:00,4096,280,0,280,0,0
2026-01-15 06:30,4096,280,0,280,0,0
2026-01-15 07:00,4096,280,0,280,0,0
2026-01-15 07:30,3944,280,280,0,0,0
2026-01-15 08:00,3792,280,280,0,0,0
2026-01-15 08:30,3639,280,280,0,0,0
2026-01-15 09:00,3433,380,380,0,0,0
2026-01-15 09:30,3226,380,380,0,0,0
2026-01-15 10:00,3020,380,380,0,0,0
2026-01-15 10:30,2813,380,380,0,0,0
2026-01-15 11:00,2607,380,380,0,0,0
2026-01-15 11:30,2400,380,380,0,0,0
2026-01-15 12:00,2194,380,380,0,0,0
2026-01-15 12:30,1987,380,380,0,0,0
2026-01-15 13:00,1781,380,380,0,0,0
2026-01-15 13:30,1574,380,380,0,0,0
2026-01-15 14:00,1368,380,380,0,0,0
2026-01-15 14:30,1161,380,380,0,0,0
2026-01-15 15:00,955,380,380,0,0,0
2026-01-15 15:30,748,380,380,0,0,0
2026-01-15 16:00,542,380,380,0,0,0
2026-01-15 16:30,335,380,380,0,0,0
2026-01-15 17:00,129,380,380,0,0,0
2026-01-15 17:30,0,380,237,143,0,0
2026-01-15 18:00,0,280,0,280,0,0
2026-01-15 18:30,0,280,0,280,0,0
2026-01-15 19:00,0,580,0,580,0,0
2026-01-15 19:30,0,580,0,580,0,0
2026-01-15 20:00,0,580,0,580,0,0
2026-01-15 20:30,0,580,0,580,0,0
2026-01-15 21:00,0,580,0,580,0,0
2026-01-15 21:30,0,580,0,580,0,0
2026-01-15 22:00,0,580,0,580,0,0
2026-01-15 22:30,0,580,0,580,0,0
2026-01-15 23:00,0,280,0,280,0,0
2026-01-15 23:30,0,280,0,280,0,0
2026-01-16 00:00,0,280,0,280,0,0
2026-01-16 00:30,1104,280,0,280,2208,0
2026-01-16 01:00,2208,280,0,280,2208,0
2026-01-16 01:30,3312,280,0,280,2208,0
2026-01-16 02:00,4096,280,0,280,1568,0
2026-01-16 02:30,4096,280,0,280,0,0
2026-01-16 03:00,4096,280,0,280,0,0
2026-01-16 03:30,4096,280,0,280,0,0
2026-01-16 04:00,4096,280,0,280,0,0
2026-01-16 04:30,4096,280,0,280,0,0
2026-01-16 05:00,4096,280,0,280,0,0
2026-01-16 05:30,4096,280,0,280,0,0
2026-01-16 06:00,4096,280,0,280,0,0
2026-01-16 06:30,4096,280,0,280,0,0
2026-01-16 07:00,4096,280,0,280,0,0
2026-01-16 07:30,3944,280,280,0,0,0
2026-01-16 08:00,3792,280,280,0,0,0
2026-01-16 08:30,3639,280,280,0,0,0
2026-01-16 09:00,3433,380,380,0,0,0
2026-01-16 09:30,3226,380,380,0,0,0
2026-01-16 10:00,3020,380,380,0,0,0
2026-01-16 10:30,2813,380,380,0,0,0
2026-01-16 11:00,2607,380,380,0,0,0
2026-01-16 11:30,2406,380,380,0,0,11
2026-01-16 12:00,2302,380,380,0,0,206
2026-01-16 12:30,2320,380,380,0,0,449
2026-01-16 13:00,2371,380,380,0,0,513
2026-01-16 13:30,2336,380,380,0,0,344
2026-01-16 14:00,2229,380,380,0,0,199
2026-01-16 14:30,2022,380,380,0,0,0
2026-01-16 15:00,1816,380,380,0,0,0
2026-01-16 15:30,1609,380,380,0,0,0
2026-01-16 16:00,1403,380,380,0,0,0
2026-01-16 16:30,1196,380,380,0,0,0
2026-01-16 17:00,990,380,380,0,0,0
2026-01-16 17:30,783,380,380,0,0,0
2026-01-16 18:00,631,280,280,0,0,0
2026-01-16 18:30,479,280,280,0,0,0
2026-01-16 19:00,164,580,580,0,0,0
2026-01-16 19:30,0,580,301,279,0,0
2026-01-16 20:00,0,580,0,580,0,0
2026-01-16 20:30,0,580,0,580,0,0
2026-01-16 21:00,0,580,0,580,0,0
2026-01-16 21:30,0,580,0,580,0,0
2026-01-16 22:00,0,580,0,580,0,0
2026-01-16 22:30,0,580,0,580,0,0
2026-01-16 23:00,0,280,0,280,0,0
2026-01-16 23:30,0,280,0,280,0,0
2026-01-17 00:00,0,280,0,280,0,0
2026-01-17 00:30,1104,280,0,280,2208,0
2026-01-17 01:00,2208,280,0,280,2208,0
2026-01-17 01:30,3312,280,0,280,2208,0
2026-01-17 02:00,4096,280,0,280,1568,0
2026-01-17 02:30,4096,280,0,280,0,0
2026-01-17 03:00,4096,280,0,280,0,0
2026-01-17 03:30,4096,280,0,280,0,0
2026-01-17 04:00,4096,280,0,280,0,0
2026-01-17 04:30,4096,280,0,280,0,0
2026-01-17 05:00,4096,280,0,280,0,0
2026-01-17 05:30,4096,280,0,280,0,0
2026-01-17 06:00,4096,280,0,280,0,0
2026-01-17 06:30,4096,280,0,280,0,0
2026-01-17 07:00,4096,280,0,280,0,0
2026-01-17 07:30,3944,280,280,0,0,0
2026-01-17 08:00,3792,280,280,0,0,0
2026-01-17 08:30,3639,280,280,0,0,0
2026-01-17 09:00,3487,280,280,0,0,0
2026-01-17 09:30,3335,280,280,0,0,0
2026-01-17 10:00,3183,280,280,0,0,0
2026-01-17 10:30,3031,280,280,0,0,0
2026-01-17 11:00,2879,280,280,0,0,0
2026-01-17 11:30,2750,280,280,0,0,48
2026-01-17 12:00,2598,280,280,0,0,0
2026-01-17 12:30,2552,280,280,0,0,212
2026-01-17 13:00,2400,280,280,0,0,0
2026-01-17 13:30,2247,280,280,0,0,0
2026-01-17 14:00,2095,280,280,0,0,0
2026-01-17 14:30,1943,280,280,0,0,0
2026-01-17 15:00,1791,280,280,0,0,0
2026-01-17 15:30,1639,280,280,0,0,0
2026-01-17 16:00,1487,280,280,0,0,0
2026-01-17 16:30,1334,280,280,0,0,0
2026-01-17 17:00,1182,280,280,0,0,0
2026-01-17 17:30,1030,280,280,0,0,0
2026-01-17 18:00,878,280,280,0,0,0
2026-01-17 18:30,726,280,280,0,0,0
2026-01-17 19:00,476,460,460,0,0,0
2026-01-17 19:30,226,460,460,0,0,0
2026-01-17 20:00,0,460,415,45,0,0
2026-01-17 20:30,0,460,0,460,0,0
2026-01-17 21:00,0,460,0,460,0,0
2026-01-17 21:30,0,460,0,460,0,0
2026-01-17 22:00,0,280,0,280,0,0
2026-01-17 22:30,0,280,0,280,0,0
2026-01-17 23:00,0,280,0,280,0,0
2026-01-17 23:30,0,280,0,280,0,0
2026-01-18 00:00,0,280,0,280,0,0
2026-01-18 00:30,1104,280,0,280,2208,0
2026-01-18 01:00,2208,280,0,280,2208,0
2026-01-18 01:30,3312,280,0,280,2208,0
2026-01-18 02:00,4096,280,0,280,1568,0
2026-01-18 02:30,4096,280,0,280,0,0
2026-01-18 03:00,4096,280,0,280,0,0
2026-01-18 03:30,4096,280,0,280,0,0
2026-01-18 04:00,4096,280,0,280,0,0
2026-01-18 04:30,4096,280,0,280,0,0
2026-01-18 05:00,4096,280,0,280,0,0
2026-01-18 05:30,4096,280,0,280,0,0
2026-01-18 06:00,4096,280,0,280,0,0
2026-01-18 06:30,4096,280,0,280,0,0
2026-01-18 07:00,4096,280,0,280,0,0
2026-01-18 07:30,3944,280,280,0,0,0
2026-01-18 08:00,3792,280,280,0,0,0
2026-01-18 08:30,3639,280,280,0,0,0
2026-01-18 09:00,3487,280,280,0,0,0
2026-01-18 09:30,3335,280,280,0,0,0
2026-01-18 10:00,3183,280,280,0,0,0
2026-01-18 10:30,3031,280,280,0,0,0
2026-01-18 11:00,2879,280,280,0,0,0
2026-01-18 11:30,2726,280,280,0,0,0
2026-01-18 12:00,2574,280,280,0,0,0
2026-01-18 12:30,2422,280,280,0,0,0
2026-01-18 13:00,2270,280,280,0,0,0
2026-01-18 13:30,2118,280,280,0,0,0
2026-01-18 14:00,1966,280,280,0,0,0
2026-01-18 14:30,1813,280,280,0,0,0
2026-01-18 15:00,1661,280,280,0,0,0
2026-01-18 15:30,1509,280,280,0,0,0
2026-01-18 16:00,1357,280,280,0,0,0
2026-01-18 16:30,1205,280,280,0,0,0
2026-01-18 17:00,1053,280,280,0,0,0
2026-01-18 17:30,900,280,280,0,0,0
2026-01-18 18:00,748,280,280,0,0,0
2026-01-18 18:30,596,280,280,0,0,0
2026-01-18 19:00,281,580,580,0,0,0
2026-01-18 19:30,0,580,517,63,0,0
2026-01-18 20:00,0,580,0,580,0,0
2026-01-18 20:30,0,580,0,580,0,0
2026-01-18 21:00,0,580,0,580,0,0
2026-01-18 21:30,0,580,0,580,0,0
2026-01-18 22:00,0,580,0,580,0,0
2026-01-18 22:30,0,580,0,580,0,0
2026-01-18 23:00,0,280,0,280,0,0
2026-01-18 23:30,0,280,0,280,0,0
2026-01-19 00:00,0,280,0,280,0,0
2026-01-19 00:30,1104,280,0,280,2208,0
2026-01-19 01:00,2208,280,0,280,2208,0
2026-01-19 01:30,3312,280,0,280,2208,0
2026-01-19 02:00,4096,280,0,280,1568,0
2026-01-19 02:30,4096,280,0,280,0,0
2026-01-19 03:00,4096,280,0,280,0,0
2026-01-19 03:30,4096,280,0,280,0,0
2026-01-19 04:00,4096,280,0,280,0,0
2026-01-19 04:30,4096,280,0,280,0,0
2026-01-19 05:00,4096,280,0,280,0,0
2026-01-19 05:30,4096,280,0,280,0,0
2026-01-19 06:00,4096,280,0,280,0,0
2026-01-19 06:30,4096,280,0,280,0,0
2026-01-19 07:00,4096,280,0,280,0,0
2026-01-19 07:30,3944,280,280,0,0,0
2026-01-19 08:00,3792,280,280,0,0,0
2026-01-19 08:30,3639,280,280,0,0,0
2026-01-19 09:00,3433,380,380,0,0,0
2026-01-19 09:30,3226,380,380,0,0,0
2026-01-19 10:00,3020,380,380,0,0,0
2026-01-19 10:30,2813,380,380,0,0,0
2026-01-19 11:00,2607,380,380,0,0,0
2026-01-19 11:30,2400,380,380,0,0,0
2026-01-19 12:00,2194,380,380,0,0,0
2026-01-19 12:30,1987,380,380,0,0,0
2026-01-19 13:00,1781,380,380,0,0,0
2026-01-19 13:30,1574,380,380,0,0,0
2026-01-19 14:00,1368,380,380,0,0,0
2026-01-19 14:30,1161,380,380,0,0,0
2026-01-19 15:00,955,380,380,0,0,0
2026-01-19 15:30,748,380,380,0,0,0
2026-01-19 16:00,542,380,380,0,0,0
2026-01-19 16:30,335,380,380,0,0,0
2026-01-19 17:00,129,380,380,0,0,0
2026-01-19 17:30,0,380,237,143,0,0
2026-01-19 18:00,0,280,0,280,0,0
2026-01-19 18:30,0,280,0,280,0,0
2026-01-19 19:00,0,460,0,460,0,0
2026-01-19 19:30,0,460,0,460,0,0
2026-01-19 20:00,0,460,0,460,0,0
2026-01-19 20:30,0,460,0,460,0,0
2026-01-19 21:00,0,460,0,460,0,0
2026-01-19 21:30,0,460,0,460,0,0
2026-01-19 22:00,0,280,0,280,0,0
2026-01-19 22:30,0,280,0,280,0,0
2026-01-19 23:00,0,280,0,280,0,0
2026-01-19 23:30,0,280,0,280,0,0
2026-01-20 00:00,0,280,0,280,0,0
2026-01-20 00:30,1104,280,0,280,2208,0
2026-01-20 01:00,2208,280,0,280,2208,0
2026-01-20 01:30,3312,280,0,280,2208,0
2026-01-20 02:00,4096,280,0,280,1568,0
2026-01-20 02:30,4096,280,0,280,0,0
2026-01-20 03:00,4096,280,0,280,0,0
2026-01-20 03:30,4096,280,0,280,0,0
2026-01-20 04:00,4096,280,0,280,0,0
2026-01-20 04:30,4096,280,0,280,0,0
2026-01-20 05:00,4096,280,0,280,0,0
2026-01-20 05:30,4096,280,0,280,0,0
2026-01-20 06:00,4096,280,0,280,0,0
2026-01-20 06:30,4096,280,0,280,0,0
2026-01-20 07:00,4096,280,0,280,0,0
2026-01-20 07:30,3944,280,280,0,0,0
2026-01-20 08:00,3792,280,280,0,0,0
2026-01-20 08:30,3639,280,280,0,0,0
2026-01-20 09:00,3433,380,380,0,0,0
2026-01-20 09:30,3226,380,380,0,0,0
2026-01-20 10:00,3126,380,380,0,0,212
2026-01-20 10:30,3137,380,380,0,0,436
2026-01-20 11:00,2931,380,380,0,0,0
2026-01-20 11:30,2724,380,380,0,0,0
2026-01-20 12:00,2518,380,380,0,0,0
2026-01-20 12:30,2311,380,380,0,0,0
2026-01-20 13:00,2119,380,380,0,0,29
2026-01-20 13:30,1913,380,380,0,0,0
2026-01-20 14:00,1706,380,380,0,0,0
2026-01-20 14:30,1500,380,380,0,0,0
2026-01-20 15:00,1293,380,380,0,0,0
2026-01-20 15:30,1087,380,380,0,0,0
2026-01-20 16:00,880,380,380,0,0,0
2026-01-20 16:30,674,380,380,0,0,0
2026-01-20 17:00,467,380,380,0,0,0
2026-01-20 17:30,261,380,380,0,0,0
2026-01-20 18:00,108,280,280,0,0,0
2026-01-20 18:30,0,280,200,80,0,0
2026-01-20 19:00,0,280,0,280,0,0
2026-01-20 19:30,0,280,0,280,0,0
2026-01-20 20:00,0,280,0,280,0,0
2026-01-20 20:30,0,280,0,280,0,0
2026-01-20 21:00,0,280,0,280,0,0
2026-01-20 21:30,0,280,0,280,0,0
2026-01-20 22:00,0,280,0,280,0,0
2026-01-20 22:30,0,280,0,280,0,0
2026-01-20 23:00,0,280,0,280,0,0
2026-01-20 23:30,0,280,0,280,0,0
2026-01-21 00:00,0,280,0,280,0,0
2026-01-21 00:30,1104,280,0,280,2208,0
2026-01-21 01:00,2208,280,0,280,2208,0
2026-01-21 01:30,3312,280,0,280,2208,0
2026-01-21 02:00,4096,280,0,280,1568,0
2026-01-21 02:30,4096,280,0,280,0,0
2026-01-21 03:00,4096,280,0,280,0,0
2026-01-21 03:30,4096,280,0,280,0,0
2026-01-21 04:00,4096,280,0,280,0,0
2026-01-21 04:30,4096,280,0,280,0,0
2026-01-21 05:00,4096,280,0,280,0,0
2026-01-21 05:30,4096,280,0,280,0,0
2026-01-21 06:00,4096,280,0,280,0,0
2026-01-21 06:30,4096,280,0,280,0,0
2026-01-21 07:00,4096,280,0,280,0,0
2026-01-21 07:30,3944,280,280,0,0,0
2026-01-21 08:00,3792,280,280,0,0,0
2026-01-21 08:30,3639,280,280,0,0,0
2026-01-21 09:00,3433,380,380,0,0,0
2026-01-21 09:30,3226,380,380,0,0,0
2026-01-21 10:00,3020,380,380,0,0,0
2026-01-21 10:30,2813,380,380,0,0,0
2026-01-21 11:00,2607,380,380,0,0,0
2026-01-21 11:30,2400,380,380,0,0,0
2026-01-21 12:00,2194,380,380,0,0,0
2026-01-21 12:30,1987,380,380,0,0,0
2026-01-21 13:00,1781,380,380,0,0,0
2026-01-21 13:30,1574,380,380,0,0,0
2026-01-21 14:00,1368,380,380,0,0,0
2026-01-21 14:30,1161,380,380,0,0,0
2026-01-21 15:00,955,380,380,0,0,0
2026-01-21 15:30,748,380,380,0,0,0
2026-01-21 16:00,542,380,380,0,0,0
2026-01-21 16:30,335,380,380,0,0,0
2026-01-21 17:00,129,380,380,0,0,0
2026-01-21 17:30,0,380,237,143,0,0
2026-01-21 18:00,0,280,0,280,0,0
2026-01-21 18:30,0,280,0,280,0,0
2026-01-21 19:00,0,460,0,460,0,0
2026-01-21 19:30,0,460,0,460,0,0
2026-01-21 20:00,0,460,0,460,0,0
2026-01-21 20:30,0,460,0,460,0,0
2026-01-21 21:00,0,460,0,460,0,0
2026-01-21 21:30,0,460,0,460,0,0
2026-01-21 22:00,0,280,0,280,0,0
2026-01-21 22:30,0,280,0,280,0,0
2026-01-21 23:00,0,280,0,280,0,0
2026-01-21 23:30,0,280,0,280,0,0
2026-01-22 00:00,0,280,0,280,0,0
2026-01-22 00:30,1104,280,0,280,2208,0
2026-01-22 01:00,2208,280,0,280,2208,0
2026-01-22 01:30,3312,280,0,280,2208,0
2026-01-22 02:00,4096,280,0,280,1568,0
2026-01-22 02:30,4096,280,0,280,0,0
2026-01-22 03:00,4096,280,0,280,0,0
2026-01-22 03:30,4096,280,0,280,0,0
2026-01-22 04:00,4096,280,0,280,0,0
2026-01-22 04:30,4096,280,0,280,0,0
2026-01-22 05:00,4096,280,0,280,0,0
2026-01-22 05:30,4096,280,0,280,0,0
2026-01-22 06:00,4096,280,0,280,0,0
2026-01-22 06:30,4096,280,0,280,0,0
2026-01-22 07:00,4096,280,0,280,0,0
2026-01-22 07:30,3944,280,280,0,0,0
2026-01-22 08:00,3792,280,280,0,0,0
2026-01-22 08:30,3639,280,280,0,0,0
2026-01-22 09:00,3433,380,380,0,0,0
2026-01-22 09:30,3226,380,380,0,0,0
2026-01-22 10:00,3020,380,380,0,0,0
2026-01-22 10:30,2813,380,380,0,0,0
2026-01-22 11:00,2607,380,380,0,0,0
2026-01-22 11:30,2400,380,380,0,0,0
2026-01-22 12:00,2194,380,380,0,0,0
2026-01-22 12:30,1987,380,380,0,0,0
2026-01-22 13:00,1781,380,380,0,0,0
2026-01-22 13:30,1574,380,380,0,0,0
2026-01-22 14:00,1368,380,380,0,0,0
2026-01-22 14:30,1161,380,380,0,0,0
2026-01-22 15:00,955,380,380,0,0,0
2026-01-22 15:30,748,380,380,0,0,0
2026-01-22 16:00,542,380,380,0,0,0
2026-01-22 16:30,335,380,380,0,0,0
2026-01-22 17:00,129,380,380,0,0,0
2026-01-22 17:30,0,380,237,143,0,0
2026-01-22 18:00,0,280,0,280,0,0
2026-01-22 18:30,0,280,0,280,0,0
2026-01-22 19:00,0,460,0,460,0,0
2026-01-22 19:30,0,460,0,460,0,0
2026-01-22 20:00,0,460,0,460,0,0
2026-01-22 20:30,0,460,0,460,0,0
2026-01-22 21:00,0,460,0,460,0,0
2026-01-22 21:30,0,460,0,460,0,0
2026-01-22 22:00,0,280,0,280,0,0
2026-01-22 22:30,0,280,0,280,0,0
2026-01-22 23:00,0,280,0,280,0,0
2026-01-22 23:30,0,280,0,280,0,0
2026-01-23 00:00,0,280,0,280,0,0
2026-01-23 00:30,1104,280,0,280,2208,0
2026-01-23 01:00,2208,280,0,280,2208,0
2026-01-23 01:30,3312,280,0,280,2208,0
2026-01-23 02:00,4096,280,0,280,1568,0
2026-01-23 02:30,4096,280,0,280,0,0
2026-01-23 03:00,4096,280,0,280,0,0
2026-01-23 03:30,4096,280,0,280,0,0
2026-01-23 04:00,4096,280,0,280,0,0
2026-01-23 04:30,4096,280,0,280,0,0
2026-01-23 05:00,4096,280,0,280,0,0
2026-01-23 05:30,4096,280,0,280,0,0
2026-01-23 06:00,4096,280,0,280,0,0
2026-01-23 06:30,4096,280,0,280,0,0
2026-01-23 07:00,4096,280,0,280,0,0
2026-01-23 07:30,3944,280,280,0,0,0
2026-01-23 08:00,3792,280,280,0,0,0
2026-01-23 08:30,3639,280,280,0,0,0
2026-01-23 09:00,3433,380,380,0,0,0
2026-01-23 09:30,3227,380,380,0,0,2
2026-01-23 10:00,3021,380,380,0,0,0
2026-01-23 10:30,2814,380,380,0,0,0
2026-01-23 11:00,2608,380,380,0,0,0
2026-01-23 11:30,2401,380,380,0,0,0
2026-01-23 12:00,2195,380,380,0,0,0
2026-01-23 12:30,1988,380,380,0,0,0
2026-01-23 13:00,1782,380,380,0,0,0
2026-01-23 13:30,1575,380,380,0,0,0
2026-01-23 14:00,1369,380,380,0,0,0
2026-01-23 14:30,1162,380,380,0,0,0
2026-01-23 15:00,956,380,380,0,0,0
2026-01-23 15:30,749,380,380,0,0,0
2026-01-23 16:00,543,380,380,0,0,0
2026-01-23 16:30,336,380,380,0,0,0
2026-01-23 17:00,130,380,380,0,0,0
2026-01-23 17:30,0,380,238,142,0,0
2026-01-23 18:00,0,280,0,280,0,0
2026-01-23 18:30,0,280,0,280,0,0
2026-01-23 19:00,0,580,0,580,0,0
2026-01-23 19:30,0,580,0,580,0,0
2026-01-23 20:00,0,580,0,580,0,0
2026-01-23 20:30,0,580,0,580,0,0
2026-01-23 21:00,0,580,0,580,0,0
2026-01-23 21:30,0,580,0,580,0,0
2026-01-23 22:00,0,580,0,580,0,0
2026-01-23 22:30,0,580,0,580,0,0
2026-01-23 23:00,0,280,0,280,0,0
2026-01-23 23:30,0,280,0,280,0,0
2026-01-24 00:00,0,280,0,280,0,0
2026-01-24 00:30,1104,280,0,280,2208,0
2026-01-24 01:00,2208,280,0,280,2208,0
2026-01-24 01:30,3312,280,0,280,2208,0
2026-01-24 02:00,4096,280,0,280,1568,0
2026-01-24 02:30,4096,280,0,280,0,0
2026-01-24 03:00,4096,280,0,280,0,0
2026-01-24 03:30,4096,280,0,280,0,0
2026-01-24 04:00,4096,280,0,280,0,0
2026-01-24 04:30,4096,280,0,280,0,0
2026-01-24 05:00,4096,280,0,280,0,0
2026-01-24 05:30,4096,280,0,280,0,0
2026-01-24 06:00,4096,280,0,280,0,0
2026-01-24 06:30,4096,280,0,280,0,0
2026-01-24 07:00,4096,280,0,280,0,0
2026-01-24 07:30,3944,280,280,0,0,0
2026-01-24 08:00,3792,280,280,0,0,0
2026-01-24 08:30,3639,280,280,0,0,0
2026-01-24 09:00,3487,280,280,0,0,0
2026-01-24 09:30,3513,280,280,0,0,355
2026-01-24 10:00,3594,280,280,0,0,467
2026-01-24 10:30,3698,280,280,0,0,512
2026-01-24 11:00,3701,280,280,0,0,311
2026-01-24 11:30,3795,280,280,0,0,493
2026-01-24 12:00,3862,280,280,0,0,438
2026-01-24 12:30,3944,280,280,0,0,467
2026-01-24 13:00,3897,280,280,0,0,210
2026-01-24 13:30,3914,280,280,0,0,339
2026-01-24 14:00,3761,280,280,0,0,0
2026-01-24 14:30,3609,280,280,0,0,0
2026-01-24 15:00,3457,280,280,0,0,0
2026-01-24 15:30,3305,280,280,0,0,0
2026-01-24 16:00,3153,280,280,0,0,0
2026-01-24 16:30,3001,280,280,0,0,0
2026-01-24 17:00,2848,280,280,0,0,0
2026-01-24 17:30,2696,280,280,0,0,0
2026-01-24 18:00,2544,280,280,0,0,0
2026-01-24 18:30,2392,280,280,0,0,0
2026-01-24 19:00,1995,730,730,0,0,0
2026-01-24 19:30,1598,730,730,0,0,0
2026-01-24 20:00,1202,730,730,0,0,0
2026-01-24 20:30,805,730,730,0,0,0
2026-01-24 21:00,408,730,730,0,0,0
2026-01-24 21:30,11,730,730,0,0,0
2026-01-24 22:00,0,730,21,709,0,0
2026-01-24 22:30,0,730,0,730,0,0
2026-01-24 23:00,0,730,0,730,0,0
2026-01-24 23:30,0,730,0,730,0,0
2026-01-25 00:00,0,280,0,280,0,0
2026-01-25 00:30,1104,280,0,280,2208,0
2026-01-25 01:00,2208,280,0,280,2208,0
2026-01-25 01:30,3312,280,0,280,2208,0
2026-01-25 02:00,4096,280,0,280,1568,0
2026-01-25 02:30,4096,280,0,280,0,0
2026-01-25 03:00,4096,280,0,280,0,0
2026-01-25 03:30,4096,280,0,280,0,0
2026-01-25 04:00,4096,280,0,280,0,0
2026-01-25 04:30,4096,280,0,280,0,0
2026-01-25 05:00,4096,280,0,280,0,0
2026-01-25 05:30,4096,280,0,280,0,0
2026-01-25 06:00,4096,280,0,280,0,0
2026-01-25 06:30,4096,280,0,280,0,0
2026-01-25 07:00,4096,280,0,280,0,0
2026-01-25 07:30,3944,280,280,0,0,0
2026-01-25 08:00,3792,280,280,0,0,0
2026-01-25 08:30,3639,280,280,0,0,0
2026-01-25 09:00,3487,280,280,0,0,0
2026-01-25 09:30,3335,280,280,0,0,0
2026-01-25 10:00,3183,280,280,0,0,0
2026-01-25 10:30,3031,280,280,0,0,0
2026-01-25 11:00,2879,280,280,0,0,0
2026-01-25 11:30,2726,280,280,0,0,0
2026-01-25 12:00,2574,280,280,0,0,0
2026-01-25 12:30,2422,280,280,0,0,0
2026-01-25 13:00,2270,280,280,0,0,0
2026-01-25 13:30,2118,280,280,0,0,0
2026-01-25 14:00,1966,280,280,0,0,0
2026-01-25 14:30,1813,280,280,0,0,0
2026-01-25 15:00,1661,280,280,0,0,0
2026-01-25 15:30,1509,280,280,0,0,0
2026-01-25 16:00,1357,280,280,0,0,0
2026-01-25 16:30,1205,280,280,0,0,0
2026-01-25 17:00,1053,280,280,0,0,0
2026-01-25 17:30,900,280,280,0,0,0
2026-01-25 18:00,748,280,280,0,0,0
2026-01-25 18:30,596,280,280,0,0,0
2026-01-25 19:00,444,280,280,0,0,0
2026-01-25 19:30,292,280,280,0,0,0
2026-01-25 20:00,139,280,280,0,0,0
2026-01-25 20:30,0,280,257,23,0,0
2026-01-25 21:00,0,280,0,280,0,0
2026-01-25 21:30,0,280,0,280,0,0
2026-01-25 22:00,0,280,0,280,0,0
2026-01-25 22:30,0,280,0,280,0,0
2026-01-25 23:00,0,280,0,280,0,0
2026-01-25 23:30,0,280,0,280,0,0
2026-01-26 00:00,0,280,0,280,0,0
2026-01-26 00:30,1104,280,0,280,2208,0
2026-01-26 01:00,2208,280,0,280,2208,0
2026-01-26 01:30,3312,280,0,280,2208,0
2026-01-26 02:00,4096,280,0,280,1568,0
2026-01-26 02:30,4096,280,0,280,0,0
2026-01-26 03:00,4096,280,0,280,0,0
2026-01-26 03:30,4096,280,0,280,0,0
2026-01-26 04:00,4096,280,0,280,0,0
2026-01-26 04:30,4096,280,0,280,0,0
2026-01-26 05:00,4096,280,0,280,0,0
2026-01-26 05:30,4096,280,0,280,0,0
2026-01-26 06:00,4096,280,0,280,0,0
2026-01-26 06:30,4096,280,0,280,0,0
2026-01-26 07:00,4096,280,0,280,0,0
2026-01-26 07:30,3944,280,280,0,0,0
2026-01-26 08:00,3792,280,280,0,0,0
2026-01-26 08:30,3639,280,280,0,0,0
2026-01-26 09:00,3433,380,380,0,0,0
2026-01-26 09:30,3237,380,380,0,0,20
2026-01-26 10:00,3030,380,380,0,0,0
2026-01-26 10:30,2824,380,380,0,0,0
2026-01-26 11:00,2617,380,380,0,0,0
2026-01-26 11:30,2410,380,380,0,0,0
2026-01-26 12:00,2204,380,380,0,0,0
2026-01-26 12:30,1997,380,380,0,0,0
2026-01-26 13:00,1791,380,380,0,0,0
2026-01-26 13:30,1584,380,380,0,0,0
2026-01-26 14:00,1378,380,380,0,0,0
2026-01-26 14:30,1204,380,380,0,0,64
2026-01-26 15:00,999,380,380,0,0,4
2026-01-26 15:30,792,380,380,0,0,0
2026-01-26 16:00,586,380,380,0,0,0
2026-01-26 16:30,379,380,380,0,0,0
2026-01-26 17:00,173,380,380,0,0,0
2026-01-26 17:30,0,380,318,62,0,0
2026-01-26 18:00,0,280,0,280,0,0
2026-01-26 18:30,0,280,0,280,0,0
2026-01-26 19:00,0,460,0,460,0,0
2026-01-26 19:30,0,460,0,460,0,0
2026-01-26 20:00,0,460,0,460,0,0
2026-01-26 20:30,0,460,0,460,0,0
2026-01-26 21:00,0,460,0,460,0,0
2026-01-26 21:30,0,460,0,460,0,0
2026-01-26 22:00,0,280,0,280,0,0
2026-01-26 22:30,0,280,0,280,0,0
2026-01-26 23:00,0,280,0,280,0,0
2026-01-26 23:30,0,280,0,280,0,0
2026-01-27 00:00,0,280,0,280,0,0
2026-01-27 00:30,1104,280,0,280,2208,0
2026-01-27 01:00,2208,280,0,280,2208,0
2026-01-27 01:30,3312,280,0,280,2208,0
2026-01-27 02:00,4096,280,0,280,1568,0
2026-01-27 02:30,4096,280,0,280,0,0
2026-01-27 03:00,4096,280,0,280,0,0
2026-01-27 03:30,4096,280,0,280,0,0
2026-01-27 04:00,4096,280,0,280,0,0
2026-01-27 04:30,4096,280,0,280,0,0
2026-01-27 05:00,4096,280,0,280,0,0
2026-01-27 05:30,4096,280,0,280,0,0
2026-01-27 06:00,4096,280,0,280,0,0
2026-01-27 06:30,4096,280,0,280,0,0
2026-01-27 07:00,4096,280,0,280,0,0
2026-01-27 07:30,3944,280,280,0,0,0
2026-01-27 08:00,3792,280,280,0,0,0
2026-01-27 08:30,3639,280,280,0,0,0
2026-01-27 09:00,3433,380,380,0,0,0
2026-01-27 09:30,3226,380,380,0,0,0
2026-01-27 10:00,3020,380,380,0,0,0
2026-01-27 10:30,2813,380,380,0,0,0
2026-01-27 11:00,2607,380,380,0,0,0
2026-01-27 11:30,2400,380,380,0,0,0
2026-01-27 12:00,2194,380,380,0,0,0
2026-01-27 12:30,1987,380,380,0,0,0
2026-01-27 13:00,1781,380,380,0,0,0
2026-01-27 13:30,1574,380,380,0,0,0
2026-01-27 14:00,1368,380,380,0,0,0
2026-01-27 14:30,1161,380,380,0,0,0
2026-01-27 15:00,955,380,380,0,0,0
2026-01-27 15:30,748,380,380,0,0,0
2026-01-27 16:00,542,380,380,0,0,0
2026-01-27 16:30,335,380,380,0,0,0
2026-01-27 17:00,129,380,380,0,0,0
2026-01-27 17:30,0,380,237,143,0,0
2026-01-27 18:00,0,280,0,280,0,0
2026-01-27 18:30,0,280,0,280,0,0
2026-01-27 19:00,0,580,0,580,0,0
2026-01-27 19:30,0,580,0,580,0,0
2026-01-27 20:00,0,580,0,580,0,0
2026-01-27 20:30,0,580,0,580,0,0
2026-01-27 21:00,0,580,0,580,0,0
2026-01-27 21:30,0,580,0,580,0,0
2026-01-27 22:00,0,580,0,580,0,0
2026-01-27 22:30,0,580,0,580,0,0
2026-01-27 23:00,0,280,0,280,0,0
2026-01-27 23:30,0,280,0,280,0,0
2026-01-28 00:00,0,280,0,280,0,0
2026-01-28 00:30,1104,280,0,280,2208,0
2026-01-28 01:00,2208,280,0,280,2208,0
2026-01-28 01:30,3312,280,0,280,2208,0
2026-01-28 02:00,4096,280,0,280,1568,0
2026-01-28 02:30,4096,280,0,280,0,0
2026-01-28 03:00,4096,280,0,280,0,0
2026-01-28 03:30,4096,280,0,280,0,0
2026-01-28 04:00,4096,280,0,280,0,0
2026-01-28 04:30,4096,280,0,280,0,0
2026-01-28 05:00,4096,280,0,280,0,0
2026-01-28 05:30,4096,280,0,280,0,0
2026-01-28 06:00,4096,280,0,280,0,0
2026-01-28 06:30,4096,280,0,280,0,0
2026-01-28 07:00,4096,280,0,280,0,0
2026-01-28 07:30,3944,280,280,0,0,0
2026-01-28 08:00,3792,280,280,0,0,0
2026-01-28 08:30,3639,280,280,0,0,0
2026-01-28 09:00,3603,380,380,0,0,340
2026-01-28 09:30,3397,380,380,0,0,0
2026-01-28 10:00,3359,380,380,0,0,339
2026-01-28 10:30,3153,380,380,0,0,0
2026-01-28 11:00,2946,380,380,0,0,0
2026-01-28 11:30,2820,380,380,0,0,160
2026-01-28 12:00,2721,380,380,0,0,215
2026-01-28 12:30,2520,380,380,0,0,11
2026-01-28 13:00,2536,380,380,0,0,445
2026-01-28 13:30,2484,380,380,0,0,309
2026-01-28 14:00,2370,380,380,0,0,184
2026-01-28 14:30,2171,380,380,0,0,17
2026-01-28 15:00,1965,380,380,0,0,0
2026-01-28 15:30,1758,380,380,0,0,0
2026-01-28 16:00,1552,380,380,0,0,0
2026-01-28 16:30,1345,380,380,0,0,0
2026-01-28 17:00,1139,380,380,0,0,0
2026-01-28 17:30,932,380,380,0,0,0
2026-01-28 18:00,780,280,280,0,0,0
2026-01-28 18:30,628,280,280,0,0,0
2026-01-28 19:00,378,460,460,0,0,0
2026-01-28 19:30,128,460,460,0,0,0
2026-01-28 20:00,0,460,235,225,0,0
2026-01-28 20:30,0,460,0,460,0,0
2026-01-28 21:00,0,460,0,460,0,0
2026-01-28 21:30,0,460,0,460,0,0
2026-01-28 22:00,0,280,0,280,0,0
2026-01-28 22:30,0,280,0,280,0,0
2026-01-28 23:00,0,280,0,280,0,0
2026-01-28 23:30,0,280,0,280,0,0
2026-01-29 00:00,0,280,0,280,0,0
2026-01-29 00:30,1104,280,0,280,2208,0
2026-01-29 01:00,2208,280,0,280,2208,0
2026-01-29 01:30,3312,280,0,280,2208,0
2026-01-29 02:00,4096,280,0,280,1568,0
2026-01-29 02:30,4096,280,0,280,0,0
2026-01-29 03:00,4096,280,0,280,0,0
2026-01-29 03:30,4096,280,0,280,0,0
2026-01-29 04:00,4096,280,0,280,0,0
2026-01-29 04:30,4096,280,0,280,0,0
2026-01-29 05:00,4096,280,0,280,0,0
2026-01-29 05:30,4096,280,0,280,0,0
2026-01-29 06:00,4096,280,0,280,0,0
2026-01-29 06:30,4096,280,0,280,0,0
2026-01-29 07:00,4096,280,0,280,0,0
2026-01-29 07:30,3944,280,280,0,0,0
2026-01-29 08:00,3792,280,280,0,0,0
2026-01-29 08:30,3639,280,280,0,0,0
2026-01-29 09:00,3433,380,380,0,0,0
2026-01-29 09:30,3226,380,380,0,0,0
2026-01-29 10:00,3020,380,380,0,0,0
2026-01-29 10:30,2813,380,380,0,0,0
2026-01-29 11:00,2607,380,380,0,0,0
2026-01-29 11:30,2448,380,380,0,0,96
2026-01-29 12:00,2242,380,380,0,0,0
2026-01-29 12:30,2036,380,380,0,0,2
2026-01-29 13:00,1830,380,380,0,0,0
2026-01-29 13:30,1623,380,380,0,0,0
2026-01-29 14:00,1416,380,380,0,0,0
2026-01-29 14:30,1210,380,380,0,0,0
2026-01-29 15:00,1003,380,380,0,0,0
2026-01-29 15:30,797,380,380,0,0,0
2026-01-29 16:00,590,380,380,0,0,0
2026-01-29 16:30,384,380,380,0,0,0
2026-01-29 17:00,177,380,380,0,0,0
2026-01-29 17:30,0,380,326,54,0,0
2026-01-29 18:00,0,280,0,280,0,0
2026-01-29 18:30,0,280,0,280,0,0
2026-01-29 19:00,0,460,0,460,0,0
2026-01-29 19:30,0,460,0,460,0,0
2026-01-29 20:00,0,460,0,460,0,0
2026-01-29 20:30,0,460,0,460,0,0
2026-01-29 21:00,0,460,0,460,0,0
2026-01-29 21:30,0,460,0,460,0,0
2026-01-29 22:00,0,280,0,280,0,0
2026-01-29 22:30,0,280,0,280,0,0
2026-01-29 23:00,0,280,0,280,0,0
2026-01-29 23:30,0,280,0,280,0,0
2026-01-30 00:00,0,280,0,280,0,0
2026-01-30 00:30,1104,280,0,280,2208,0
2026-01-30 01:00,2208,280,0,280,2208,0
2026-01-30 01:30,3312,280,0,280,2208,0
2026-01-30 02:00,4096,280,0,280,1568,0
2026-01-30 02:30,4096,280,0,280,0,0
2026-01-30 03:00,4096,280,0,280,0,0
2026-01-30 03:30,4096,280,0,280,0,0
2026-01-30 04:00,4096,280,0,280,0,0
2026-01-30 04:30,4096,280,0,280,0,0
2026-01-30 05:00,4096,280,0,280,0,0
2026-01-30 05:30,4096,280,0,280,0,0
2026-01-30 06:00,4096,280,0,280,0,0
2026-01-30 06:30,4096,280,0,280,0,0
2026-01-30 07:00,4096,280,0,280,0,0
2026-01-30 07:30,3944,280,280,0,0,0
2026-01-30 08:00,3792,280,280,0,0,0
2026-01-30 08:30,3639,280,280,0,0,0
2026-01-30 09:00,3433,380,380,0,0,0
2026-01-30 09:30,3226,380,380,0,0,0
2026-01-30 10:00,3020,380,380,0,0,0
2026-01-30 10:30,2813,380,380,0,0,0
2026-01-30 11:00,2607,380,380,0,0,0
2026-01-30 11:30,2400,380,380,0,0,0
2026-01-30 12:00,2194,380,380,0,0,0
2026-01-30 12:30,1987,380,380,0,0,0
2026-01-30 13:00,1781,380,380,0,0,0
2026-01-30 13:30,1691,380,380,0,0,234
2026-01-30 14:00,1569,380,380,0,0,169
2026-01-30 14:30,1363,380,380,0,0,0
2026-01-30 15:00,1176,380,380,0,0,40
2026-01-30 15:30,970,380,380,0,0,0
2026-01-30 16:00,763,380,380,0,0,0
2026-01-30 16:30,557,380,380,0,0,0
2026-01-30 17:00,350,380,380,0,0,0
2026-01-30 17:30,144,380,380,0,0,0
2026-01-30 18:00,0,280,265,15,0,0
2026-01-30 18:30,0,280,0,280,0,0
2026-01-30 19:00,0,730,0,730,0,0
2026-01-30 19:30,0,730,0,730,0,0
2026-01-30 20:00,0,730,0,730,0,0
2026-01-30 20:30,0,730,0,730,0,0
2026-01-30 21:00,0,730,0,730,0,0
2026-01-30 21:30,0,730,0,730,0,0
2026-01-30 22:00,0,730,0,730,0,0
2026-01-30 22:30,0,730,0,730,0,0
2026-01-30 23:00,0,730,0,730,0,0
2026-01-30 23:30,0,730,0,730,0,0
2026-01-31 00:00,0,280,0,280,0,0
2026-01-31 00:30,1104,280,0,280,2208,0
2026-01-31 01:00,2208,280,0,280,2208,0
2026-01-31 01:30,3312,280,0,280,2208,0
2026-01-31 02:00,4096,280,0,280,1568,0
2026-01-31 02:30,4096,280,0,280,0,0
2026-01-31 03:00,4096,280,0,280,0,0
2026-01-31 03:30,4096,280,0,280,0,0
2026-01-31 04:00,4096,280,0,280,0,0
2026-01-31 04:30,4096,280,0,280,0,0
2026-01-31 05:00,4096,280,0,280,0,0
2026-01-31 05:30,4096,280,0,280,0,0
2026-01-31 06:00,4096,280,0,280,0,0
2026-01-31 06:30,4096,280,0,280,0,0
2026-01-31 07:00,4096,280,0,280,0,0
2026-01-31 07:30,3944,280,280,0,0,0
2026-01-31 08:00,3792,280,280,0,0,0
2026-01-31 08:30,3639,280,280,0,0,0
2026-01-31 09:00,3487,280,280,0,0,0
2026-01-31 09:30,3335,280,280,0,0,0
2026-01-31 10:00,3183,280,280,0,0,0
2026-01-31 10:30,3055,280,280,0,0,48
2026-01-31 11:00,2949,280,280,0,0,94
2026-01-31 11:30,3008,280,280,0,0,421
2026-01-31 12:00,3087,280,280,0,0,462
2026-01-31 12:30,3043,280,280,0,0,217
2026-01-31 13:00,2891,280,280,0,0,0
2026-01-31 13:30,2822,280,280,0,0,167
2026-01-31 14:00,2670,280,280,0,0,0
2026-01-31 14:30,2518,280,280,0,0,0
2026-01-31 15:00,2366,280,280,0,0,0
2026-01-31 15:30,2214,280,280,0,0,0
2026-01-31 16:00,2062,280,280,0,0,0
2026-01-31 16:30,1909,280,280,0,0,0
2026-01-31 17:00,1757,280,280,0,0,0
2026-01-31 17:30,1605,280,280,0,0,0
2026-01-31 18:00,1453,280,280,0,0,0
2026-01-31 18:30,1301,280,280,0,0,0
2026-01-31 19:00,986,580,580,0,0,0
2026-01-31 19:30,670,580,580,0,0,0
2026-01-31 20:00,355,580,580,0,0,0
2026-01-31 20:30,40,580,580,0,0,0
2026-01-31 21:00,0,580,73,507,0,0
2026-01-31 21:30,0,580,0,580,0,0
2026-01-31 22:00,0,580,0,580,0,0
2026-01-31 22:30,0,580,0,580,0,0
2026-01-31 23:00,0,280,0,280,0,0
2026-01-31 23:30,0,280,0,280,0,0
2026-02-01 00:00,0,280,0,280,0,0
2026-02-01 00:30,1104,280,0,280,2208,0
2026-02-01 01:00,2208,280,0,280,2208,0
2026-02-01 01:30,3312,280,0,280,2208,0
2026-02-01 02:00,4096,280,0,280,1568,0
2026-02-01 02:30,4096,280,0,280,0,0
2026-02-01 03:00,4096,280,0,280,0,0
2026-02-01 03:30,4096,280,0,280,0,0
2026-02-01 04:00,4096,280,0,280,0,0
2026-02-01 04:30,4096,280,0,280,0,0
2026-02-01 05:00,4096,280,0,280,0,0
2026-02-01 05:30,4096,280,0,280,0,0
2026-02-01 06:00,4096,280,0,280,0,0
2026-02-01 06:30,4096,280,0,280,0,0
2026-02-01 07:00,4096,280,0,280,0,0
2026-02-01 07:30,3944,280,280,0,0,0
2026-02-01 08:00,3792,280,280,0,0,0
2026-02-01 08:30,3639,280,280,0,0,0
2026-02-01 09:00,3487,280,280,0,0,0
2026-02-01 09:30,3335,280,280,0,0,0
2026-02-01 10:00,3183,280,280,0,0,0
2026-02-01 10:30,3031,280,280,0,0,0
2026-02-01 11:00,2879,280,280,0,0,0
2026-02-01 11:30,2726,280,280,0,0,0
2026-02-01 12:00,2574,280,280,0,0,0
2026-02-01 12:30,2422,280,280,0,0,0
2026-02-01 13:00,2270,280,280,0,0,0
2026-02-01 13:30,2118,280,280,0,0,0
2026-02-01 14:00,1966,280,280,0,0,0
2026-02-01 14:30,1813,280,280,0,0,0
2026-02-01 15:00,1661,280,280,0,0,0
2026-02-01 15:30,1509,280,280,0,0,0
2026-02-01 16:00,1357,280,280,0,0,0
2026-02-01 16:30,1205,280,280,0,0,0
2026-02-01 17:00,1053,280,280,0,0,0
2026-02-01 17:30,900,280,280,0,0,0
2026-02-01 18:00,748,280,280,0,0,0
2026-02-01 18:30,596,280,280,0,0,0
2026-02-01 19:00,199,730,730,0,0,0
2026-02-01 19:30,0,730,367,363,0,0
2026-02-01 20:00,0,730,0,730,0,0
2026-02-01 20:30,0,730,0,730,0,0
2026-02-01 21:00,0,730,0,730,0,0
2026-02-01 21:30,0,730,0,730,0,0
2026-02-01 22:00,0,730,0,730,0,0
2026-02-01 22:30,0,730,0,730,0,0
2026-02-01 23:00,0,730,0,730,0,0
2026-02-01 23:30,0,730,0,730,0,0
2026-02-02 00:00,0,280,0,280,0,0
2026-02-02 00:30,1104,280,0,280,2208,0
2026-02-02 01:00,2208,280,0,280,2208,0
2026-02-02 01:30,3312,280,0,280,2208,0
2026-02-02 02:00,4096,280,0,280,1568,0
2026-02-02 02:30,4096,280,0,280,0,0
2026-02-02 03:00,4096,280,0,280,0,0
2026-02-02 03:30,4096,280,0,280,0,0
2026-02-02 04:00,4096,280,0,280,0,0
2026-02-02 04:30,4096,280,0,280,0,0
2026-02-02 05:00,4096,280,0,280,0,0
2026-02-02 05:30,4096,280,0,280,0,0
2026-02-02 06:00,4096,280,0,280,0,0
2026-02-02 06:30,4096,280,0,280,0,0
2026-02-02 07:00,4096,280,0,280,0,0
2026-02-02 07:30,3944,280,280,0,0,0
2026-02-02 08:00,3792,280,280,0,0,0
2026-02-02 08:30,3639,280,280,0,0,0
2026-02-02 09:00,3433,380,380,0,0,0
2026-02-02 09:30,3226,380,380,0,0,0
2026-02-02 10:00,3020,380,380,0,0,0
2026-02-02 10:30,2813,380,380,0,0,0
2026-02-02 11:00,2607,380,380,0,0,0
2026-02-02 11:30,2400,380,380,0,0,0
2026-02-02 12:00,2194,380,380,0,0,0
2026-02-02 12:30,1987,380,380,0,0,0
2026-02-02 13:00,1781,380,380,0,0,0
2026-02-02 13:30,1574,380,380,0,0,0
2026-02-02 14:00,1368,380,380,0,0,0
2026-02-02 14:30,1161,380,380,0,0,0
2026-02-02 15:00,955,380,380,0,0,0
2026-02-02 15:30,748,380,380,0,0,0
2026-02-02 16:00,542,380,380,0,0,0
2026-02-02 16:30,335,380,380,0,0,0
2026-02-02 17:00,129,380,380,0,0,0
2026-02-02 17:30,0,380,237,143,0,0
2026-02-02 18:00,0,280,0,280,0,0
2026-02-02 18:30,0,280,0,280,0,0
2026-02-02 19:00,0,730,0,730,0,0
2026-02-02 19:30,0,730,0,730,0,0
2026-02-02 20:00,0,730,0,730,0,0
2026-02-02 20:30,0,730,0,730,0,0
2026-02-02 21:00,0,730,0,730,0,0
2026-02-02 21:30,0,730,0,730,0,0
2026-02-02 22:00,0,730,0,730,0,0
2026-02-02 22:30,0,730,0,730,0,0
2026-02-02 23:00,0,730,0,730,0,0
2026-02-02 23:30,0,730,0,730,0,0
2026-02-03 00:00,0,280,0,280,0,0
2026-02-03 00:30,1104,280,0,280,2208,0
2026-02-03 01:00,2208,280,0,280,2208,0
2026-02-03 01:30,3312,280,0,280,2208,0
2026-02-03 02:00,4096,280,0,280,1568,0
2026-02-03 02:30,4096,280,0,280,0,0
2026-02-03 03:00,4096,280,0,280,0,0
2026-02-03 03:30,4096,280,0,280,0,0
2026-02-03 04:00,4096,280,0,280,0,0
2026-02-03 04:30,4096,280,0,280,0,0
2026-02-03 05:00,4096,280,0,280,0,0
2026-02-03 05:30,4096,280,0,280,0,0
2026-02-03 06:00,4096,280,0,280,0,0
2026-02-03 06:30,4096,280,0,280,0,0
2026-02-03 07:00,4096,280,0,280,0,0
2026-02-03 07:30,3944,280,280,0,0,0
2026-02-03 08:00,3792,280,280,0,0,0
2026-02-03 08:30,3639,280,280,0,0,0
2026-02-03 09:00,3433,380,380,0,0,0
2026-02-03 09:30,3226,380,380,0,0,0
2026-02-03 10:00,3020,380,380,0,0,0
2026-02-03 10:30,2813,380,380,0,0,0
2026-02-03 11:00,2607,380,380,0,0,0
2026-02-03 11:30,2400,380,380,0,0,0
2026-02-03 12:00,2194,380,380,0,0,0
2026-02-03 12:30,1987,380,380,0,0,0
2026-02-03 13:00,1781,380,380,0,0,0
2026-02-03 13:30,1574,380,380,0,0,0
2026-02-03 14:00,1368,380,380,0,0,0
2026-02-03 14:30,1161,380,380,0,0,0
2026-02-03 15:00,955,380,380,0,0,0
2026-02-03 15:30,748,380,380,0,0,0
2026-02-03 16:00,542,380,380,0,0,0
2026-02-03 16:30,335,380,380,0,0,0
2026-02-03 17:00,129,380,380,0,0,0
2026-02-03 17:30,0,380,237,143,0,0
2026-02-03 18:00,0,280,0,280,0,0
2026-02-03 18:30,0,280,0,280,0,0
2026-02-03 19:00,0,730,0,730,0,0
2026-02-03 19:30,0,730,0,730,0,0
2026-02-03 20:00,0,730,0,730,0,0
2026-02-03 20:30,0,730,0,730,0,0
2026-02-03 21:00,0,730,0,730,0,0
2026-02-03 21:30,0,730,0,730,0,0
2026-02-03 22:00,0,730,0,730,0,0
2026-02-03 22:30,0,730,0,730,0,0
2026-02-03 23:00,0,730,0,730,0,0
2026-02-03 23:30,0,730,0,730,0,0
2026-02-04 00:00,0,280,0,280,0,0
2026-02-04 00:30,1104,280,0,280,2208,0
2026-02-04 01:00,2208,280,0,280,2208,0
2026-02-04 01:30,3312,280,0,280,2208,0
2026-02-04 02:00,4096,280,0,280,1568,0
2026-02-04 02:30,4096,280,0,280,0,0
2026-02-04 03:00,4096,280,0,280,0,0
2026-02-04 03:30,4096,280,0,280,0,0
2026-02-04 04:00,4096,280,0,280,0,0
2026-02-04 04:30,4096,280,0,280,0,0
2026-02-04 05:00,4096,280,0,280,0,0
2026-02-04 05:30,4096,280,0,280,0,0
2026-02-04 06:00,4096,280,0,280,0,0
2026-02-04 06:30,4096,280,0,280,0,0
2026-02-04 07:00,4096,280,0,280,0,0
2026-02-04 07:30,3944,280,280,0,0,0
2026-02-04 08:00,3792,280,280,0,0,0
2026-02-04 08:30,3639,280,280,0,0,0
2026-02-04 09:00,3433,380,380,0,0,0
2026-02-04 09:30,3226,380,380,0,0,0
2026-02-04 10:00,3020,380,380,0,0,0
2026-02-04 10:30,2813,380,380,0,0,0
2026-02-04 11:00,2607,380,380,0,0,0
2026-02-04 11:30,2400,380,380,0,0,0
2026-02-04 12:00,2194,380,380,0,0,0
2026-02-04 12:30,1987,380,380,0,0,0
2026-02-04 13:00,1781,380,380,0,0,0
2026-02-04 13:30,1574,380,380,0,0,0
2026-02-04 14:00,1368,380,380,0,0,0
2026-02-04 14:30,1161,380,380,0,0,0
2026-02-04 15:00,955,380,380,0,0,0
2026-02-04 15:30,748,380,380,0,0,0
2026-02-04 16:00,542,380,380,0,0,0
2026-02-04 16:30,335,380,380,0,0,0
2026-02-04 17:00,129,380,380,0,0,0
2026-02-04 17:30,0,380,237,143,0,0
2026-02-04 18:00,0,280,0,280,0,0
2026-02-04 18:30,0,280,0,280,0,0
2026-02-04 19:00,0,580,0,580,0,0
2026-02-04 19:30,0,580,0,580,0,0
2026-02-04 20:00,0,580,0,580,0,0
2026-02-04 20:30,0,580,0,580,0,0
2026-02-04 21:00,0,580,0,580,0,0
2026-02-04 21:30,0,580,0,580,0,0
2026-02-04 22:00,0,580,0,580,0,0
2026-02-04 22:30,0,580,0,580,0,0
2026-02-04 23:00,0,280,0,280,0,0
2026-02-04 23:30,0,280,0,280,0,0
2026-02-05 00:00,0,280,0,280,0,0
2026-02-05 00:30,1104,280,0,280,2208,0
2026-02-05 01:00,2208,280,0,280,2208,0
2026-02-05 01:30,3312,280,0,280,2208,0
2026-02-05 02:00,4096,280,0,280,1568,0
2026-02-05 02:30,4096,280,0,280,0,0
2026-02-05 03:00,4096,280,0,280,0,0
2026-02-05 03:30,4096,280,0,280,0,0
2026-02-05 04:00,4096,280,0,280,0,0
2026-02-05 04:30,4096,280,0,280,0,0
2026-02-05 05:00,4096,280,0,280,0,0
2026-02-05 05:30,4096,280,0,280,0,0
2026-02-05 06:00,4096,280,0,280,0,0
2026-02-05 06:30,4096,280,0,280,0,0
2026-02-05 07:00,4096,280,0,280,0,0
2026-02-05 07:30,3944,280,280,0,0,0
2026-02-05 08:00,3792,280,280,0,0,0
2026-02-05 08:30,3639,280,280,0,0,0
2026-02-05 09:00,3433,380,380,0,0,0
2026-02-05 09:30,3226,380,380,0,0,0
2026-02-05 10:00,3020,380,380,0,0,0
2026-02-05 10:30,2813,380,380,0,0,0
2026-02-05 11:00,2607,380,380,0,0,0
2026-02-05 11:30,2400,380,380,0,0,0
2026-02-05 12:00,2194,380,380,0,0,0
2026-02-05 12:30,1987,380,380,0,0,0
2026-02-05 13:00,1781,380,380,0,0,0
2026-02-05 13:30,1574,380,380,0,0,0
2026-02-05 14:00,1368,380,380,0,0,0
2026-02-05 14:30,1161,380,380,0,0,0
2026-02-05 15:00,955,380,380,0,0,0
2026-02-05 15:30,748,380,380,0,0,0
2026-02-05 16:00,542,380,380,0,0,0
2026-02-05 16:30,335,380,380,0,0,0
2026-02-05 17:00,129,380,380,0,0,0
2026-02-05 17:30,0,380,237,143,0,0
2026-02-05 18:00,0,280,0,280,0,0
2026-02-05 18:30,0,280,0,280,0,0
2026-02-05 19:00,0,730,0,730,0,0
2026-02-05 19:30,0,730,0,730,0,0
2026-02-05 20:00,0,730,0,730,0,0
2026-02-05 20:30,0,730,0,730,0,0
2026-02-05 21:00,0,730,0,730,0,0
2026-02-05 21:30,0,730,0,730,0,0
2026-02-05 22:00,0,730,0,730,0,0
2026-02-05 22:30,0,730,0,730,0,0
2026-02-05 23:00,0,730,0,730,0,0
2026-02-05 23:30,0,730,0,730,0,0
2026-02-06 00:00,0,280,0,280,0,0
2026-02-06 00:30,1104,280,0,280,2208,0
2026-02-06 01:00,2208,280,0,280,2208,0
2026-02-06 01:30,3312,280,0,280,2208,0
2026-02-06 02:00,4096,280,0,280,1568,0
2026-02-06 02:30,4096,280,0,280,0,0
2026-02-06 03:00,4096,280,0,280,0,0
2026-02-06 03:30,4096,280,0,280,0,0
2026-02-06 04:00,4096,280,0,280,0,0
2026-02-06 04:30,4096,280,0,280,0,0
2026-02-06 05:00,4096,280,0,280,0,0
2026-02-06 05:30,4096,280,0,280,0,0
2026-02-06 06:00,4096,280,0,280,0,0
2026-02-06 06:30,4096,280,0,280,0,0
2026-02-06 07:00,4096,280,0,280,0,0
2026-02-06 07:30,3944,280,280,0,0,0
2026-02-06 08:00,3792,280,280,0,0,0
2026-02-06 08:30,3639,280,280,0,0,0
2026-02-06 09:00,3433,380,380,0,0,0
2026-02-06 09:30,3226,380,380,0,0,0
2026-02-06 10:00,3020,380,380,0,0,0
2026-02-06 10:30,2813,380,380,0,0,0
2026-02-06 11:00,2607,380,380,0,0,0
2026-02-06 11:30,2400,380,380,0,0,0
2026-02-06 12:00,2194,380,380,0,0,0
2026-02-06 12:30,1987,380,380,0,0,0
2026-02-06 13:00,1781,380,380,0,0,0
2026-02-06 13:30,1574,380,380,0,0,0
2026-02-06 14:00,1368,380,380,0,0,0
2026-02-06 14:30,1161,380,380,0,0,0
2026-02-06 15:00,955,380,380,0,0,0
2026-02-06 15:30,748,380,380,0,0,0
2026-02-06 16:00,542,380,380,0,0,0
2026-02-06 16:30,335,380,380,0,0,0
2026-02-06 17:00,129,380,380,0,0,0
2026-02-06 17:30,0,380,237,143,0,0
2026-02-06 18:00,0,280,0,280,0,0
2026-02-06 18:30,0,280,0,280,0,0
2026-02-06 19:00,0,730,0,730,0,0
2026-02-06 19:30,0,730,0,730,0,0
2026-02-06 20:00,0,730,0,730,0,0
2026-02-06 20:30,0,730,0,730,0,0
2026-02-06 21:00,0,730,0,730,0,0
2026-02-06 21:30,0,730,0,730,0,0
2026-02-06 22:00,0,730,0,730,0,0
2026-02-06 22:30,0,730,0,730,0,0
2026-02-06 23:00,0,730,0,730,0,0
2026-02-06 23:30,0,730,0,730,0,0
2026-02-07 00:00,0,280,0,280,0,0
2026-02-07 00:30,1104,280,0,280,2208,0
2026-02-07 01:00,2208,280,0,280,2208,0
2026-02-07 01:30,3312,280,0,280,2208,0
2026-02-07 02:00,4096,280,0,280,1568,0
2026-02-07 02:30,4096,280,0,280,0,0
2026-02-07 03:00,4096,280,0,280,0,0
2026-02-07 03:30,4096,280,0,280,0,0
2026-02-07 04:00,4096,280,0,280,0,0
2026-02-07 04:30,4096,280,0,280,0,0
2026-02-07 05:00,4096,280,0,280,0,0
2026-02-07 05:30,4096,280,0,280,0,0
2026-02-07 06:00,4096,280,0,280,0,0
2026-02-07 06:30,4096,280,0,280,0,0
2026-02-07 07:00,4096,280,0,280,0,0
2026-02-07 07:30,3944,280,280,0,0,0
2026-02-07 08:00,3792,280,280,0,0,0
2026-02-07 08:30,3639,280,280,0,0,0
2026-02-07 09:00,3487,280,280,0,0,0
2026-02-07 09:30,3335,280,280,0,0,0
2026-02-07 10:00,3183,280,280,0,0,0
2026-02-07 10:30,3031,280,280,0,0,0
2026-02-07 11:00,2879,280,280,0,0,0
2026-02-07 11:30,2726,280,280,0,0,0
2026-02-07 12:00,2574,280,280,0,0,0
2026-02-07 12:30,2422,280,280,0,0,0
2026-02-07 13:00,2270,280,280,0,0,0
2026-02-07 13:30,2118,280,280,0,0,0
2026-02-07 14:00,1966,280,280,0,0,0
2026-02-07 14:30,1813,280,280,0,0,0
2026-02-07 15:00,1661,280,280,0,0,0
2026-02-07 15:30,1509,280,280,0,0,0
2026-02-07 16:00,1357,280,280,0,0,0
2026-02-07 16:30,1205,280,280,0,0,0
2026-02-07 17:00,1053,280,280,0,0,0
2026-02-07 17:30,900,280,280,0,0,0
2026-02-07 18:00,748,280,280,0,0,0
2026-02-07 18:30,596,280,280,0,0,0
2026-02-07 19:00,199,730,730,0,0,0
2026-02-07 19:30,0,730,367,363,0,0
2026-02-07 20:00,0,730,0,730,0,0
2026-02-07 20:30,0,730,0,730,0,0
2026-02-07 21:00,0,730,0,730,0,0
2026-02-07 21:30,0,730,0,730,0,0
2026-02-07 22:00,0,730,0,730,0,0
2026-02-07 22:30,0,730,0,730,0,0
2026-02-07 23:00,0,730,0,730,0,0
2026-02-07 23:30,0,730,0,730,0,0
2026-02-08 00:00,0,280,0,280,0,0
2026-02-08 00:30,1104,280,0,280,2208,0
2026-02-08 01:00,2208,280,0,280,2208,0
2026-02-08 01:30,3312,280,0,280,2208,0
2026-02-08 02:00,4096,280,0,280,1568,0
2026-02-08 02:30,4096,280,0,280,0,0
2026-02-08 03:00,4096,280,0,280,0,0
2026-02-08 03:30,4096,280,0,280,0,0
2026-02-08 04:00,4096,280,0,280,0,0
2026-02-08 04:30,4096,280,0,280,0,0
2026-02-08 05:00,4096,280,0,280,0,0
2026-02-08 05:30,4096,280,0,280,0,0
2026-02-08 06:00,4096,280,0,280,0,0
2026-02-08 06:30,4096,280,0,280,0,0
2026-02-08 07:00,4096,280,0,280,0,0
2026-02-08 07:30,3944,280,280,0,0,0
2026-02-08 08:00,3792,280,280,0,0,0
2026-02-08 08:30,3639,280,280,0,0,0
2026-02-08 09:00,3487,280,280,0,0,0
2026-02-08 09:30,3335,280,280,0,0,0
2026-02-08 10:00,3183,280,280,0,0,0
2026-02-08 10:30,3031,280,280,0,0,0
2026-02-08 11:00,2879,280,280,0,0,0
2026-02-08 11:30,2726,280,280,0,0,0
2026-02-08 12:00,2590,280,280,0,0,31
2026-02-08 12:30,2438,280,280,0,0,0
2026-02-08 13:00,2286,280,280,0,0,0
2026-02-08 13:30,2133,280,280,0,0,0
2026-02-08 14:00,1981,280,280,0,0,0
2026-02-08 14:30,1829,280,280,0,0,0
2026-02-08 15:00,1677,280,280,0,0,0
2026-02-08 15:30,1525,280,280,0,0,0
2026-02-08 16:00,1373,280,280,0,0,0
2026-02-08 16:30,1220,280,280,0,0,0
2026-02-08 17:00,1068,280,280,0,0,0
2026-02-08 17:30,916,280,280,0,0,0
2026-02-08 18:00,764,280,280,0,0,0
2026-02-08 18:30,612,280,280,0,0,0
2026-02-08 19:00,215,730,730,0,0,0
2026-02-08 19:30,0,730,395,335,0,0
2026-02-08 20:00,0,730,0,730,0,0
2026-02-08 20:30,0,730,0,730,0,0
2026-02-08 21:00,0,730,0,730,0,0
2026-02-08 21:30,0,730,0,730,0,0
2026-02-08 22:00,0,730,0,730,0,0
2026-02-08 22:30,0,730,0,730,0,0
2026-02-08 23:00,0,730,0,730,0,0
2026-02-08 23:30,0,730,0,730,0,0
2026-02-09 00:00,0,280,0,280,0,0
2026-02-09 00:30,1104,280,0,280,2208,0
2026-02-09 01:00,2208,280,0,280,2208,0
2026-02-09 01:30,3312,280,0,280,2208,0
2026-02-09 02:00,4096,280,0,280,1568,0
2026-02-09 02:30,4096,280,0,280,0,0
2026-02-09 03:00,4096,280,0,280,0,0
2026-02-09 03:30,4096,280,0,280,0,0
2026-02-09 04:00,4096,280,0,280,0,0
2026-02-09 04:30,4096,280,0,280,0,0
2026-02-09 05:00,4096,280,0,280,0,0
2026-02-09 05:30,4096,280,0,280,0,0
2026-02-09 06:00,4096,280,0,280,0,0
2026-02-09 06:30,4096,280,0,280,0,0
2026-02-09 07:00,4096,280,0,280,0,0
2026-02-09 07:30,3944,280,280,0,0,0
2026-02-09 08:00,3792,280,280,0,0,0
2026-02-09 08:30,3639,280,280,0,0,0
2026-02-09 09:00,3433,380,380,0,0,0
2026-02-09 09:30,3226,380,380,0,0,0
2026-02-09 10:00,3020,380,380,0,0,0
2026-02-09 10:30,2813,380,380,0,0,0
2026-02-09 11:00,2607,380,380,0,0,0
2026-02-09 11:30,2417,380,380,0,0,33
2026-02-09 12:00,2210,380,380,0,0,0
2026-02-09 12:30,2004,380,380,0,0,0
2026-02-09 13:00,1797,380,380,0,0,0
2026-02-09 13:30,1591,380,380,0,0,0
2026-02-09 14:00,1384,380,380,0,0,0
2026-02-09 14:30,1178,380,380,0,0,0
2026-02-09 15:00,971,380,380,0,0,0
2026-02-09 15:30,765,380,380,0,0,0
2026-02-09 16:00,558,380,380,0,0,0
2026-02-09 16:30,352,380,380,0,0,0
2026-02-09 17:00,145,380,380,0,0,0
2026-02-09 17:30,0,380,267,113,0,0
2026-02-09 18:00,0,280,0,280,0,0
2026-02-09 18:30,0,280,0,280,0,0
2026-02-09 19:00,0,580,0,580,0,0
2026-02-09 19:30,0,580,0,580,0,0
2026-02-09 20:00,0,580,0,580,0,0
2026-02-09 20:30,0,580,0,580,0,0
2026-02-09 21:00,0,580,0,580,0,0
2026-02-09 21:30,0,580,0,580,0,0
2026-02-09 22:00,0,580,0,580,0,0
2026-02-09 22:30,0,580,0,580,0,0
2026-02-09 23:00,0,280,0,280,0,0
2026-02-09 23:30,0,280,0,280,0,0
2026-02-10 00:00,0,280,0,280,0,0
2026-02-10 00:30,1104,280,0,280,2208,0
2026-02-10 01:00,2208,280,0,280,2208,0
2026-02-10 01:30,3312,280,0,280,2208,0
2026-02-10 02:00,4096,280,0,280,1568,0
2026-02-10 02:30,4096,280,0,280,0,0
2026-02-10 03:00,4096,280,0,280,0,0
2026-02-10 03:30,4096,280,0,280,0,0
2026-02-10 04:00,4096,280,0,280,0,0
2026-02-10 04:30,4096,280,0,280,0,0
2026-02-10 05:00,4096,280,0,280,0,0
2026-02-10 05:30,4096,280,0,280,0,0
2026-02-10 06:00,4096,280,0,280,0,0
2026-02-10 06:30,4096,280,0,280,0,0
2026-02-10 07:00,4096,280,0,280,0,0
2026-02-10 07:30,3944,280,280,0,0,0
2026-02-10 08:00,3792,280,280,0,0,0
2026-02-10 08:30,3639,280,280,0,0,0
2026-02-10 09:00,3433,380,380,0,0,0
2026-02-10 09:30,3226,380,380,0,0,0
2026-02-10 10:00,3020,380,380,0,0,0
2026-02-10 10:30,2813,380,380,0,0,0
2026-02-10 11:00,2607,380,380,0,0,0
2026-02-10 11:30,2400,380,380,0,0,0
2026-02-10 12:00,2194,380,380,0,0,0
2026-02-10 12:30,1987,380,380,0,0,0
2026-02-10 13:00,1781,380,380,0,0,0
2026-02-10 13:30,1574,380,380,0,0,0
2026-02-10 14:00,1368,380,380,0,0,0
2026-02-10 14:30,1161,380,380,0,0,0
2026-02-10 15:00,955,380,380,0,0,0
2026-02-10 15:30,748,380,380,0,0,0
2026-02-10 16:00,542,380,380,0,0,0
2026-02-10 16:30,335,380,380,0,0,0
2026-02-10 17:00,129,380,380,0,0,0
2026-02-10 17:30,0,380,237,143,0,0
2026-02-10 18:00,0,280,0,280,0,0
2026-02-10 18:30,0,280,0,280,0,0
2026-02-10 19:00,0,460,0,460,0,0
2026-02-10 19:30,0,460,0,460,0,0
2026-02-10 20:00,0,460,0,460,0,0
2026-02-10 20:30,0,460,0,460,0,0
2026-02-10 21:00,0,460,0,460,0,0
2026-02-10 21:30,0,460,0,460,0,0
2026-02-10 22:00,0,280,0,280,0,0
2026-02-10 22:30,0,280,0,280,0,0
2026-02-10 23:00,0,280,0,280,0,0
2026-02-10 23:30,0,280,0,280,0,0
2026-02-11 00:00,0,280,0,280,0,0
2026-02-11 00:30,1104,280,0,280,2208,0
2026-02-11 01:00,2208,280,0,280,2208,0
2026-02-11 01:30,3312,280,0,280,2208,0
2026-02-11 02:00,4096,280,0,280,1568,0
2026-02-11 02:30,4096,280,0,280,0,0
2026-02-11 03:00,4096,280,0,280,0,0
2026-02-11 03:30,4096,280,0,280,0,0
2026-02-11 04:00,4096,280,0,280,0,0
2026-02-11 04:30,4096,280,0,280,0,0
2026-02-11 05:00,4096,280,0,280,0,0
2026-02-11 05:30,4096,280,0,280,0,0
2026-02-11 06:00,4096,280,0,280,0,0
2026-02-11 06:30,4096,280,0,280,0,0
2026-02-11 07:00,4096,280,0,280,0,0
2026-02-11 07:30,3944,280,280,0,0,0
2026-02-11 08:00,3792,280,280,0,0,0
2026-02-11 08:30,3639,280,280,0,0,0
2026-02-11 09:00,3433,380,380,0,0,0
2026-02-11 09:30,3226,380,380,0,0,0
2026-02-11 10:00,3020,380,380,0,0,0
2026-02-11 10:30,2831,380,380,0,0,35
2026-02-11 11:00,2624,380,380,0,0,0
2026-02-11 11:30,2418,380,380,0,0,0
2026-02-11 12:00,2211,380,380,0,0,0
2026-02-11 12:30,2005,380,380,0,0,0
2026-02-11 13:00,1798,380,380,0,0,0
2026-02-11 13:30,1592,380,380,0,0,0
2026-02-11 14:00,1385,380,380,0,0,0
2026-02-11 14:30,1179,380,380,0,0,0
2026-02-11 15:00,972,380,380,0,0,0
2026-02-11 15:30,766,380,380,0,0,0
2026-02-11 16:00,559,380,380,0,0,0
2026-02-11 16:30,353,380,380,0,0,0
2026-02-11 17:00,146,380,380,0,0,0
2026-02-11 17:30,0,380,269,111,0,0
2026-02-11 18:00,0,280,0,280,0,0
2026-02-11 18:30,0,280,0,280,0,0
2026-02-11 19:00,0,460,0,460,0,0
2026-02-11 19:30,0,460,0,460,0,0
2026-02-11 20:00,0,460,0,460,0,0
2026-02-11 20:30,0,460,0,460,0,0
2026-02-11 21:00,0,460,0,460,0,0
2026-02-11 21:30,0,460,0,460,0,0
2026-02-11 22:00,0,280,0,280,0,0
2026-02-11 22:30,0,280,0,280,0,0
2026-02-11 23:00,0,280,0,280,0,0
2026-02-11 23:30,0,280,0,280,0,0
2026-02-12 00:00,0,280,0,280,0,0
2026-02-12 00:30,1104,280,0,280,2208,0
2026-02-12 01:00,2208,280,0,280,2208,0
2026-02-12 01:30,3312,280,0,280,2208,0
2026-02-12 02:00,4096,280,0,280,1568,0
2026-02-12 02:30,4096,280,0,280,0,0
2026-02-12 03:00,4096,280,0,280,0,0
2026-02-12 03:30,4096,280,0,280,0,0
2026-02-12 04:00,4096,280,0,280,0,0
2026-02-12 04:30,4096,280,0,280,0,0
2026-02-12 05:00,4096,280,0,280,0,0
2026-02-12 05:30,4096,280,0,280,0,0
2026-02-12 06:00,4096,280,0,280,0,0
2026-02-12 06:30,4096,280,0,280,0,0
2026-02-12 07:00,4096,280,0,280,0,0
2026-02-12 07:30,3944,280,280,0,0,0
2026-02-12 08:00,3792,280,280,0,0,0
2026-02-12 08:30,3639,280,280,0,0,0
2026-02-12 09:00,3433,380,380,0,0,0
2026-02-12 09:30,3226,380,380,0,0,0
2026-02-12 10:00,3041,380,380,0,0,42
2026-02-12 10:30,2835,380,380,0,0,0
2026-02-12 11:00,2628,380,380,0,0,0
2026-02-12 11:30,2422,380,380,0,0,0
2026-02-12 12:00,2244,380,380,0,0,59
2026-02-12 12:30,2038,380,380,0,0,0
2026-02-12 13:00,1831,380,380,0,0,0
2026-02-12 13:30,1625,380,380,0,0,0
2026-02-12 14:00,1418,380,380,0,0,0
2026-02-12 14:30,1212,380,380,0,0,0
2026-02-12 15:00,1005,380,380,0,0,0
2026-02-12 15:30,799,380,380,0,0,0
2026-02-12 16:00,592,380,380,0,0,0
2026-02-12 16:30,386,380,380,0,0,0
2026-02-12 17:00,179,380,380,0,0,0
2026-02-12 17:30,0,380,330,50,0,0
2026-02-12 18:00,0,280,0,280,0,0
2026-02-12 18:30,0,280,0,280,0,0
2026-02-12 19:00,0,730,0,730,0,0
2026-02-12 19:30,0,730,0,730,0,0
2026-02-12 20:00,0,730,0,730,0,0
2026-02-12 20:30,0,730,0,730,0,0
2026-02-12 21:00,0,730,0,730,0,0
2026-02-12 21:30,0,730,0,730,0,0
2026-02-12 22:00,0,730,0,730,0,0
2026-02-12 22:30,0,730,0,730,0,0
2026-02-12 23:00,0,730,0,730,0,0
2026-02-12 23:30,0,730,0,730,0,0
2026-02-13 00:00,0,280,0,280,0,0
2026-02-13 00:30,1104,280,0,280,2208,0
2026-02-13 01:00,2208,280,0,280,2208,0
2026-02-13 01:30,3312,280,0,280,2208,0
2026-02-13 02:00,4096,280,0,280,1568,0
2026-02-13 02:30,4096,280,0,280,0,0
2026-02-13 03:00,4096,280,0,280,0,0
2026-02-13 03:30,4096,280,0,280,0,0
2026-02-13 04:00,4096,280,0,280,0,0
2026-02-13 04:30,4096,280,0,280,0,0
2026-02-13 05:00,4096,280,0,280,0,0
2026-02-13 05:30,4096,280,0,280,0,0
2026-02-13 06:00,4096,280,0,280,0,0
2026-02-13 06:30,4096,280,0,280,0,0
2026-02-13 07:00,4096,280,0,280,0,0
2026-02-13 07:30,3944,280,280,0,0,0
2026-02-13 08:00,3792,280,280,0,0,0
2026-02-13 08:30,3639,280,280,0,0,0
2026-02-13 09:00,3433,380,380,0,0,0
2026-02-13 09:30,3226,380,380,0,0,0
2026-02-13 10:00,3020,380,380,0,0,0
2026-02-13 10:30,2813,380,380,0,0,0
2026-02-13 11:00,2607,380,380,0,0,0
2026-02-13 11:30,2400,380,380,0,0,0
2026-02-13 12:00,2194,380,380,0,0,0
2026-02-13 12:30,1987,380,380,0,0,0
2026-02-13 13:00,1781,380,380,0,0,0
2026-02-13 13:30,1574,380,380,0,0,0
2026-02-13 14:00,1368,380,380,0,0,0
2026-02-13 14:30,1161,380,380,0,0,0
2026-02-13 15:00,955,380,380,0,0,0
2026-02-13 15:30,748,380,380,0,0,0
2026-02-13 16:00,542,380,380,0,0,0
2026-02-13 16:30,335,380,380,0,0,0
2026-02-13 17:00,129,380,380,0,0,0
2026-02-13 17:30,0,380,237,143,0,0
2026-02-13 18:00,0,280,0,280,0,0
2026-02-13 18:30,0,280,0,280,0,0
2026-02-13 19:00,0,580,0,580,0,0
2026-02-13 19:30,0,580,0,580,0,0
2026-02-13 20:00,0,580,0,580,0,0
2026-02-13 20:30,0,580,0,580,0,0
2026-02-13 21:00,0,580,0,580,0,0
2026-02-13 21:30,0,580,0,580,0,0
2026-02-13 22:00,0,580,0,580,0,0
2026-02-13 22:30,0,580,0,580,0,0
2026-02-13 23:00,0,280,0,280,0,0
2026-02-13 23:30,0,280,0,280,0,0
2026-02-14 00:00,0,280,0,280,0,0
2026-02-14 00:30,1104,280,0,280,2208,0
2026-02-14 01:00,2208,280,0,280,2208,0
2026-02-14 01:30,3312,280,0,280,2208,0
2026-02-14 02:00,4096,280,0,280,1568,0
2026-02-14 02:30,4096,280,0,280,0,0
2026-02-14 03:00,4096,280,0,280,0,0
2026-02-14 03:30,4096,280,0,280,0,0
2026-02-14 04:00,4096,280,0,280,0,0
2026-02-14 04:30,4096,280,0,280,0,0
2026-02-14 05:00,4096,280,0,280,0,0
2026-02-14 05:30,4096,280,0,280,0,0
2026-02-14 06:00,4096,280,0,280,0,0
2026-02-14 06:30,4096,280,0,280,0,0
2026-02-14 07:00,4096,280,0,280,0,0
2026-02-14 07:30,3944,280,280,0,0,0
2026-02-14 08:00,3944,280,280,0,0,304
2026-02-14 08:30,3944,280,280,0,0,304
2026-02-14 09:00,3944,280,280,0,0,304
2026-02-14 09:30,3944,280,280,0,0,304
2026-02-14 10:00,3944,280,280,0,0,304
2026-02-14 10:30,3944,280,280,0,0,304
2026-02-14 11:00,3944,280,280,0,0,304
2026-02-14 11:30,3944,280,280,0,0,304
2026-02-14 12:00,3944,280,280,0,0,304
2026-02-14 12:30,3944,280,280,0,0,304
2026-02-14 13:00,3814,280,280,0,0,44
2026-02-14 13:30,3884,280,280,0,0,445
2026-02-14 14:00,3877,280,280,0,0,291
2026-02-14 14:30,3725,280,280,0,0,0
2026-02-14 15:00,3573,280,280,0,0,0
2026-02-14 15:30,3421,280,280,0,0,0
2026-02-14 16:00,3269,280,280,0,0,0
2026-02-14 16:30,3117,280,280,0,0,0
2026-02-14 17:00,2964,280,280,0,0,0
2026-02-14 17:30,2812,280,280,0,0,0
2026-02-14 18:00,2660,280,280,0,0,0
2026-02-14 18:30,2508,280,280,0,0,0
2026-02-14 19:00,2258,460,460,0,0,0
2026-02-14 19:30,2008,460,460,0,0,0
2026-02-14 20:00,1758,460,460,0,0,0
2026-02-14 20:30,1508,460,460,0,0,0
2026-02-14 21:00,1258,460,460,0,0,0
2026-02-14 21:30,1008,460,460,0,0,0
2026-02-14 22:00,856,280,280,0,0,0
2026-02-14 22:30,703,280,280,0,0,0
2026-02-14 23:00,551,280,280,0,0,0
2026-02-14 23:30,399,280,280,0,0,0
2026-02-15 00:00,247,280,280,0,0,0
2026-02-15 00:30,1351,280,0,280,2208,0
2026-02-15 01:00,2455,280,0,280,2208,0
2026-02-15 01:30,3559,280,0,280,2208,0
2026-02-15 02:00,4096,280,0,280,1074,0
2026-02-15 02:30,4096,280,0,280,0,0
2026-02-15 03:00,4096,280,0,280,0,0
2026-02-15 03:30,4096,280,0,280,0,0
2026-02-15 04:00,4096,280,0,280,0,0
2026-02-15 04:30,4096,280,0,280,0,0
2026-02-15 05:00,4096,280,0,280,0,0
2026-02-15 05:30,4096,280,0,280,0,0
2026-02-15 06:00,4096,280,0,280,0,0
2026-02-15 06:30,4096,280,0,280,0,0
2026-02-15 07:00,4096,280,0,280,0,0
2026-02-15 07:30,3944,280,280,0,0,0
2026-02-15 08:00,3792,280,280,0,0,0
2026-02-15 08:30,3639,280,280,0,0,0
2026-02-15 09:00,3487,280,280,0,0,0
2026-02-15 09:30,3335,280,280,0,0,0
2026-02-15 10:00,3183,280,280,0,0,0
2026-02-15 10:30,3031,280,280,0,0,0
2026-02-15 11:00,2879,280,280,0,0,0
2026-02-15 11:30,2726,280,280,0,0,0
2026-02-15 12:00,2574,280,280,0,0,0
2026-02-15 12:30,2422,280,280,0,0,0
2026-02-15 13:00,2270,280,280,0,0,0
2026-02-15 13:30,2118,280,280,0,0,0
2026-02-15 14:00,1966,280,280,0,0,0
2026-02-15 14:30,1813,280,280,0,0,0
2026-02-15 15:00,1661,280,280,0,0,0
2026-02-15 15:30,1509,280,280,0,0,0
2026-02-15 16:00,1357,280,280,0,0,0
2026-02-15 16:30,1205,280,280,0,0,0
2026-02-15 17:00,1053,280,280,0,0,0
2026-02-15 17:30,900,280,280,0,0,0
2026-02-15 18:00,748,280,280,0,0,0
2026-02-15 18:30,596,280,280,0,0,0
2026-02-15 19:00,281,580,580,0,0,0
2026-02-15 19:30,0,580,517,63,0,0
2026-02-15 20:00,0,580,0,580,0,0
2026-02-15 20:30,0,580,0,580,0,0
2026-02-15 21:00,0,580,0,580,0,0
2026-02-15 21:30,0,580,0,580,0,0
2026-02-15 22:00,0,580,0,580,0,0
2026-02-15 22:30,0,580,0,580,0,0
2026-02-15 23:00,0,280,0,280,0,0
2026-02-15 23:30,0,280,0,280,0,0
2026-02-16 00:00,0,280,0,280,0,0
2026-02-16 00:30,1104,280,0,280,2208,0
2026-02-16 01:00,2208,280,0,280,2208,0
2026-02-16 01:30,3312,280,0,280,2208,0
2026-02-16 02:00,4096,280,0,280,1568,0
2026-02-16 02:30,4096,280,0,280,0,0
2026-02-16 03:00,4096,280,0,280,0,0
2026-02-16 03:30,4096,280,0,280,0,0
2026-02-16 04:00,4096,280,0,280,0,0
2026-02-16 04:30,4096,280,0,280,0,0
2026-02-16 05:00,4096,280,0,280,0,0
2026-02-16 05:30,4096,280,0,280,0,0
2026-02-16 06:00,4096,280,0,280,0,0
2026-02-16 06:30,4096,280,0,280,0,0
2026-02-16 07:00,4096,280,0,280,0,0
2026-02-16 07:30,3944,280,280,0,0,0
2026-02-16 08:00,3880,280,280,0,0,177
2026-02-16 08:30,3944,280,280,0,0,432
2026-02-16 09:00,3889,380,380,0,0,304
2026-02-16 09:30,3889,380,380,0,0,413
2026-02-16 10:00,3889,380,380,0,0,413
2026-02-16 10:30,3889,380,380,0,0,413
2026-02-16 11:00,3799,380,380,0,0,232
2026-02-16 11:30,3661,380,380,0,0,138
2026-02-16 12:00,3455,380,380,0,0,0
2026-02-16 12:30,3342,380,380,0,0,188
2026-02-16 13:00,3374,380,380,0,0,477
2026-02-16 13:30,3296,380,380,0,0,258
2026-02-16 14:00,3282,380,380,0,0,385
2026-02-16 14:30,3136,380,380,0,0,121
2026-02-16 15:00,2930,380,380,0,0,0
2026-02-16 15:30,2723,380,380,0,0,0
2026-02-16 16:00,2517,380,380,0,0,0
2026-02-16 16:30,2310,380,380,0,0,0
2026-02-16 17:00,2104,380,380,0,0,0
2026-02-16 17:30,1897,380,380,0,0,0
2026-02-16 18:00,1745,280,280,0,0,0
2026-02-16 18:30,1593,280,280,0,0,0
2026-02-16 19:00,1440,280,280,0,0,0
2026-02-16 19:30,1288,280,280,0,0,0
2026-02-16 20:00,1136,280,280,0,0,0
2026-02-16 20:30,984,280,280,0,0,0
2026-02-16 21:00,832,280,280,0,0,0
2026-02-16 21:30,680,280,280,0,0,0
2026-02-16 22:00,527,280,280,0,0,0
2026-02-16 22:30,375,280,280,0,0,0
2026-02-16 23:00,223,280,280,0,0,0
2026-02-16 23:30,71,280,280,0,0,0
2026-02-17 00:00,0,280,131,149,0,0
2026-02-17 00:30,1104,280,0,280,2208,0
2026-02-17 01:00,2208,280,0,280,2208,0
2026-02-17 01:30,3312,280,0,280,2208,0
2026-02-17 02:00,4096,280,0,280,1568,0
2026-02-17 02:30,4096,280,0,280,0,0
2026-02-17 03:00,4096,280,0,280,0,0
2026-02-17 03:30,4096,280,0,280,0,0
2026-02-17 04:00,4096,280,0,280,0,0
2026-02-17 04:30,4096,280,0,280,0,0
2026-02-17 05:00,4096,280,0,280,0,0
2026-02-17 05:30,4096,280,0,280,0,0
2026-02-17 06:00,4096,280,0,280,0,0
2026-02-17 06:30,4096,280,0,280,0,0
2026-02-17 07:00,4096,280,0,280,0,0
2026-02-17 07:30,3944,280,280,0,0,0
2026-02-17 08:00,3944,280,280,0,0,304
2026-02-17 08:30,3944,280,280,0,0,304
2026-02-17 09:00,3889,380,380,0,0,304
2026-02-17 09:30,3889,380,380,0,0,413
2026-02-17 10:00,3889,380,380,0,0,413
2026-02-17 10:30,3889,380,380,0,0,413
2026-02-17 11:00,3889,380,380,0,0,413
2026-02-17 11:30,3889,380,380,0,0,413
2026-02-17 12:00,3889,380,380,0,0,413
2026-02-17 12:30,3889,380,380,0,0,413
2026-02-17 13:00,3889,380,380,0,0,413
2026-02-17 13:30,3745,380,380,0,0,123
2026-02-17 14:00,3680,380,380,0,0,283
2026-02-17 14:30,3512,380,380,0,0,77
2026-02-17 15:00,3318,380,380,0,0,26
2026-02-17 15:30,3112,380,380,0,0,0
2026-02-17 16:00,2905,380,380,0,0,0
2026-02-17 16:30,2699,380,380,0,0,0
2026-02-17 17:00,2492,380,380,0,0,0
2026-02-17 17:30,2286,380,380,0,0,0
2026-02-17 18:00,2133,280,280,0,0,0
2026-02-17 18:30,1981,280,280,0,0,0
2026-02-17 19:00,1829,280,280,0,0,0
2026-02-17 19:30,1677,280,280,0,0,0
2026-02-17 20:00,1525,280,280,0,0,0
2026-02-17 20:30,1373,280,280,0,0,0
2026-02-17 21:00,1220,280,280,0,0,0
2026-02-17 21:30,1068,280,280,0,0,0
2026-02-17 22:00,916,280,280,0,0,0
2026-02-17 22:30,764,280,280,0,0,0
2026-02-17 23:00,612,280,280,0,0,0
2026-02-17 23:30,460,280,280,0,0,0
2026-02-18 00:00,307,280,280,0,0,0
2026-02-18 00:30,1411,280,0,280,2208,0
2026-02-18 01:00,2515,280,0,280,2208,0
2026-02-18 01:30,3619,280,0,280,2208,0
2026-02-18 02:00,4096,280,0,280,953,0
2026-02-18 02:30,4096,280,0,280,0,0
2026-02-18 03:00,4096,280,0,280,0,0
2026-02-18 03:30,4096,280,0,280,0,0
2026-02-18 04:00,4096,280,0,280,0,0
2026-02-18 04:30,4096,280,0,280,0,0
2026-02-18 05:00,4096,280,0,280,0,0
2026-02-18 05:30,4096,280,0,280,0,0
2026-02-18 06:00,4096,280,0,280,0,0
2026-02-18 06:30,4096,280,0,280,0,0
2026-02-18 07:00,4096,280,0,280,0,0
2026-02-18 07:30,3944,280,280,0,0,0
2026-02-18 08:00,3792,280,280,0,0,0
2026-02-18 08:30,3709,280,280,0,0,140
2026-02-18 09:00,3602,380,380,0,0,199
2026-02-18 09:30,3396,380,380,0,0,0
2026-02-18 10:00,3189,380,380,0,0,0
2026-02-18 10:30,2983,380,380,0,0,0
2026-02-18 11:00,2776,380,380,0,0,0
2026-02-18 11:30,2582,380,380,0,0,24
2026-02-18 12:00,2418,380,380,0,0,86
2026-02-18 12:30,2337,380,380,0,0,250
2026-02-18 13:00,2147,380,380,0,0,33
2026-02-18 13:30,1940,380,380,0,0,0
2026-02-18 14:00,1734,380,380,0,0,0
2026-02-18 14:30,1527,380,380,0,0,0
2026-02-18 15:00,1321,380,380,0,0,0
2026-02-18 15:30,1114,380,380,0,0,0
2026-02-18 16:00,908,380,380,0,0,0
2026-02-18 16:30,701,380,380,0,0,0
2026-02-18 17:00,495,380,380,0,0,0
2026-02-18 17:30,288,380,380,0,0,0
2026-02-18 18:00,136,280,280,0,0,0
2026-02-18 18:30,0,280,250,30,0,0
2026-02-18 19:00,0,280,0,280,0,0
2026-02-18 19:30,0,280,0,280,0,0
2026-02-18 20:00,0,280,0,280,0,0
2026-02-18 20:30,0,280,0,280,0,0
2026-02-18 21:00,0,280,0,280,0,0
2026-02-18 21:30,0,280,0,280,0,0
2026-02-18 22:00,0,280,0,280,0,0
2026-02-18 22:30,0,280,0,280,0,0
2026-02-18 23:00,0,280,0,280,0,0
2026-02-18 23:30,0,280,0,280,0,0
2026-02-19 00:00,0,280,0,280,0,0
2026-02-19 00:30,1104,280,0,280,2208,0
2026-02-19 01:00,2208,280,0,280,2208,0
2026-02-19 01:30,3312,280,0,280,2208,0
2026-02-19 02:00,4096,280,0,280,1568,0
2026-02-19 02:30,4096,280,0,280,0,0
2026-02-19 03:00,4096,280,0,280,0,0
2026-02-19 03:30,4096,280,0,280,0,0
2026-02-19 04:00,4096,280,0,280,0,0
2026-02-19 04:30,4096,280,0,280,0,0
2026-02-19 05:00,4096,280,0,280,0,0
2026-02-19 05:30,4096,280,0,280,0,0
2026-02-19 06:00,4096,280,0,280,0,0
2026-02-19 06:30,4096,280,0,280,0,0
2026-02-19 07:00,4096,280,0,280,0,0
2026-02-19 07:30,3944,280,280,0,0,0
2026-02-19 08:00,3792,280,280,0,0,0
2026-02-19 08:30,3639,280,280,0,0,0
2026-02-19 09:00,3433,380,380,0,0,0
2026-02-19 09:30,3226,380,380,0,0,0
2026-02-19 10:00,3055,380,380,0,0,70
2026-02-19 10:30,2848,380,380,0,0,0
2026-02-19 11:00,2642,380,380,0,0,0
2026-02-19 11:30,2462,380,380,0,0,53
2026-02-19 12:00,2290,380,380,0,0,68
2026-02-19 12:30,2084,380,380,0,0,2
2026-02-19 13:00,1877,380,380,0,0,0
2026-02-19 13:30,1671,380,380,0,0,0
2026-02-19 14:00,1464,380,380,0,0,0
2026-02-19 14:30,1258,380,380,0,0,0
2026-02-19 15:00,1051,380,380,0,0,0
2026-02-19 15:30,845,380,380,0,0,0
2026-02-19 16:00,638,380,380,0,0,0
2026-02-19 16:30,432,380,380,0,0,0
2026-02-19 17:00,225,380,380,0,0,0
2026-02-19 17:30,19,380,380,0,0,0
2026-02-19 18:00,0,280,34,246,0,0
2026-02-19 18:30,0,280,0,280,0,0
2026-02-19 19:00,0,580,0,580,0,0
2026-02-19 19:30,0,580,0,580,0,0
2026-02-19 20:00,0,580,0,580,0,0
2026-02-19 20:30,0,580,0,580,0,0
2026-02-19 21:00,0,580,0,580,0,0
2026-02-19 21:30,0,580,0,580,0,0
2026-02-19 22:00,0,580,0,580,0,0
2026-02-19 22:30,0,580,0,580,0,0
2026-02-19 23:00,0,280,0,280,0,0
2026-02-19 23:30,0,280,0,280,0,0
2026-02-20 00:00,0,280,0,280,0,0
2026-02-20 00:30,1104,280,0,280,2208,0
2026-02-20 01:00,2208,280,0,280,2208,0
2026-02-20 01:30,3312,280,0,280,2208,0
2026-02-20 02:00,4096,280,0,280,1568,0
2026-02-20 02:30,4096,280,0,280,0,0
2026-02-20 03:00,4096,280,0,280,0,0
2026-02-20 03:30,4096,280,0,280,0,0
2026-02-20 04:00,4096,280,0,280,0,0
2026-02-20 04:30,4096,280,0,280,0,0
2026-02-20 05:00,4096,280,0,280,0,0
2026-02-20 05:30,4096,280,0,280,0,0
2026-02-20 06:00,4096,280,0,280,0,0
2026-02-20 06:30,4096,280,0,280,0,0
2026-02-20 07:00,4096,280,0,280,0,0
2026-02-20 07:30,3944,280,280,0,0,0
2026-02-20 08:00,3893,280,280,0,0,202
2026-02-20 08:30,3741,280,280,0,0,0
2026-02-20 09:00,3535,380,380,0,0,2
2026-02-20 09:30,3435,380,380,0,0,213
2026-02-20 10:00,3316,380,380,0,0,175
2026-02-20 10:30,3146,380,380,0,0,72
2026-02-20 11:00,2939,380,380,0,0,0
2026-02-20 11:30,2732,380,380,0,0,0
2026-02-20 12:00,2580,380,380,0,0,109
2026-02-20 12:30,2379,380,380,0,0,11
2026-02-20 13:00,2173,380,380,0,0,0
2026-02-20 13:30,1966,380,380,0,0,0
2026-02-20 14:00,1795,380,380,0,0,70
2026-02-20 14:30,1661,380,380,0,0,145
2026-02-20 15:00,1454,380,380,0,0,0
2026-02-20 15:30,1248,380,380,0,0,0
2026-02-20 16:00,1041,380,380,0,0,0
2026-02-20 16:30,835,380,380,0,0,0
2026-02-20 17:00,628,380,380,0,0,0
2026-02-20 17:30,422,380,380,0,0,0
2026-02-20 18:00,269,280,280,0,0,0
2026-02-20 18:30,117,280,280,0,0,0
2026-02-20 19:00,0,580,216,364,0,0
2026-02-20 19:30,0,580,0,580,0,0
2026-02-20 20:00,0,580,0,580,0,0
2026-02-20 20:30,0,580,0,580,0,0
2026-02-20 21:00,0,580,0,580,0,0
2026-02-20 21:30,0,580,0,580,0,0
2026-02-20 22:00,0,580,0,580,0,0
2026-02-20 22:30,0,580,0,580,0,0
2026-02-20 23:00,0,280,0,280,0,0
2026-02-20 23:30,0,280,0,280,0,0
2026-02-21 00:00,0,280,0,280,0,0
2026-02-21 00:30,1104,280,0,280,2208,0
2026-02-21 01:00,2208,280,0,280,2208,0
2026-02-21 01:30,3312,280,0,280,2208,0
2026-02-21 02:00,4096,280,0,280,1568,0
2026-02-21 02:30,4096,280,0,280,0,0
2026-02-21 03:00,4096,280,0,280,0,0
2026-02-21 03:30,4096,280,0,280,0,0
2026-02-21 04:00,4096,280,0,280,0,0
2026-02-21 04:30,4096,280,0,280,0,0
2026-02-21 05:00,4096,280,0,280,0,0
2026-02-21 05:30,4096,280,0,280,0,0
2026-02-21 06:00,4096,280,0,280,0,0
2026-02-21 06:30,4096,280,0,280,0,0
2026-02-21 07:00,4096,280,0,280,0,0
2026-02-21 07:30,3944,280,280,0,0,0
2026-02-21 08:00,3792,280,280,0,0,0
2026-02-21 08:30,3639,280,280,0,0,0
2026-02-21 09:00,3487,280,280,0,0,0
2026-02-21 09:30,3335,280,280,0,0,0
2026-02-21 10:00,3297,280,280,0,0,228
2026-02-21 10:30,3369,280,280,0,0,449
2026-02-21 11:00,3447,280,280,0,0,460
2026-02-21 11:30,3550,280,280,0,0,510
2026-02-21 12:00,3653,280,280,0,0,512
2026-02-21 12:30,3627,280,280,0,0,252
2026-02-21 13:00,3539,280,280,0,0,127
2026-02-21 13:30,3386,280,280,0,0,0
2026-02-21 14:00,3250,280,280,0,0,31
2026-02-21 14:30,3098,280,280,0,0,0
2026-02-21 15:00,2946,280,280,0,0,0
2026-02-21 15:30,2793,280,280,0,0,0
2026-02-21 16:00,2641,280,280,0,0,0
2026-02-21 16:30,2489,280,280,0,0,0
2026-02-21 17:00,2337,280,280,0,0,0
2026-02-21 17:30,2185,280,280,0,0,0
2026-02-21 18:00,2032,280,280,0,0,0
2026-02-21 18:30,1880,280,280,0,0,0
2026-02-21 19:00,1565,580,580,0,0,0
2026-02-21 19:30,1250,580,580,0,0,0
2026-02-21 20:00,935,580,580,0,0,0
2026-02-21 20:30,619,580,580,0,0,0
2026-02-21 21:00,304,580,580,0,0,0
2026-02-21 21:30,0,580,560,20,0,0
2026-02-21 22:00,0,580,0,580,0,0
2026-02-21 22:30,0,580,0,580,0,0
2026-02-21 23:00,0,280,0,280,0,0
2026-02-21 23:30,0,280,0,280,0,0
2026-02-22 00:00,0,280,0,280,0,0
2026-02-22 00:30,1104,280,0,280,2208,0
2026-02-22 01:00,2208,280,0,280,2208,0
2026-02-22 01:30,3312,280,0,280,2208,0
2026-02-22 02:00,4096,280,0,280,1568,0
2026-02-22 02:30,4096,280,0,280,0,0
2026-02-22 03:00,4096,280,0,280,0,0
2026-02-22 03:30,4096,280,0,280,0,0
2026-02-22 04:00,4096,280,0,280,0,0
2026-02-22 04:30,4096,280,0,280,0,0
2026-02-22 05:00,4096,280,0,280,0,0
2026-02-22 05:30,4096,280,0,280,0,0
2026-02-22 06:00,4096,280,0,280,0,0
2026-02-22 06:30,4096,280,0,280,0,0
2026-02-22 07:00,4096,280,0,280,0,0
2026-02-22 07:30,3944,280,280,0,0,0
2026-02-22 08:00,3792,280,280,0,0,0
2026-02-22 08:30,3639,280,280,0,0,0
2026-02-22 09:00,3572,280,280,0,0,169
2026-02-22 09:30,3649,280,280,0,0,458
2026-02-22 10:00,3753,280,280,0,0,513
2026-02-22 10:30,3858,280,280,0,0,513
2026-02-22 11:00,3944,280,280,0,0,476
2026-02-22 11:30,3944,280,280,0,0,304
2026-02-22 12:00,3944,280,280,0,0,304
2026-02-22 12:30,3944,280,280,0,0,304
2026-02-22 13:00,3944,280,280,0,0,304
2026-02-22 13:30,3792,280,280,0,0,0
2026-02-22 14:00,3639,280,280,0,0,0
2026-02-22 14:30,3487,280,280,0,0,0
2026-02-22 15:00,3335,280,280,0,0,0
2026-02-22 15:30,3183,280,280,0,0,0
2026-02-22 16:00,3031,280,280,0,0,0
2026-02-22 16:30,2879,280,280,0,0,0
2026-02-22 17:00,2726,280,280,0,0,0
2026-02-22 17:30,2574,280,280,0,0,0
2026-02-22 18:00,2422,280,280,0,0,0
2026-02-22 18:30,2270,280,280,0,0,0
2026-02-22 19:00,1873,730,730,0,0,0
2026-02-22 19:30,1476,730,730,0,0,0
2026-02-22 20:00,1080,730,730,0,0,0
2026-02-22 20:30,683,730,730,0,0,0
2026-02-22 21:00,286,730,730,0,0,0
2026-02-22 21:30,0,730,527,203,0,0
2026-02-22 22:00,0,730,0,730,0,0
2026-02-22 22:30,0,730,0,730,0,0
2026-02-22 23:00,0,730,0,730,0,0
2026-02-22 23:30,0,730,0,730,0,0
2026-02-23 00:00,0,280,0,280,0,0
2026-02-23 00:30,1104,280,0,280,2208,0
2026-02-23 01:00,2208,280,0,280,2208,0
2026-02-23 01:30,3312,280,0,280,2208,0
2026-02-23 02:00,4096,280,0,280,1568,0
2026-02-23 02:30,4096,280,0,280,0,0
2026-02-23 03:00,4096,280,0,280,0,0
2026-02-23 03:30,4096,280,0,280,0,0
2026-02-23 04:00,4096,280,0,280,0,0
2026-02-23 04:30,4096,280,0,280,0,0
2026-02-23 05:00,4096,280,0,280,0,0
2026-02-23 05:30,4096,280,0,280,0,0
2026-02-23 06:00,4096,280,0,280,0,0
2026-02-23 06:30,4096,280,0,280,0,0
2026-02-23 07:00,4096,280,0,280,0,0
2026-02-23 07:30,3944,280,280,0,0,0
2026-02-23 08:00,3792,280,280,0,0,0
2026-02-23 08:30,3682,280,280,0,0,85
2026-02-23 09:00,3687,380,380,0,0,423
2026-02-23 09:30,3556,380,380,0,0,151
2026-02-23 10:00,3497,380,380,0,0,296
2026-02-23 10:30,3305,380,380,0,0,28
2026-02-23 11:00,3189,380,380,0,0,182
2026-02-23 11:30,3211,380,380,0,0,456
2026-02-23 12:00,3210,380,380,0,0,412
2026-02-23 12:30,3092,380,380,0,0,177
2026-02-23 13:00,2886,380,380,0,0,0
2026-02-23 13:30,2679,380,380,0,0,0
2026-02-23 14:00,2473,380,380,0,0,0
2026-02-23 14:30,2266,380,380,0,0,0
2026-02-23 15:00,2060,380,380,0,0,0
2026-02-23 15:30,1853,380,380,0,0,0
2026-02-23 16:00,1647,380,380,0,0,0
2026-02-23 16:30,1440,380,380,0,0,0
2026-02-23 17:00,1234,380,380,0,0,0
2026-02-23 17:30,1027,380,380,0,0,0
2026-02-23 18:00,875,280,280,0,0,0
2026-02-23 18:30,723,280,280,0,0,0
2026-02-23 19:00,407,580,580,0,0,0
2026-02-23 19:30,92,580,580,0,0,0
2026-02-23 20:00,0,580,170,410,0,0
2026-02-23 20:30,0,580,0,580,0,0
2026-02-23 21:00,0,580,0,580,0,0
2026-02-23 21:30,0,580,0,580,0,0
2026-02-23 22:00,0,580,0,580,0,0
2026-02-23 22:30,0,580,0,580,0,0
2026-02-23 23:00,0,280,0,280,0,0
2026-02-23 23:30,0,280,0,280,0,0
2026-02-24 00:00,0,280,0,280,0,0
2026-02-24 00:30,1104,280,0,280,2208,0
2026-02-24 01:00,2208,280,0,280,2208,0
2026-02-24 01:30,3312,280,0,280,2208,0
2026-02-24 02:00,4096,280,0,280,1568,0
2026-02-24 02:30,4096,280,0,280,0,0
2026-02-24 03:00,4096,280,0,280,0,0
2026-02-24 03:30,4096,280,0,280,0,0
2026-02-24 04:00,4096,280,0,280,0,0
2026-02-24 04:30,4096,280,0,280,0,0
2026-02-24 05:00,4096,280,0,280,0,0
2026-02-24 05:30,4096,280,0,280,0,0
2026-02-24 06:00,4096,280,0,280,0,0
2026-02-24 06:30,4096,280,0,280,0,0
2026-02-24 07:00,4096,280,0,280,0,0
2026-02-24 07:30,3944,280,280,0,0,0
2026-02-24 08:00,3898,280,280,0,0,213
2026-02-24 08:30,3790,280,280,0,0,88
2026-02-24 09:00,3725,380,380,0,0,282
2026-02-24 09:30,3744,380,380,0,0,453
2026-02-24 10:00,3779,380,380,0,0,482
2026-02-24 10:30,3747,380,380,0,0,350
2026-02-24 11:00,3651,380,380,0,0,221
2026-02-24 11:30,3540,380,380,0,0,191
2026-02-24 12:00,3521,380,380,0,0,375
2026-02-24 12:30,3557,380,380,0,0,484
2026-02-24 13:00,3595,380,380,0,0,489
2026-02-24 13:30,3500,380,380,0,0,223
2026-02-24 14:00,3500,380,380,0,0,414
2026-02-24 14:30,3354,380,380,0,0,120
2026-02-24 15:00,3147,380,380,0,0,0
2026-02-24 15:30,2941,380,380,0,0,0
2026-02-24 16:00,2734,380,380,0,0,0
2026-02-24 16:30,2527,380,380,0,0,0
2026-02-24 17:00,2321,380,380,0,0,0
2026-02-24 17:30,2114,380,380,0,0,0
2026-02-24 18:00,1962,280,280,0,0,0
2026-02-24 18:30,1810,280,280,0,0,0
2026-02-24 19:00,1413,730,730,0,0,0
2026-02-24 19:30,1017,730,730,0,0,0
2026-02-24 20:00,620,730,730,0,0,0
2026-02-24 20:30,223,730,730,0,0,0
2026-02-24 21:00,0,730,411,319,0,0
2026-02-24 21:30,0,730,0,730,0,0
2026-02-24 22:00,0,730,0,730,0,0
2026-02-24 22:30,0,730,0,730,0,0
2026-02-24 23:00,0,730,0,730,0,0
2026-02-24 23:30,0,730,0,730,0,0
2026-02-25 00:00,0,280,0,280,0,0
2026-02-25 00:30,1104,280,0,280,2208,0
2026-02-25 01:00,2208,280,0,280,2208,0
2026-02-25 01:30,3312,280,0,280,2208,0
2026-02-25 02:00,4096,280,0,280,1568,0
2026-02-25 02:30,4096,280,0,280,0,0
2026-02-25 03:00,4096,280,0,280,0,0
2026-02-25 03:30,4096,280,0,280,0,0
2026-02-25 04:00,4096,280,0,280,0,0
2026-02-25 04:30,4096,280,0,280,0,0
2026-02-25 05:00,4096,280,0,280,0,0
2026-02-25 05:30,4096,280,0,280,0,0
2026-02-25 06:00,4096,280,0,280,0,0
2026-02-25 06:30,4096,280,0,280,0,0
2026-02-25 07:00,4096,280,0,280,0,0
2026-02-25 07:30,3944,280,280,0,0,0
2026-02-25 08:00,3792,280,280,0,0,0
2026-02-25 08:30,3639,280,280,0,0,0
2026-02-25 09:00,3433,380,380,0,0,0
2026-02-25 09:30,3260,380,380,0,0,66
2026-02-25 10:00,3223,380,380,0,0,340
2026-02-25 10:30,3214,380,380,0,0,394
2026-02-25 11:00,3263,380,380,0,0,512
2026-02-25 11:30,3312,380,380,0,0,512
2026-02-25 12:00,3362,380,380,0,0,513
2026-02-25 12:30,3412,380,380,0,0,513
2026-02-25 13:00,3354,380,380,0,0,296
2026-02-25 13:30,3400,380,380,0,0,506
2026-02-25 14:00,3429,380,380,0,0,469
2026-02-25 14:30,3327,380,380,0,0,210
2026-02-25 15:00,3120,380,380,0,0,0
2026-02-25 15:30,2914,380,380,0,0,0
2026-02-25 16:00,2707,380,380,0,0,0
2026-02-25 16:30,2501,380,380,0,0,0
2026-02-25 17:00,2294,380,380,0,0,0
2026-02-25 17:30,2088,380,380,0,0,0
2026-02-25 18:00,1936,280,280,0,0,0
2026-02-25 18:30,1783,280,280,0,0,0
2026-02-25 19:00,1468,580,580,0,0,0
2026-02-25 19:30,1153,580,580,0,0,0
2026-02-25 20:00,838,580,580,0,0,0
2026-02-25 20:30,523,580,580,0,0,0
2026-02-25 21:00,207,580,580,0,0,0
2026-02-25 21:30,0,580,381,199,0,0
2026-02-25 22:00,0,580,0,580,0,0
2026-02-25 22:30,0,580,0,580,0,0
2026-02-25 23:00,0,280,0,280,0,0
2026-02-25 23:30,0,280,0,280,0,0
2026-02-26 00:00,0,280,0,280,0,0
2026-02-26 00:30,1104,280,0,280,2208,0
2026-02-26 01:00,2208,280,0,280,2208,0
2026-02-26 01:30,3312,280,0,280,2208,0
2026-02-26 02:00,4096,280,0,280,1568,0
2026-02-26 02:30,4096,280,0,280,0,0
2026-02-26 03:00,4096,280,0,280,0,0
2026-02-26 03:30,4096,280,0,280,0,0
2026-02-26 04:00,4096,280,0,280,0,0
2026-02-26 04:30,4096,280,0,280,0,0
2026-02-26 05:00,4096,280,0,280,0,0
2026-02-26 05:30,4096,280,0,280,0,0
2026-02-26 06:00,4096,280,0,280,0,0
2026-02-26 06:30,4096,280,0,280,0,0
2026-02-26 07:00,4096,280,0,280,0,0
2026-02-26 07:30,3944,280,280,0,0,0
2026-02-26 08:00,3792,280,280,0,0,0
2026-02-26 08:30,3639,280,280,0,0,0
2026-02-26 09:00,3450,380,380,0,0,33
2026-02-26 09:30,3243,380,380,0,0,0
2026-02-26 10:00,3036,380,380,0,0,0
2026-02-26 10:30,2841,380,380,0,0,22
2026-02-26 11:00,2662,380,380,0,0,55
2026-02-26 11:30,2473,380,380,0,0,35
2026-02-26 12:00,2507,380,380,0,0,480
2026-02-26 12:30,2411,380,380,0,0,221
2026-02-26 13:00,2208,380,380,0,0,7
2026-02-26 13:30,2220,380,380,0,0,438
2026-02-26 14:00,2071,380,380,0,0,114
2026-02-26 14:30,1864,380,380,0,0,0
2026-02-26 15:00,1665,380,380,0,0,15
2026-02-26 15:30,1458,380,380,0,0,0
2026-02-26 16:00,1252,380,380,0,0,0
2026-02-26 16:30,1045,380,380,0,0,0
2026-02-26 17:00,839,380,380,0,0,0
2026-02-26 17:30,632,380,380,0,0,0
2026-02-26 18:00,480,280,280,0,0,0
2026-02-26 18:30,328,280,280,0,0,0
2026-02-26 19:00,0,730,603,127,0,0
2026-02-26 19:30,0,730,0,730,0,0
2026-02-26 20:00,0,730,0,730,0,0
2026-02-26 20:30,0,730,0,730,0,0
2026-02-26 21:00,0,730,0,730,0,0
2026-02-26 21:30,0,730,0,730,0,0
2026-02-26 22:00,0,730,0,730,0,0
2026-02-26 22:30,0,730,0,730,0,0
2026-02-26 23:00,0,730,0,730,0,0
2026-02-26 23:30,0,730,0,730,0,0
2026-02-27 00:00,0,280,0,280,0,0
2026-02-27 00:30,1104,280,0,280,2208,0
2026-02-27 01:00,2208,280,0,280,2208,0
2026-02-27 01:30,3312,280,0,280,2208,0
2026-02-27 02:00,4096,280,0,280,1568,0
2026-02-27 02:30,4096,280,0,280,0,0
2026-02-27 03:00,4096,280,0,280,0,0
2026-02-27 03:30,4096,280,0,280,0,0
2026-02-27 04:00,4096,280,0,280,0,0
2026-02-27 04:30,4096,280,0,280,0,0
2026-02-27 05:00,4096,280,0,280,0,0
2026-02-27 05:30,4096,280,0,280,0,0
2026-02-27 06:00,4096,280,0,280,0,0
2026-02-27 06:30,4096,280,0,280,0,0
2026-02-27 07:00,4096,280,0,280,0,0
2026-02-27 07:30,3944,280,280,0,0,0
2026-02-27 08:00,3792,280,280,0,0,0
2026-02-27 08:30,3639,280,280,0,0,0
2026-02-27 09:00,3433,380,380,0,0,0
2026-02-27 09:30,3226,380,380,0,0,0
2026-02-27 10:00,3020,380,380,0,0,0
2026-02-27 10:30,2813,380,380,0,0,0
2026-02-27 11:00,2607,380,380,0,0,0
2026-02-27 11:30,2400,380,380,0,0,0
2026-02-27 12:00,2211,380,380,0,0,35
2026-02-27 12:30,2092,380,380,0,0,175
2026-02-27 13:00,2067,380,380,0,0,362
2026-02-27 13:30,2067,380,380,0,0,414
2026-02-27 14:00,1965,380,380,0,0,208
2026-02-27 14:30,1758,380,380,0,0,0
2026-02-27 15:00,1552,380,380,0,0,0
2026-02-27 15:30,1345,380,380,0,0,0
2026-02-27 16:00,1139,380,380,0,0,0
2026-02-27 16:30,932,380,380,0,0,0
2026-02-27 17:00,726,380,380,0,0,0
2026-02-27 17:30,519,380,380,0,0,0
2026-02-27 18:00,367,280,280,0,0,0
2026-02-27 18:30,215,280,280,0,0,0
2026-02-27 19:00,0,730,395,335,0,0
2026-02-27 19:30,0,730,0,730,0,0
2026-02-27 20:00,0,730,0,730,0,0
2026-02-27 20:30,0,730,0,730,0,0
2026-02-27 21:00,0,730,0,730,0,0
2026-02-27 21:30,0,730,0,730,0,0
2026-02-27 22:00,0,730,0,730,0,0
2026-02-27 22:30,0,730,0,730,0,0
2026-02-27 23:00,0,730,0,730,0,0
2026-02-27 23:30,0,730,0,730,0,0
2026-02-28 00:00,0,280,0,280,0,0
2026-02-28 00:30,1104,280,0,280,2208,0
2026-02-28 01:00,2208,280,0,280,2208,0
2026-02-28 01:30,3312,280,0,280,2208,0
2026-02-28 02:00,4096,280,0,280,1568,0
2026-02-28 02:30,4096,280,0,280,0,0
2026-02-28 03:00,4096,280,0,280,0,0
2026-02-28 03:30,4096,280,0,280,0,0
2026-02-28 04:00,4096,280,0,280,0,0
2026-02-28 04:30,4096,280,0,280,0,0
2026-02-28 05:00,4096,280,0,280,0,0
2026-02-28 05:30,4096,280,0,280,0,0
2026-02-28 06:00,4096,280,0,280,0,0
2026-02-28 06:30,4096,280,0,280,0,0
2026-02-28 07:00,4096,280,0,280,0,0
2026-02-28 07:30,3944,280,280,0,0,0
2026-02-28 08:00,3792,280,280,0,0,0
2026-02-28 08:30,3639,280,280,0,0,0
2026-02-28 09:00,3487,280,280,0,0,0
2026-02-28 09:30,3335,280,280,0,0,0
2026-02-28 10:00,3183,280,280,0,0,0
2026-02-28 10:30,3149,280,280,0,0,236
2026-02-28 11:00,2996,280,280,0,0,0
2026-02-28 11:30,2853,280,280,0,0,18
2026-02-28 12:00,2701,280,280,0,0,0
2026-02-28 12:30,2549,280,280,0,0,0
2026-02-28 13:00,2397,280,280,0,0,0
2026-02-28 13:30,2245,280,280,0,0,0
2026-02-28 14:00,2093,280,280,0,0,0
2026-02-28 14:30,1940,280,280,0,0,0
2026-02-28 15:00,1788,280,280,0,0,0
2026-02-28 15:30,1636,280,280,0,0,0
2026-02-28 16:00,1484,280,280,0,0,0
2026-02-28 16:30,1332,280,280,0,0,0
2026-02-28 17:00,1179,280,280,0,0,0
2026-02-28 17:30,1027,280,280,0,0,0
2026-02-28 18:00,875,280,280,0,0,0
2026-02-28 18:30,723,280,280,0,0,0
2026-02-28 19:00,326,730,730,0,0,0
2026-02-28 19:30,0,730,600,130,0,0
2026-02-28 20:00,0,730,0,730,0,0
2026-02-28 20:30,0,730,0,730,0,0
2026-02-28 21:00,0,730,0,730,0,0
2026-02-28 21:30,0,730,0,730,0,0
2026-02-28 22:00,0,730,0,730,0,0
2026-02-28 22:30,0,730,0,730,0,0
2026-02-28 23:00,0,730,0,730,0,0
2026-02-28 23:30,0,730,0,730,0,0
2026-03-01 00:00,0,280,0,280,0,0
2026-03-01 00:30,1104,280,0,280,2208,0
2026-03-01 01:00,2208,280,0,280,2208,0
2026-03-01 01:30,3312,280,0,280,2208,0
2026-03-01 02:00,4096,280,0,280,1568,0
2026-03-01 02:30,4096,280,0,280,0,0
2026-03-01 03:00,4096,280,0,280,0,0
2026-03-01 03:30,4096,280,0,280,0,0
2026-03-01 04:00,4096,280,0,280,0,0
2026-03-01 04:30,4096,280,0,280,0,0
2026-03-01 05:00,4096,280,0,280,0,0
2026-03-01 05:30,4096,280,0,280,0,0
2026-03-01 06:00,4096,280,0,280,0,0
2026-03-01 06:30,4096,280,0,280,0,0
2026-03-01 07:00,4096,280,0,280,0,0
2026-03-01 07:30,3944,280,280,0,0,0
2026-03-01 08:00,3792,280,280,0,0,0
2026-03-01 08:30,3639,280,280,0,0,0
2026-03-01 09:00,3487,280,280,0,0,0
2026-03-01 09:30,3565,280,280,0,0,460
2026-03-01 10:00,3642,280,280,0,0,458
2026-03-01 10:30,3690,280,280,0,0,401
2026-03-01 11:00,3720,280,280,0,0,364
2026-03-01 11:30,3687,280,280,0,0,237
2026-03-01 12:00,3535,280,280,0,0,0
2026-03-01 12:30,3383,280,280,0,0,0
2026-03-01 13:00,3318,280,280,0,0,175
2026-03-01 13:30,3239,280,280,0,0,147
2026-03-01 14:00,3186,280,280,0,0,199
2026-03-01 14:30,3034,280,280,0,0,0
2026-03-01 15:00,2882,280,280,0,0,0
2026-03-01 15:30,2730,280,280,0,0,0
2026-03-01 16:00,2578,280,280,0,0,0
2026-03-01 16:30,2426,280,280,0,0,0
2026-03-01 17:00,2273,280,280,0,0,0
2026-03-01 17:30,2121,280,280,0,0,0
2026-03-01 18:00,1969,280,280,0,0,0
2026-03-01 18:30,1817,280,280,0,0,0
2026-03-01 19:00,1567,460,460,0,0,0
2026-03-01 19:30,1317,460,460,0,0,0
2026-03-01 20:00,1067,460,460,0,0,0
2026-03-01 20:30,817,460,460,0,0,0
2026-03-01 21:00,567,460,460,0,0,0
2026-03-01 21:30,317,460,460,0,0,0
2026-03-01 22:00,165,280,280,0,0,0
2026-03-01 22:30,12,280,280,0,0,0
2026-03-01 23:00,0,280,23,257,0,0
2026-03-01 23:30,0,280,0,280,0,0
2026-03-02 00:00,0,280,0,280,0,0
2026-03-02 00:30,1104,280,0,280,2208,0
2026-03-02 01:00,2208,280,0,280,2208,0
2026-03-02 01:30,3312,280,0,280,2208,0
2026-03-02 02:00,4096,280,0,280,1568,0
2026-03-02 02:30,4096,280,0,280,0,0
2026-03-02 03:00,4096,280,0,280,0,0
2026-03-02 03:30,4096,280,0,280,0,0
2026-03-02 04:00,4096,280,0,280,0,0
2026-03-02 04:30,4096,280,0,280,0,0
2026-03-02 05:00,4096,280,0,280,0,0
2026-03-02 05:30,4096,280,0,280,0,0
2026-03-02 06:00,4096,280,0,280,0,0
2026-03-02 06:30,4096,280,0,280,0,0
2026-03-02 07:00,4096,280,0,280,0,0
2026-03-02 07:30,3944,280,280,0,0,0
2026-03-02 08:00,3944,280,280,0,0,304
2026-03-02 08:30,3943,280,280,0,0,304
2026-03-02 09:00,3889,380,380,0,0,305
2026-03-02 09:30,3889,380,380,0,0,413
2026-03-02 10:00,3889,380,380,0,0,413
2026-03-02 10:30,3889,380,380,0,0,413
2026-03-02 11:00,3889,380,380,0,0,413
2026-03-02 11:30,3889,380,380,0,0,413
2026-03-02 12:00,3889,380,380,0,0,413
2026-03-02 12:30,3889,380,380,0,0,413
2026-03-02 13:00,3889,380,380,0,0,413
2026-03-02 13:30,3889,380,380,0,0,413
2026-03-02 14:00,3889,380,380,0,0,413
2026-03-02 14:30,3889,380,380,0,0,413
2026-03-02 15:00,3720,380,380,0,0,74
2026-03-02 15:30,3513,380,380,0,0,0
2026-03-02 16:00,3307,380,380,0,0,0
2026-03-02 16:30,3100,380,380,0,0,0
2026-03-02 17:00,2894,380,380,0,0,0
2026-03-02 17:30,2687,380,380,0,0,0
2026-03-02 18:00,2535,280,280,0,0,0
2026-03-02 18:30,2383,280,280,0,0,0
2026-03-02 19:00,2231,280,280,0,0,0
2026-03-02 19:30,2078,280,280,0,0,0
2026-03-02 20:00,1926,280,280,0,0,0
2026-03-02 20:30,1774,280,280,0,0,0
2026-03-02 21:00,1622,280,280,0,0,0
2026-03-02 21:30,1470,280,280,0,0,0
2026-03-02 22:00,1318,280,280,0,0,0
2026-03-02 22:30,1165,280,280,0,0,0
2026-03-02 23:00,1013,280,280,0,0,0
2026-03-02 23:30,861,280,280,0,0,0
2026-03-03 00:00,709,280,280,0,0,0
2026-03-03 00:30,1813,280,0,280,2208,0
2026-03-03 01:00,2917,280,0,280,2208,0
2026-03-03 01:30,4021,280,0,280,2208,0
2026-03-03 02:00,4096,280,0,280,150,0
2026-03-03 02:30,4096,280,0,280,0,0
2026-03-03 03:00,4096,280,0,280,0,0
2026-03-03 03:30,4096,280,0,280,0,0
2026-03-03 04:00,4096,280,0,280,0,0
2026-03-03 04:30,4096,280,0,280,0,0
2026-03-03 05:00,4096,280,0,280,0,0
2026-03-03 05:30,4096,280,0,280,0,0
2026-03-03 06:00,4096,280,0,280,0,0
2026-03-03 06:30,4096,280,0,280,0,0
2026-03-03 07:00,4096,280,0,280,0,0
2026-03-03 07:30,3944,280,280,0,0,0
2026-03-03 08:00,3856,280,280,0,0,129
2026-03-03 08:30,3704,280,280,0,0,0
2026-03-03 09:00,3497,380,380,0,0,0
2026-03-03 09:30,3291,380,380,0,0,0
2026-03-03 10:00,3276,380,380,0,0,383
2026-03-03 10:30,3249,380,380,0,0,359
2026-03-03 11:00,3262,380,380,0,0,440
2026-03-03 11:30,3055,380,380,0,0,0
2026-03-03 12:00,2849,380,380,0,0,0
2026-03-03 12:30,2744,380,380,0,0,202
2026-03-03 13:00,2549,380,380,0,0,24
2026-03-03 13:30,2484,380,380,0,0,283
2026-03-03 14:00,2278,380,380,0,0,0
2026-03-03 14:30,2071,380,380,0,0,0
2026-03-03 15:00,1865,380,380,0,0,0
2026-03-03 15:30,1689,380,380,0,0,63
2026-03-03 16:00,1483,380,380,0,0,0
2026-03-03 16:30,1276,380,380,0,0,0
2026-03-03 17:00,1070,380,380,0,0,0
2026-03-03 17:30,863,380,380,0,0,0
2026-03-03 18:00,711,280,280,0,0,0
2026-03-03 18:30,559,280,280,0,0,0
2026-03-03 19:00,244,580,580,0,0,0
2026-03-03 19:30,0,580,448,132,0,0
2026-03-03 20:00,0,580,0,580,0,0
2026-03-03 20:30,0,580,0,580,0,0
2026-03-03 21:00,0,580,0,580,0,0
2026-03-03 21:30,0,580,0,580,0,0
2026-03-03 22:00,0,580,0,580,0,0
2026-03-03 22:30,0,580,0,580,0,0
2026-03-03 23:00,0,280,0,280,0,0
2026-03-03 23:30,0,280,0,280,0,0
2026-03-04 00:00,0,280,0,280,0,0
2026-03-04 00:30,1104,280,0,280,2208,0
2026-03-04 01:00,2208,280,0,280,2208,0
2026-03-04 01:30,3312,280,0,280,2208,0
2026-03-04 02:00,4096,280,0,280,1568,0
2026-03-04 02:30,4096,280,0,280,0,0
2026-03-04 03:00,4096,280,0,280,0,0
2026-03-04 03:30,4096,280,0,280,0,0
2026-03-04 04:00,4096,280,0,280,0,0
2026-03-04 04:30,4096,280,0,280,0,0
2026-03-04 05:00,4096,280,0,280,0,0
2026-03-04 05:30,4096,280,0,280,0,0
2026-03-04 06:00,4096,280,0,280,0,0
2026-03-04 06:30,4096,280,0,280,0,0
2026-03-04 07:00,4096,280,0,280,0,0
2026-03-04 07:30,3944,280,280,0,0,0
2026-03-04 08:00,3800,280,280,0,0,17
2026-03-04 08:30,3667,280,280,0,0,39
2026-03-04 09:00,3530,380,380,0,0,140
2026-03-04 09:30,3433,380,380,0,0,219
2026-03-04 10:00,3227,380,380,0,0,0
2026-03-04 10:30,3067,380,380,0,0,94
2026-03-04 11:00,2983,380,380,0,0,245
2026-03-04 11:30,2777,380,380,0,0,0
2026-03-04 12:00,2634,380,380,0,0,127
2026-03-04 12:30,2427,380,380,0,0,0
2026-03-04 13:00,2221,380,380,0,0,0
2026-03-04 13:30,2014,380,380,0,0,0
2026-03-04 14:00,1807,380,380,0,0,0
2026-03-04 14:30,1601,380,380,0,0,0
2026-03-04 15:00,1394,380,380,0,0,0
2026-03-04 15:30,1227,380,380,0,0,77
2026-03-04 16:00,1020,380,380,0,0,0
2026-03-04 16:30,814,380,380,0,0,0
2026-03-04 17:00,607,380,380,0,0,0
2026-03-04 17:30,400,380,380,0,0,0
2026-03-04 18:00,248,280,280,0,0,0
2026-03-04 18:30,96,280,280,0,0,0
2026-03-04 19:00,0,280,177,103,0,0
2026-03-04 19:30,0,280,0,280,0,0
2026-03-04 20:00,0,280,0,280,0,0
2026-03-04 20:30,0,280,0,280,0,0
2026-03-04 21:00,0,280,0,280,0,0
2026-03-04 21:30,0,280,0,280,0,0
2026-03-04 22:00,0,280,0,280,0,0
2026-03-04 22:30,0,280,0,280,0,0
2026-03-04 23:00,0,280,0,280,0,0
2026-03-04 23:30,0,280,0,280,0,0
2026-03-05 00:00,0,280,0,280,0,0
2026-03-05 00:30,1104,280,0,280,2208,0
2026-03-05 01:00,2208,280,0,280,2208,0
2026-03-05 01:30,3312,280,0,280,2208,0
2026-03-05 02:00,4096,280,0,280,1568,0
2026-03-05 02:30,4096,280,0,280,0,0
2026-03-05 03:00,4096,280,0,280,0,0
2026-03-05 03:30,4096,280,0,280,0,0
2026-03-05 04:00,4096,280,0,280,0,0
2026-03-05 04:30,4096,280,0,280,0,0
2026-03-05 05:00,4096,280,0,280,0,0
2026-03-05 05:30,4096,280,0,280,0,0
2026-03-05 06:00,4096,280,0,280,0,0
2026-03-05 06:30,4096,280,0,280,0,0
2026-03-05 07:00,4096,280,0,280,0,0
2026-03-05 07:30,3944,280,280,0,0,0
2026-03-05 08:00,3944,280,280,0,0,304
2026-03-05 08:30,3944,280,280,0,0,304
2026-03-05 09:00,3889,380,380,0,0,304
2026-03-05 09:30,3889,380,380,0,0,413
2026-03-05 10:00,3889,380,380,0,0,413
2026-03-05 10:30,3889,380,380,0,0,413
2026-03-05 11:00,3889,380,380,0,0,413
2026-03-05 11:30,3889,380,380,0,0,413
2026-03-05 12:00,3889,380,380,0,0,413
2026-03-05 12:30,3889,380,380,0,0,413
2026-03-05 13:00,3889,380,380,0,0,413
2026-03-05 13:30,3889,380,380,0,0,413
2026-03-05 14:00,3889,380,380,0,0,413
2026-03-05 14:30,3889,380,380,0,0,413
2026-03-05 15:00,3777,380,380,0,0,188
2026-03-05 15:30,3649,380,380,0,0,158
2026-03-05 16:00,3521,380,380,0,0,156
2026-03-05 16:30,3315,380,380,0,0,0
2026-03-05 17:00,3108,380,380,0,0,0
2026-03-05 17:30,2902,380,380,0,0,0
2026-03-05 18:00,2749,280,280,0,0,0
2026-03-05 18:30,2597,280,280,0,0,0
2026-03-05 19:00,2200,730,730,0,0,0
2026-03-05 19:30,1804,730,730,0,0,0
2026-03-05 20:00,1407,730,730,0,0,0
2026-03-05 20:30,1010,730,730,0,0,0
2026-03-05 21:00,613,730,730,0,0,0
2026-03-05 21:30,217,730,730,0,0,0
2026-03-05 22:00,0,730,399,331,0,0
2026-03-05 22:30,0,730,0,730,0,0
2026-03-05 23:00,0,730,0,730,0,0
2026-03-05 23:30,0,730,0,730,0,0
2026-03-06 00:00,0,280,0,280,0,0
2026-03-06 00:30,1104,280,0,280,2208,0
2026-03-06 01:00,2208,280,0,280,2208,0
2026-03-06 01:30,3312,280,0,280,2208,0
2026-03-06 02:00,4096,280,0,280,1568,0
2026-03-06 02:30,4096,280,0,280,0,0
2026-03-06 03:00,4096,280,0,280,0,0
2026-03-06 03:30,4096,280,0,280,0,0
2026-03-06 04:00,4096,280,0,280,0,0
2026-03-06 04:30,4096,280,0,280,0,0
2026-03-06 05:00,4096,280,0,280,0,0
2026-03-06 05:30,4096,280,0,280,0,0
2026-03-06 06:00,4096,280,0,280,0,0
2026-03-06 06:30,4096,280,0,280,0,0
2026-03-06 07:00,4096,280,0,280,0,0
2026-03-06 07:30,3944,280,280,0,0,0
2026-03-06 08:00,3792,280,280,0,0,0
2026-03-06 08:30,3639,280,280,0,0,0
2026-03-06 09:00,3433,380,380,0,0,0
2026-03-06 09:30,3226,380,380,0,0,0
2026-03-06 10:00,3020,380,380,0,0,0
2026-03-06 10:30,2813,380,380,0,0,0
2026-03-06 11:00,2607,380,380,0,0,0
2026-03-06 11:30,2400,380,380,0,0,0
2026-03-06 12:00,2194,380,380,0,0,0
2026-03-06 12:30,1987,380,380,0,0,0
2026-03-06 13:00,1781,380,380,0,0,0
2026-03-06 13:30,1574,380,380,0,0,0
2026-03-06 14:00,1368,380,380,0,0,0
2026-03-06 14:30,1161,380,380,0,0,0
2026-03-06 15:00,955,380,380,0,0,0
2026-03-06 15:30,748,380,380,0,0,0
2026-03-06 16:00,542,380,380,0,0,0
2026-03-06 16:30,335,380,380,0,0,0
2026-03-06 17:00,129,380,380,0,0,0
2026-03-06 17:30,0,380,237,143,0,0
2026-03-06 18:00,0,280,0,280,0,0
2026-03-06 18:30,0,280,0,280,0,0
2026-03-06 19:00,0,460,0,460,0,0
2026-03-06 19:30,0,460,0,460,0,0
2026-03-06 20:00,0,460,0,460,0,0
2026-03-06 20:30,0,460,0,460,0,0
2026-03-06 21:00,0,460,0,460,0,0
2026-03-06 21:30,0,460,0,460,0,0
2026-03-06 22:00,0,280,0,280,0,0
2026-03-06 22:30,0,280,0,280,0,0
2026-03-06 23:00,0,280,0,280,0,0
2026-03-06 23:30,0,280,0,280,0,0
2026-03-07 00:00,0,280,0,280,0,0
2026-03-07 00:30,1104,280,0,280,2208,0
2026-03-07 01:00,2208,280,0,280,2208,0
2026-03-07 01:30,3312,280,0,280,2208,0
2026-03-07 02:00,4096,280,0,280,1568,0
2026-03-07 02:30,4096,280,0,280,0,0
2026-03-07 03:00,4096,280,0,280,0,0
2026-03-07 03:30,4096,280,0,280,0,0
2026-03-07 04:00,4096,280,0,280,0,0
2026-03-07 04:30,4096,280,0,280,0,0
2026-03-07 05:00,4096,280,0,280,0,0
2026-03-07 05:30,4096,280,0,280,0,0
2026-03-07 06:00,4096,280,0,280,0,0
2026-03-07 06:30,4096,280,0,280,0,0
2026-03-07 07:00,4096,280,0,280,0,0
2026-03-07 07:30,3944,280,280,0,0,0
2026-03-07 08:00,3792,280,280,0,0,0
2026-03-07 08:30,3639,280,280,0,0,0
2026-03-07 09:00,3487,280,280,0,0,0
2026-03-07 09:30,3335,280,280,0,0,0
2026-03-07 10:00,3198,280,280,0,0,29
2026-03-07 10:30,3073,280,280,0,0,55
2026-03-07 11:00,2931,280,280,0,0,20
2026-03-07 11:30,2779,280,280,0,0,0
2026-03-07 12:00,2697,280,280,0,0,140
2026-03-07 12:30,2544,280,280,0,0,0
2026-03-07 13:00,2392,280,280,0,0,0
2026-03-07 13:30,2240,280,280,0,0,0
2026-03-07 14:00,2088,280,280,0,0,0
2026-03-07 14:30,1936,280,280,0,0,0
2026-03-07 15:00,1784,280,280,0,0,0
2026-03-07 15:30,1631,280,280,0,0,0
2026-03-07 16:00,1479,280,280,0,0,0
2026-03-07 16:30,1327,280,280,0,0,0
2026-03-07 17:00,1175,280,280,0,0,0
2026-03-07 17:30,1023,280,280,0,0,0
2026-03-07 18:00,871,280,280,0,0,0
2026-03-07 18:30,718,280,280,0,0,0
2026-03-07 19:00,322,730,730,0,0,0
2026-03-07 19:30,0,730,592,138,0,0
2026-03-07 20:00,0,730,0,730,0,0
2026-03-07 20:30,0,730,0,730,0,0
2026-03-07 21:00,0,730,0,730,0,0
2026-03-07 21:30,0,730,0,730,0,0
2026-03-07 22:00,0,730,0,730,0,0
2026-03-07 22:30,0,730,0,730,0,0
2026-03-07 23:00,0,730,0,730,0,0
2026-03-07 23:30,0,730,0,730,0,0
2026-03-08 00:00,0,280,0,280,0,0
2026-03-08 00:30,1104,280,0,280,2208,0
2026-03-08 01:00,2208,280,0,280,2208,0
2026-03-08 01:30,3312,280,0,280,2208,0
2026-03-08 02:00,4096,280,0,280,1568,0
2026-03-08 02:30,4096,280,0,280,0,0
2026-03-08 03:00,4096,280,0,280,0,0
2026-03-08 03:30,4096,280,0,280,0,0
2026-03-08 04:00,4096,280,0,280,0,0
2026-03-08 04:30,4096,280,0,280,0,0
2026-03-08 05:00,4096,280,0,280,0,0
2026-03-08 05:30,4096,280,0,280,0,0
2026-03-08 06:00,4096,280,0,280,0,0
2026-03-08 06:30,4096,280,0,280,0,0
2026-03-08 07:00,4096,280,0,280,0,0
2026-03-08 07:30,3944,280,280,0,0,0
2026-03-08 08:00,3792,280,280,0,0,0
2026-03-08 08:30,3639,280,280,0,0,0
2026-03-08 09:00,3487,280,280,0,0,0
2026-03-08 09:30,3335,280,280,0,0,0
2026-03-08 10:00,3183,280,280,0,0,0
2026-03-08 10:30,3031,280,280,0,0,0
2026-03-08 11:00,2879,280,280,0,0,0
2026-03-08 11:30,2726,280,280,0,0,0
2026-03-08 12:00,2574,280,280,0,0,0
2026-03-08 12:30,2422,280,280,0,0,0
2026-03-08 13:00,2270,280,280,0,0,0
2026-03-08 13:30,2118,280,280,0,0,0
2026-03-08 14:00,1966,280,280,0,0,0
2026-03-08 14:30,1813,280,280,0,0,0
2026-03-08 15:00,1661,280,280,0,0,0
2026-03-08 15:30,1509,280,280,0,0,0
2026-03-08 16:00,1357,280,280,0,0,0
2026-03-08 16:30,1205,280,280,0,0,0
2026-03-08 17:00,1053,280,280,0,0,0
2026-03-08 17:30,900,280,280,0,0,0
2026-03-08 18:00,748,280,280,0,0,0
2026-03-08 18:30,596,280,280,0,0,0
2026-03-08 19:00,444,280,280,0,0,0
2026-03-08 19:30,292,280,280,0,0,0
2026-03-08 20:00,139,280,280,0,0,0
2026-03-08 20:30,0,280,257,23,0,0
2026-03-08 21:00,0,280,0,280,0,0
2026-03-08 21:30,0,280,0,280,0,0
2026-03-08 22:00,0,280,0,280,0,0
2026-03-08 22:30,0,280,0,280,0,0
2026-03-08 23:00,0,280,0,280,0,0
2026-03-08 23:30,0,280,0,280,0,0
2026-03-09 00:00,0,280,0,280,0,0
2026-03-09 00:30,1104,280,0,280,2208,0
2026-03-09 01:00,2208,280,0,280,2208,0
2026-03-09 01:30,3312,280,0,280,2208,0
2026-03-09 02:00,4096,280,0,280,1568,0
2026-03-09 02:30,4096,280,0,280,0,0
2026-03-09 03:00,4096,280,0,280,0,0
2026-03-09 03:30,4096,280,0,280,0,0
2026-03-09 04:00,4096,280,0,280,0,0
2026-03-09 04:30,4096,280,0,280,0,0
2026-03-09 05:00,4096,280,0,280,0,0
2026-03-09 05:30,4096,280,0,280,0,0
2026-03-09 06:00,4096,280,0,280,0,0
2026-03-09 06:30,4096,280,0,280,0,0
2026-03-09 07:00,4096,280,0,280,0,0
2026-03-09 07:30,3944,280,280,0,0,0
2026-03-09 08:00,3792,280,280,0,0,0
2026-03-09 08:30,3688,280,280,0,0,98
2026-03-09 09:00,3553,380,380,0,0,144
2026-03-09 09:30,3433,380,380,0,0,173
2026-03-09 10:00,3284,380,380,0,0,114
2026-03-09 10:30,3147,380,380,0,0,140
2026-03-09 11:00,3028,380,380,0,0,175
2026-03-09 11:30,2905,380,380,0,0,166
2026-03-09 12:00,2779,380,380,0,0,162
2026-03-09 12:30,2731,380,380,0,0,316
2026-03-09 13:00,2680,380,380,0,0,311
2026-03-09 13:30,2587,380,380,0,0,228
2026-03-09 14:00,2580,380,380,0,0,399
2026-03-09 14:30,2583,380,380,0,0,418
2026-03-09 15:00,2520,380,380,0,0,287
2026-03-09 15:30,2376,380,380,0,0,125
2026-03-09 16:00,2173,380,380,0,0,7
2026-03-09 16:30,1966,380,380,0,0,0
2026-03-09 17:00,1760,380,380,0,0,0
2026-03-09 17:30,1553,380,380,0,0,0
2026-03-09 18:00,1401,280,280,0,0,0
2026-03-09 18:30,1249,280,280,0,0,0
2026-03-09 19:00,1097,280,280,0,0,0
2026-03-09 19:30,945,280,280,0,0,0
2026-03-09 20:00,792,280,280,0,0,0
2026-03-09 20:30,640,280,280,0,0,0
2026-03-09 21:00,488,280,280,0,0,0
2026-03-09 21:30,336,280,280,0,0,0
2026-03-09 22:00,184,280,280,0,0,0
2026-03-09 22:30,32,280,280,0,0,0
2026-03-09 23:00,0,280,58,222,0,0
2026-03-09 23:30,0,280,0,280,0,0
2026-03-10 00:00,0,280,0,280,0,0
2026-03-10 00:30,1104,280,0,280,2208,0
2026-03-10 01:00,2208,280,0,280,2208,0
2026-03-10 01:30,3312,280,0,280,2208,0
2026-03-10 02:00,4096,280,0,280,1568,0
2026-03-10 02:30,4096,280,0,280,0,0
2026-03-10 03:00,4096,280,0,280,0,0
2026-03-10 03:30,4096,280,0,280,0,0
2026-03-10 04:00,4096,280,0,280,0,0
2026-03-10 04:30,4096,280,0,280,0,0
2026-03-10 05:00,4096,280,0,280,0,0
2026-03-10 05:30,4096,280,0,280,0,0
2026-03-10 06:00,4096,280,0,280,0,0
2026-03-10 06:30,4096,280,0,280,0,0
2026-03-10 07:00,4096,280,0,280,0,0
2026-03-10 07:30,3944,280,280,0,0,0
2026-03-10 08:00,3944,280,280,0,0,304
2026-03-10 08:30,3944,280,280,0,0,304
2026-03-10 09:00,3889,380,380,0,0,304
2026-03-10 09:30,3889,380,380,0,0,413
2026-03-10 10:00,3889,380,380,0,0,413
2026-03-10 10:30,3889,380,380,0,0,413
2026-03-10 11:00,3889,380,380,0,0,413
2026-03-10 11:30,3889,380,380,0,0,413
2026-03-10 12:00,3889,380,380,0,0,413
2026-03-10 12:30,3872,380,380,0,0,379
2026-03-10 13:00,3889,380,380,0,0,447
2026-03-10 13:30,3889,380,380,0,0,413
2026-03-10 14:00,3889,380,380,0,0,413
2026-03-10 14:30,3889,380,380,0,0,413
2026-03-10 15:00,3821,380,380,0,0,276
2026-03-10 15:30,3671,380,380,0,0,114
2026-03-10 16:00,3470,380,380,0,0,9
2026-03-10 16:30,3268,380,380,0,0,9
2026-03-10 17:00,3061,380,380,0,0,0
2026-03-10 17:30,2855,380,380,0,0,0
2026-03-10 18:00,2702,280,280,0,0,0
2026-03-10 18:30,2550,280,280,0,0,0
2026-03-10 19:00,2300,460,460,0,0,0
2026-03-10 19:30,2050,460,460,0,0,0
2026-03-10 20:00,1800,460,460,0,0,0
2026-03-10 20:30,1550,460,460,0,0,0
2026-03-10 21:00,1300,460,460,0,0,0
2026-03-10 21:30,1050,460,460,0,0,0
2026-03-10 22:00,898,280,280,0,0,0
2026-03-10 22:30,746,280,280,0,0,0
2026-03-10 23:00,594,280,280,0,0,0
2026-03-10 23:30,442,280,280,0,0,0
2026-03-11 00:00,289,280,280,0,0,0
2026-03-11 00:30,1393,280,0,280,2208,0
2026-03-11 01:00,2497,280,0,280,2208,0
2026-03-11 01:30,3601,280,0,280,2208,0
2026-03-11 02:00,4096,280,0,280,989,0
2026-03-11 02:30,4096,280,0,280,0,0
2026-03-11 03:00,4096,280,0,280,0,0
2026-03-11 03:30,4096,280,0,280,0,0
2026-03-11 04:00,4096,280,0,280,0,0
2026-03-11 04:30,4096,280,0,280,0,0
2026-03-11 05:00,4096,280,0,280,0,0
2026-03-11 05:30,4096,280,0,280,0,0
2026-03-11 06:00,4096,280,0,280,0,0
2026-03-11 06:30,4096,280,0,280,0,0
2026-03-11 07:00,4096,280,0,280,0,0
2026-03-11 07:30,3944,280,280,0,0,0
2026-03-11 08:00,3944,280,280,0,0,304
2026-03-11 08:30,3944,280,280,0,0,304
2026-03-11 09:00,3889,380,380,0,0,304
2026-03-11 09:30,3889,380,380,0,0,413
2026-03-11 10:00,3889,380,380,0,0,413
2026-03-11 10:30,3683,380,380,0,0,0
2026-03-11 11:00,3545,380,380,0,0,136
2026-03-11 11:30,3488,380,380,0,0,300
2026-03-11 12:00,3363,380,380,0,0,164
2026-03-11 12:30,3359,380,380,0,0,405
2026-03-11 13:00,3349,380,380,0,0,392
2026-03-11 13:30,3321,380,380,0,0,357
2026-03-11 14:00,3114,380,380,0,0,0
2026-03-11 14:30,2908,380,380,0,0,0
2026-03-11 15:00,2701,380,380,0,0,0
2026-03-11 15:30,2519,380,380,0,0,50
2026-03-11 16:00,2313,380,380,0,0,0
2026-03-11 16:30,2106,380,380,0,0,0
2026-03-11 17:00,1900,380,380,0,0,0
2026-03-11 17:30,1693,380,380,0,0,0
2026-03-11 18:00,1541,280,280,0,0,0
2026-03-11 18:30,1389,280,280,0,0,0
2026-03-11 19:00,1237,280,280,0,0,0
2026-03-11 19:30,1085,280,280,0,0,0
2026-03-11 20:00,932,280,280,0,0,0
2026-03-11 20:30,780,280,280,0,0,0
2026-03-11 21:00,628,280,280,0,0,0
2026-03-11 21:30,476,280,280,0,0,0
2026-03-11 22:00,324,280,280,0,0,0
2026-03-11 22:30,172,280,280,0,0,0
2026-03-11 23:00,19,280,280,0,0,0
2026-03-11 23:30,0,280,36,244,0,0
2026-03-12 00:00,0,280,0,280,0,0
2026-03-12 00:30,1104,280,0,280,2208,0
2026-03-12 01:00,2208,280,0,280,2208,0
2026-03-12 01:30,3312,280,0,280,2208,0
2026-03-12 02:00,4096,280,0,280,1568,0
2026-03-12 02:30,4096,280,0,280,0,0
2026-03-12 03:00,4096,280,0,280,0,0
2026-03-12 03:30,4096,280,0,280,0,0
2026-03-12 04:00,4096,280,0,280,0,0
2026-03-12 04:30,4096,280,0,280,0,0
2026-03-12 05:00,4096,280,0,280,0,0
2026-03-12 05:30,4096,280,0,280,0,0
2026-03-12 06:00,4096,280,0,280,0,0
2026-03-12 06:30,4096,280,0,280,0,0
2026-03-12 07:00,4096,280,0,280,0,0
2026-03-12 07:30,3944,280,280,0,0,0
2026-03-12 08:00,3802,280,280,0,0,20
2026-03-12 08:30,3731,280,280,0,0,164
2026-03-12 09:00,3525,380,380,0,0,0
2026-03-12 09:30,3446,380,380,0,0,256
2026-03-12 10:00,3331,380,380,0,0,182
2026-03-12 10:30,3339,380,380,0,0,429
2026-03-12 11:00,3132,380,380,0,0,0
2026-03-12 11:30,2926,380,380,0,0,0
2026-03-12 12:00,2719,380,380,0,0,0
2026-03-12 12:30,2513,380,380,0,0,0
2026-03-12 13:00,2306,380,380,0,0,0
2026-03-12 13:30,2100,380,380,0,0,0
2026-03-12 14:00,1893,380,380,0,0,0
2026-03-12 14:30,1687,380,380,0,0,0
2026-03-12 15:00,1480,380,380,0,0,0
2026-03-12 15:30,1273,380,380,0,0,0
2026-03-12 16:00,1067,380,380,0,0,0
2026-03-12 16:30,860,380,380,0,0,0
2026-03-12 17:00,654,380,380,0,0,0
2026-03-12 17:30,447,380,380,0,0,0
2026-03-12 18:00,295,280,280,0,0,0
2026-03-12 18:30,143,280,280,0,0,0
2026-03-12 19:00,0,580,263,317,0,0
2026-03-12 19:30,0,580,0,580,0,0
2026-03-12 20:00,0,580,0,580,0,0
2026-03-12 20:30,0,580,0,580,0,0
2026-03-12 21:00,0,580,0,580,0,0
2026-03-12 21:30,0,580,0,580,0,0
2026-03-12 22:00,0,580,0,580,0,0
2026-03-12 22:30,0,580,0,580,0,0
2026-03-12 23:00,0,280,0,280,0,0
2026-03-12 23:30,0,280,0,280,0,0
2026-03-13 00:00,0,280,0,280,0,0
2026-03-13 00:30,1104,280,0,280,2208,0
2026-03-13 01:00,2208,280,0,280,2208,0
2026-03-13 01:30,3312,280,0,280,2208,0
2026-03-13 02:00,4096,280,0,280,1568,0
2026-03-13 02:30,4096,280,0,280,0,0
2026-03-13 03:00,4096,280,0,280,0,0
2026-03-13 03:30,4096,280,0,280,0,0
2026-03-13 04:00,4096,280,0,280,0,0
2026-03-13 04:30,4096,280,0,280,0,0
2026-03-13 05:00,4096,280,0,280,0,0
2026-03-13 05:30,4096,280,0,280,0,0
2026-03-13 06:00,4096,280,0,280,0,0
2026-03-13 06:30,4096,280,0,280,0,0
2026-03-13 07:00,4096,280,0,280,0,0
2026-03-13 07:30,3944,280,280,0,0,0
2026-03-13 08:00,3880,280,280,0,0,177
2026-03-13 08:30,3764,280,280,0,0,72
2026-03-13 09:00,3716,380,380,0,0,318
2026-03-13 09:30,3751,380,380,0,0,482
2026-03-13 10:00,3801,380,380,0,0,513
2026-03-13 10:30,3851,380,380,0,0,513
2026-03-13 11:00,3889,380,380,0,0,490
2026-03-13 11:30,3889,380,380,0,0,413
2026-03-13 12:00,3849,380,380,0,0,331
2026-03-13 12:30,3876,380,380,0,0,467
2026-03-13 13:00,3889,380,380,0,0,441
2026-03-13 13:30,3889,380,380,0,0,413
2026-03-13 14:00,3889,380,380,0,0,413
2026-03-13 14:30,3870,380,380,0,0,374
2026-03-13 15:00,3753,380,380,0,0,180
2026-03-13 15:30,3590,380,380,0,0,86
2026-03-13 16:00,3384,380,380,0,0,0
2026-03-13 16:30,3177,380,380,0,0,0
2026-03-13 17:00,2971,380,380,0,0,0
2026-03-13 17:30,2764,380,380,0,0,0
2026-03-13 18:00,2612,280,280,0,0,0
2026-03-13 18:30,2460,280,280,0,0,0
2026-03-13 19:00,2063,730,730,0,0,0
2026-03-13 19:30,1666,730,730,0,0,0
2026-03-13 20:00,1269,730,730,0,0,0
2026-03-13 20:30,873,730,730,0,0,0
2026-03-13 21:00,476,730,730,0,0,0
2026-03-13 21:30,79,730,730,0,0,0
2026-03-13 22:00,0,730,146,584,0,0
2026-03-13 22:30,0,730,0,730,0,0
2026-03-13 23:00,0,730,0,730,0,0
2026-03-13 23:30,0,730,0,730,0,0
2026-03-14 00:00,0,280,0,280,0,0
2026-03-14 00:30,1104,280,0,280,2208,0
2026-03-14 01:00,2208,280,0,280,2208,0
2026-03-14 01:30,3312,280,0,280,2208,0
2026-03-14 02:00,4096,280,0,280,1568,0
2026-03-14 02:30,4096,280,0,280,0,0
2026-03-14 03:00,4096,280,0,280,0,0
2026-03-14 03:30,4096,280,0,280,0,0
2026-03-14 04:00,4096,280,0,280,0,0
2026-03-14 04:30,4096,280,0,280,0,0
2026-03-14 05:00,4096,280,0,280,0,0
2026-03-14 05:30,4096,280,0,280,0,0
2026-03-14 06:00,4096,280,0,280,0,0
2026-03-14 06:30,4096,280,0,280,0,0
2026-03-14 07:00,4096,280,0,280,0,0
2026-03-14 07:30,3944,280,280,0,0,0
2026-03-14 08:00,3944,280,280,0,0,304
2026-03-14 08:30,3944,280,280,0,0,304
2026-03-14 09:00,3944,280,280,0,0,304
2026-03-14 09:30,3944,280,280,0,0,304
2026-03-14 10:00,3944,280,280,0,0,304
2026-03-14 10:30,3944,280,280,0,0,304
2026-03-14 11:00,3944,280,280,0,0,304
2026-03-14 11:30,3944,280,280,0,0,304
2026-03-14 12:00,3944,280,280,0,0,304
2026-03-14 12:30,3944,280,280,0,0,304
2026-03-14 13:00,3944,280,280,0,0,304
2026-03-14 13:30,3944,280,280,0,0,304
2026-03-14 14:00,3917,280,280,0,0,250
2026-03-14 14:30,3944,280,280,0,0,358
2026-03-14 15:00,3819,280,280,0,0,55
2026-03-14 15:30,3667,280,280,0,0,0
2026-03-14 16:00,3515,280,280,0,0,0
2026-03-14 16:30,3363,280,280,0,0,0
2026-03-14 17:00,3211,280,280,0,0,0
2026-03-14 17:30,3058,280,280,0,0,0
2026-03-14 18:00,2906,280,280,0,0,0
2026-03-14 18:30,2754,280,280,0,0,0
2026-03-14 19:00,2439,580,580,0,0,0
2026-03-14 19:30,2124,580,580,0,0,0
2026-03-14 20:00,1808,580,580,0,0,0
2026-03-14 20:30,1493,580,580,0,0,0
2026-03-14 21:00,1178,580,580,0,0,0
2026-03-14 21:30,863,580,580,0,0,0
2026-03-14 22:00,548,580,580,0,0,0
2026-03-14 22:30,232,580,580,0,0,0
2026-03-14 23:00,80,280,280,0,0,0
2026-03-14 23:30,0,280,147,133,0,0
2026-03-15 00:00,0,280,0,280,0,0
2026-03-15 00:30,1104,280,0,280,2208,0
2026-03-15 01:00,2208,280,0,280,2208,0
2026-03-15 01:30,3312,280,0,280,2208,0
2026-03-15 02:00,4096,280,0,280,1568,0
2026-03-15 02:30,4096,280,0,280,0,0
2026-03-15 03:00,4096,280,0,280,0,0
2026-03-15 03:30,4096,280,0,280,0,0
2026-03-15 04:00,4096,280,0,280,0,0
2026-03-15 04:30,4096,280,0,280,0,0
2026-03-15 05:00,4096,280,0,280,0,0
2026-03-15 05:30,4096,280,0,280,0,0
2026-03-15 06:00,4096,280,0,280,0,0
2026-03-15 06:30,4096,280,0,280,0,0
2026-03-15 07:00,4096,280,0,280,0,0
2026-03-15 07:30,3944,280,280,0,0,0
2026-03-15 08:00,3944,280,280,0,0,304
2026-03-15 08:30,3944,280,280,0,0,304
2026-03-15 09:00,3944,280,280,0,0,304
2026-03-15 09:30,3944,280,280,0,0,304
2026-03-15 10:00,3944,280,280,0,0,304
2026-03-15 10:30,3944,280,280,0,0,304
2026-03-15 11:00,3944,280,280,0,0,304
2026-03-15 11:30,3792,280,280,0,0,0
2026-03-15 12:00,3893,280,280,0,0,508
2026-03-15 12:30,3769,280,280,0,0,55
2026-03-15 13:00,3617,280,280,0,0,0
2026-03-15 13:30,3464,280,280,0,0,0
2026-03-15 14:00,3312,280,280,0,0,0
2026-03-15 14:30,3160,280,280,0,0,0
2026-03-15 15:00,3008,280,280,0,0,0
2026-03-15 15:30,2856,280,280,0,0,0
2026-03-15 16:00,2704,280,280,0,0,0
2026-03-15 16:30,2551,280,280,0,0,0
2026-03-15 17:00,2399,280,280,0,0,0
2026-03-15 17:30,2247,280,280,0,0,0
2026-03-15 18:00,2095,280,280,0,0,0
2026-03-15 18:30,1943,280,280,0,0,0
2026-03-15 19:00,1791,280,280,0,0,0
2026-03-15 19:30,1638,280,280,0,0,0
2026-03-15 20:00,1486,280,280,0,0,0
2026-03-15 20:30,1334,280,280,0,0,0
2026-03-15 21:00,1182,280,280,0,0,0
2026-03-15 21:30,1030,280,280,0,0,0
2026-03-15 22:00,878,280,280,0,0,0
2026-03-15 22:30,725,280,280,0,0,0
2026-03-15 23:00,573,280,280,0,0,0
2026-03-15 23:30,421,280,280,0,0,0
2026-03-16 00:00,269,280,280,0,0,0
2026-03-16 00:30,1373,280,0,280,2208,0
2026-03-16 01:00,2477,280,0,280,2208,0
2026-03-16 01:30,3581,280,0,280,2208,0
2026-03-16 02:00,4096,280,0,280,1030,0
2026-03-16 02:30,4096,280,0,280,0,0
2026-03-16 03:00,4096,280,0,280,0,0
2026-03-16 03:30,4096,280,0,280,0,0
2026-03-16 04:00,4096,280,0,280,0,0
2026-03-16 04:30,4096,280,0,280,0,0
2026-03-16 05:00,4096,280,0,280,0,0
2026-03-16 05:30,4096,280,0,280,0,0
2026-03-16 06:00,4096,280,0,280,0,0
2026-03-16 06:30,4096,280,0,280,0,0
2026-03-16 07:00,4096,280,0,280,0,0
2026-03-16 07:30,3944,280,280,0,0,0
2026-03-16 08:00,3792,280,280,0,0,0
2026-03-16 08:30,3764,280,280,0,0,248
2026-03-16 09:00,3788,380,380,0,0,462
2026-03-16 09:30,3815,380,380,0,0,467
2026-03-16 10:00,3854,380,380,0,0,491
2026-03-16 10:30,3823,380,380,0,0,350
2026-03-16 11:00,3872,380,380,0,0,512
2026-03-16 11:30,3889,380,380,0,0,448
2026-03-16 12:00,3719,380,380,0,0,72
2026-03-16 12:30,3713,380,380,0,0,401
2026-03-16 13:00,3618,380,380,0,0,223
2026-03-16 13:30,3447,380,380,0,0,72
2026-03-16 14:00,3260,380,380,0,0,39
2026-03-16 14:30,3053,380,380,0,0,0
2026-03-16 15:00,2847,380,380,0,0,0
2026-03-16 15:30,2640,380,380,0,0,0
2026-03-16 16:00,2434,380,380,0,0,0
2026-03-16 16:30,2227,380,380,0,0,0
2026-03-16 17:00,2021,380,380,0,0,0
2026-03-16 17:30,1814,380,380,0,0,0
2026-03-16 18:00,1662,280,280,0,0,0
2026-03-16 18:30,1510,280,280,0,0,0
2026-03-16 19:00,1358,280,280,0,0,0
2026-03-16 19:30,1205,280,280,0,0,0
2026-03-16 20:00,1053,280,280,0,0,0
2026-03-16 20:30,901,280,280,0,0,0
2026-03-16 21:00,749,280,280,0,0,0
2026-03-16 21:30,597,280,280,0,0,0
2026-03-16 22:00,445,280,280,0,0,0
2026-03-16 22:30,292,280,280,0,0,0
2026-03-16 23:00,140,280,280,0,0,0
2026-03-16 23:30,0,280,258,22,0,0
2026-03-17 00:00,0,280,0,280,0,0
2026-03-17 00:30,1104,280,0,280,2208,0
2026-03-17 01:00,2208,280,0,280,2208,0
2026-03-17 01:30,3312,280,0,280,2208,0
2026-03-17 02:00,4096,280,0,280,1568,0
2026-03-17 02:30,4096,280,0,280,0,0
2026-03-17 03:00,4096,280,0,280,0,0
2026-03-17 03:30,4096,280,0,280,0,0
2026-03-17 04:00,4096,280,0,280,0,0
2026-03-17 04:30,4096,280,0,280,0,0
2026-03-17 05:00,4096,280,0,280,0,0
2026-03-17 05:30,4096,280,0,280,0,0
2026-03-17 06:00,4096,280,0,280,0,0
2026-03-17 06:30,4096,280,0,280,0,0
2026-03-17 07:00,4096,280,0,280,0,0
2026-03-17 07:30,3944,280,280,0,0,0
2026-03-17 08:00,3944,280,280,0,0,304
2026-03-17 08:30,3944,280,280,0,0,304
2026-03-17 09:00,3889,380,380,0,0,304
2026-03-17 09:30,3889,380,380,0,0,413
2026-03-17 10:00,3889,380,380,0,0,413
2026-03-17 10:30,3889,380,380,0,0,413
2026-03-17 11:00,3889,380,380,0,0,413
2026-03-17 11:30,3683,380,380,0,0,0
2026-03-17 12:00,3476,380,380,0,0,0
2026-03-17 12:30,3527,380,380,0,0,513
2026-03-17 13:00,3577,380,380,0,0,513
2026-03-17 13:30,3594,380,380,0,0,447
2026-03-17 14:00,3566,380,380,0,0,357
2026-03-17 14:30,3359,380,380,0,0,0
2026-03-17 15:00,3153,380,380,0,0,0
2026-03-17 15:30,2946,380,380,0,0,0
2026-03-17 16:00,2740,380,380,0,0,0
2026-03-17 16:30,2533,380,380,0,0,0
2026-03-17 17:00,2327,380,380,0,0,0
2026-03-17 17:30,2120,380,380,0,0,0
2026-03-17 18:00,1968,280,280,0,0,0
2026-03-17 18:30,1816,280,280,0,0,0
2026-03-17 19:00,1566,460,460,0,0,0
2026-03-17 19:30,1316,460,460,0,0,0
2026-03-17 20:00,1066,460,460,0,0,0
2026-03-17 20:30,816,460,460,0,0,0
2026-03-17 21:00,566,460,460,0,0,0
2026-03-17 21:30,316,460,460,0,0,0
2026-03-17 22:00,164,280,280,0,0,0
2026-03-17 22:30,11,280,280,0,0,0
2026-03-17 23:00,0,280,21,259,0,0
2026-03-17 23:30,0,280,0,280,0,0
2026-03-18 00:00,0,280,0,280,0,0
2026-03-18 00:30,1104,280,0,280,2208,0
2026-03-18 01:00,2208,280,0,280,2208,0
2026-03-18 01:30,3312,280,0,280,2208,0
2026-03-18 02:00,4096,280,0,280,1568,0
2026-03-18 02:30,4096,280,0,280,0,0
2026-03-18 03:00,4096,280,0,280,0,0
2026-03-18 03:30,4096,280,0,280,0,0
2026-03-18 04:00,4096,280,0,280,0,0
2026-03-18 04:30,4096,280,0,280,0,0
2026-03-18 05:00,4096,280,0,280,0,0
2026-03-18 05:30,4096,280,0,280,0,0
2026-03-18 06:00,4096,280,0,280,0,0
2026-03-18 06:30,4096,280,0,280,0,0
2026-03-18 07:00,4096,280,0,280,0,0
2026-03-18 07:30,3944,280,280,0,0,0
2026-03-18 08:00,3944,280,280,0,0,304
2026-03-18 08:30,3944,280,280,0,0,304
2026-03-18 09:00,3889,380,380,0,0,304
2026-03-18 09:30,3889,380,380,0,0,413
2026-03-18 10:00,3889,380,380,0,0,413
2026-03-18 10:30,3889,380,380,0,0,413
2026-03-18 11:00,3889,380,380,0,0,413
2026-03-18 11:30,3889,380,380,0,0,413
2026-03-18 12:00,3889,380,380,0,0,413
2026-03-18 12:30,3889,380,380,0,0,413
2026-03-18 13:00,3889,380,380,0,0,413
2026-03-18 13:30,3889,380,380,0,0,413
2026-03-18 14:00,3889,380,380,0,0,413
2026-03-18 14:30,3889,380,380,0,0,413
2026-03-18 15:00,3683,380,380,0,0,0
2026-03-18 15:30,3476,380,380,0,0,0
2026-03-18 16:00,3270,380,380,0,0,0
2026-03-18 16:30,3063,380,380,0,0,0
2026-03-18 17:00,2857,380,380,0,0,0
2026-03-18 17:30,2650,380,380,0,0,0
2026-03-18 18:00,2498,280,280,0,0,0
2026-03-18 18:30,2346,280,280,0,0,0
2026-03-18 19:00,2194,280,280,0,0,0
2026-03-18 19:30,2042,280,280,0,0,0
2026-03-18 20:00,1889,280,280,0,0,0
2026-03-18 20:30,1737,280,280,0,0,0
2026-03-18 21:00,1585,280,280,0,0,0
2026-03-18 21:30,1433,280,280,0,0,0
2026-03-18 22:00,1281,280,280,0,0,0
2026-03-18 22:30,1129,280,280,0,0,0
2026-03-18 23:00,976,280,280,0,0,0
2026-03-18 23:30,824,280,280,0,0,0
2026-03-19 00:00,672,280,280,0,0,0
2026-03-19 00:30,1776,280,0,280,2208,0
2026-03-19 01:00,2880,280,0,280,2208,0
2026-03-19 01:30,3984,280,0,280,2208,0
2026-03-19 02:00,4096,280,0,280,224,0
2026-03-19 02:30,4096,280,0,280,0,0
2026-03-19 03:00,4096,280,0,280,0,0
2026-03-19 03:30,4096,280,0,280,0,0
2026-03-19 04:00,4096,280,0,280,0,0
2026-03-19 04:30,4096,280,0,280,0,0
2026-03-19 05:00,4096,280,0,280,0,0
2026-03-19 05:30,4096,280,0,280,0,0
2026-03-19 06:00,4096,280,0,280,0,0
2026-03-19 06:30,4096,280,0,280,0,0
2026-03-19 07:00,4096,280,0,280,0,0
2026-03-19 07:30,3944,280,280,0,0,0
2026-03-19 08:00,3944,280,280,0,0,304
2026-03-19 08:30,3944,280,280,0,0,304
2026-03-19 09:00,3889,380,380,0,0,304
2026-03-19 09:30,3889,380,380,0,0,413
2026-03-19 10:00,3889,380,380,0,0,413
2026-03-19 10:30,3889,380,380,0,0,413
2026-03-19 11:00,3889,380,380,0,0,413
2026-03-19 11:30,3889,380,380,0,0,413
2026-03-19 12:00,3885,380,380,0,0,405
2026-03-19 12:30,3889,380,380,0,0,421
2026-03-19 13:00,3889,380,380,0,0,413
2026-03-19 13:30,3889,380,380,0,0,413
2026-03-19 14:00,3889,380,380,0,0,413
2026-03-19 14:30,3889,380,380,0,0,413
2026-03-19 15:00,3765,380,380,0,0,164
2026-03-19 15:30,3565,380,380,0,0,13
2026-03-19 16:00,3372,380,380,0,0,28
2026-03-19 16:30,3166,380,380,0,0,0
2026-03-19 17:00,2959,380,380,0,0,0
2026-03-19 17:30,2752,380,380,0,0,0
2026-03-19 18:00,2600,280,280,0,0,0
2026-03-19 18:30,2448,280,280,0,0,0
2026-03-19 19:00,2198,460,460,0,0,0
2026-03-19 19:30,1948,460,460,0,0,0
2026-03-19 20:00,1698,460,460,0,0,0
2026-03-19 20:30,1448,460,460,0,0,0
2026-03-19 21:00,1198,460,460,0,0,0
2026-03-19 21:30,948,460,460,0,0,0
2026-03-19 22:00,796,280,280,0,0,0
2026-03-19 22:30,644,280,280,0,0,0
2026-03-19 23:00,492,280,280,0,0,0
2026-03-19 23:30,339,280,280,0,0,0
2026-03-20 00:00,187,280,280,0,0,0
2026-03-20 00:30,1291,280,0,280,2208,0
2026-03-20 01:00,2395,280,0,280,2208,0
2026-03-20 01:30,3499,280,0,280,2208,0
2026-03-20 02:00,4096,280,0,280,1193,0
2026-03-20 02:30,4096,280,0,280,0,0
2026-03-20 03:00,4096,280,0,280,0,0
2026-03-20 03:30,4096,280,0,280,0,0
2026-03-20 04:00,4096,280,0,280,0,0
2026-03-20 04:30,4096,280,0,280,0,0
2026-03-20 05:00,4096,280,0,280,0,0
2026-03-20 05:30,4096,280,0,280,0,0
2026-03-20 06:00,4096,280,0,280,0,0
2026-03-20 06:30,4096,280,0,280,0,0
2026-03-20 07:00,4096,280,0,280,0,0
2026-03-20 07:30,3944,280,280,0,0,0
2026-03-20 08:00,3831,280,280,0,0,79
2026-03-20 08:30,3770,280,280,0,0,182
2026-03-20 09:00,3748,380,380,0,0,368
2026-03-20 09:30,3798,380,380,0,0,513
2026-03-20 10:00,3848,380,380,0,0,513
2026-03-20 10:30,3889,380,380,0,0,496
2026-03-20 11:00,3889,380,380,0,0,413
2026-03-20 11:30,3889,380,380,0,0,413
2026-03-20 12:00,3860,380,380,0,0,353
2026-03-20 12:30,3889,380,380,0,0,473
2026-03-20 13:00,3889,380,380,0,0,413
2026-03-20 13:30,3889,380,380,0,0,413
2026-03-20 14:00,3889,380,380,0,0,413
2026-03-20 14:30,3889,380,380,0,0,413
2026-03-20 15:00,3874,380,380,0,0,383
2026-03-20 15:30,3803,380,380,0,0,270
2026-03-20 16:00,3731,380,380,0,0,269
2026-03-20 16:30,3568,380,380,0,0,88
2026-03-20 17:00,3362,380,380,0,0,0
2026-03-20 17:30,3155,380,380,0,0,0
2026-03-20 18:00,3003,280,280,0,0,0
2026-03-20 18:30,2851,280,280,0,0,0
2026-03-20 19:00,2699,280,280,0,0,0
2026-03-20 19:30,2547,280,280,0,0,0
2026-03-20 20:00,2395,280,280,0,0,0
2026-03-20 20:30,2242,280,280,0,0,0
2026-03-20 21:00,2090,280,280,0,0,0
2026-03-20 21:30,1938,280,280,0,0,0
2026-03-20 22:00,1786,280,280,0,0,0
2026-03-20 22:30,1634,280,280,0,0,0
2026-03-20 23:00,1482,280,280,0,0,0
2026-03-20 23:30,1329,280,280,0,0,0
2026-03-21 00:00,1177,280,280,0,0,0
2026-03-21 00:30,2281,280,0,280,2208,0
2026-03-21 01:00,3385,280,0,280,2208,0
2026-03-21 01:30,4096,280,0,280,1422,0
2026-03-21 02:00,4096,280,0,280,0,0
2026-03-21 02:30,4096,280,0,280,0,0
2026-03-21 03:00,4096,280,0,280,0,0
2026-03-21 03:30,4096,280,0,280,0,0
2026-03-21 04:00,4096,280,0,280,0,0
2026-03-21 04:30,4096,280,0,280,0,0
2026-03-21 05:00,4096,280,0,280,0,0
2026-03-21 05:30,4096,280,0,280,0,0
2026-03-21 06:00,4096,280,0,280,0,0
2026-03-21 06:30,4096,280,0,280,0,0
2026-03-21 07:00,4096,280,0,280,0,0
2026-03-21 07:30,3944,280,280,0,0,0
2026-03-21 08:00,3944,280,280,0,0,304
2026-03-21 08:30,3792,280,280,0,0,0
2026-03-21 09:00,3777,280,280,0,0,274
2026-03-21 09:30,3881,280,280,0,0,513
2026-03-21 10:00,3944,280,280,0,0,430
2026-03-21 10:30,3944,280,280,0,0,304
2026-03-21 11:00,3944,280,280,0,0,304
2026-03-21 11:30,3944,280,280,0,0,304
2026-03-21 12:00,3944,280,280,0,0,304
2026-03-21 12:30,3944,280,280,0,0,304
2026-03-21 13:00,3944,280,280,0,0,304
2026-03-21 13:30,3944,280,280,0,0,304
2026-03-21 14:00,3944,280,280,0,0,304
2026-03-21 14:30,3944,280,280,0,0,304
2026-03-21 15:00,3913,280,280,0,0,243
2026-03-21 15:30,3789,280,280,0,0,57
2026-03-21 16:00,3655,280,280,0,0,35
2026-03-21 16:30,3503,280,280,0,0,0
2026-03-21 17:00,3350,280,280,0,0,0
2026-03-21 17:30,3198,280,280,0,0,0
2026-03-21 18:00,3046,280,280,0,0,0
2026-03-21 18:30,2894,280,280,0,0,0
2026-03-21 19:00,2742,280,280,0,0,0
2026-03-21 19:30,2590,280,280,0,0,0
2026-03-21 20:00,2437,280,280,0,0,0
2026-03-21 20:30,2285,280,280,0,0,0
2026-03-21 21:00,2133,280,280,0,0,0
2026-03-21 21:30,1981,280,280,0,0,0
2026-03-21 22:00,1829,280,280,0,0,0
2026-03-21 22:30,1676,280,280,0,0,0
2026-03-21 23:00,1524,280,280,0,0,0
2026-03-21 23:30,1372,280,280,0,0,0
2026-03-22 00:00,1220,280,280,0,0,0
2026-03-22 00:30,2324,280,0,280,2208,0
2026-03-22 01:00,3428,280,0,280,2208,0
2026-03-22 01:30,4096,280,0,280,1336,0
2026-03-22 02:00,4096,280,0,280,0,0
2026-03-22 02:30,4096,280,0,280,0,0
2026-03-22 03:00,4096,280,0,280,0,0
2026-03-22 03:30,4096,280,0,280,0,0
2026-03-22 04:00,4096,280,0,280,0,0
2026-03-22 04:30,4096,280,0,280,0,0
2026-03-22 05:00,4096,280,0,280,0,0
2026-03-22 05:30,4096,280,0,280,0,0
2026-03-22 06:00,4096,280,0,280,0,0
2026-03-22 06:30,4096,280,0,280,0,0
2026-03-22 07:00,4096,280,0,280,0,0
2026-03-22 07:30,3944,280,280,0,0,0
2026-03-22 08:00,3792,280,280,0,0,0
2026-03-22 08:30,3759,280,280,0,0,239
2026-03-22 09:00,3755,280,280,0,0,296
2026-03-22 09:30,3766,280,280,0,0,326
2026-03-22 10:00,3670,280,280,0,0,112
2026-03-22 10:30,3756,280,280,0,0,477
2026-03-22 11:00,3860,280,280,0,0,513
2026-03-22 11:30,3944,280,280,0,0,472
2026-03-22 12:00,3944,280,280,0,0,304
2026-03-22 12:30,3944,280,280,0,0,304
2026-03-22 13:00,3944,280,280,0,0,304
2026-03-22 13:30,3936,280,280,0,0,289
2026-03-22 14:00,3944,280,280,0,0,320
2026-03-22 14:30,3944,280,280,0,0,304
2026-03-22 15:00,3944,280,280,0,0,304
2026-03-22 15:30,3892,280,280,0,0,201
2026-03-22 16:00,3740,280,280,0,0,0
2026-03-22 16:30,3588,280,280,0,0,0
2026-03-22 17:00,3435,280,280,0,0,0
2026-03-22 17:30,3283,280,280,0,0,0
2026-03-22 18:00,3131,280,280,0,0,0
2026-03-22 18:30,2979,280,280,0,0,0
2026-03-22 19:00,2582,730,730,0,0,0
2026-03-22 19:30,2185,730,730,0,0,0
2026-03-22 20:00,1789,730,730,0,0,0
2026-03-22 20:30,1392,730,730,0,0,0
2026-03-22 21:00,995,730,730,0,0,0
2026-03-22 21:30,598,730,730,0,0,0
2026-03-22 22:00,202,730,730,0,0,0
2026-03-22 22:30,0,730,371,359,0,0
2026-03-22 23:00,0,730,0,730,0,0
2026-03-22 23:30,0,730,0,730,0,0
2026-03-23 00:00,0,280,0,280,0,0
2026-03-23 00:30,1104,280,0,280,2208,0
2026-03-23 01:00,2208,280,0,280,2208,0
2026-03-23 01:30,3312,280,0,280,2208,0
2026-03-23 02:00,4096,280,0,280,1568,0
2026-03-23 02:30,4096,280,0,280,0,0
2026-03-23 03:00,4096,280,0,280,0,0
2026-03-23 03:30,4096,280,0,280,0,0
2026-03-23 04:00,4096,280,0,280,0,0
2026-03-23 04:30,4096,280,0,280,0,0
2026-03-23 05:00,4096,280,0,280,0,0
2026-03-23 05:30,4096,280,0,280,0,0
2026-03-23 06:00,4096,280,0,280,0,0
2026-03-23 06:30,4096,280,0,280,0,0
2026-03-23 07:00,4096,280,0,280,0,0
2026-03-23 07:30,3944,280,280,0,0,0
2026-03-23 08:00,3792,280,280,0,0,0
2026-03-23 08:30,3660,280,280,0,0,40
2026-03-23 09:00,3509,380,380,0,0,112
2026-03-23 09:30,3517,380,380,0,0,429
2026-03-23 10:00,3567,380,380,0,0,513
2026-03-23 10:30,3617,380,380,0,0,512
2026-03-23 11:00,3667,380,380,0,0,513
2026-03-23 11:30,3717,380,380,0,0,513
2026-03-23 12:00,3727,380,380,0,0,434
2026-03-23 12:30,3778,380,380,0,0,513
2026-03-23 13:00,3828,380,380,0,0,513
2026-03-23 13:30,3867,380,380,0,0,491
2026-03-23 14:00,3699,380,380,0,0,77
2026-03-23 14:30,3492,380,380,0,0,0
2026-03-23 15:00,3286,380,380,0,0,0
2026-03-23 15:30,3079,380,380,0,0,0
2026-03-23 16:00,2873,380,380,0,0,0
2026-03-23 16:30,2666,380,380,0,0,0
2026-03-23 17:00,2460,380,380,0,0,0
2026-03-23 17:30,2253,380,380,0,0,0
2026-03-23 18:00,2101,280,280,0,0,0
2026-03-23 18:30,1949,280,280,0,0,0
2026-03-23 19:00,1797,280,280,0,0,0
2026-03-23 19:30,1645,280,280,0,0,0
2026-03-23 20:00,1492,280,280,0,0,0
2026-03-23 20:30,1340,280,280,0,0,0
2026-03-23 21:00,1188,280,280,0,0,0
2026-03-23 21:30,1036,280,280,0,0,0
2026-03-23 22:00,884,280,280,0,0,0
2026-03-23 22:30,732,280,280,0,0,0
2026-03-23 23:00,579,280,280,0,0,0
2026-03-23 23:30,427,280,280,0,0,0
2026-03-24 00:00,275,280,280,0,0,0
2026-03-24 00:30,1379,280,0,280,2208,0
2026-03-24 01:00,2483,280,0,280,2208,0
2026-03-24 01:30,3587,280,0,280,2208,0
2026-03-24 02:00,4096,280,0,280,1018,0
2026-03-24 02:30,4096,280,0,280,0,0
2026-03-24 03:00,4096,280,0,280,0,0
2026-03-24 03:30,4096,280,0,280,0,0
2026-03-24 04:00,4096,280,0,280,0,0
2026-03-24 04:30,4096,280,0,280,0,0
2026-03-24 05:00,4096,280,0,280,0,0
2026-03-24 05:30,4096,280,0,280,0,0
2026-03-24 06:00,4096,280,0,280,0,0
2026-03-24 06:30,4096,280,0,280,0,0
2026-03-24 07:00,4096,280,0,280,0,0
2026-03-24 07:30,3944,280,280,0,0,0
2026-03-24 08:00,3792,280,280,0,0,0
2026-03-24 08:30,3639,280,280,0,0,0
2026-03-24 09:00,3433,380,380,0,0,0
2026-03-24 09:30,3226,380,380,0,0,0
2026-03-24 10:00,3020,380,380,0,0,0
2026-03-24 10:30,2813,380,380,0,0,0
2026-03-24 11:00,2607,380,380,0,0,0
2026-03-24 11:30,2400,380,380,0,0,0
2026-03-24 12:00,2194,380,380,0,0,0
2026-03-24 12:30,1987,380,380,0,0,0
2026-03-24 13:00,1781,380,380,0,0,0
2026-03-24 13:30,1574,380,380,0,0,0
2026-03-24 14:00,1368,380,380,0,0,0
2026-03-24 14:30,1161,380,380,0,0,0
2026-03-24 15:00,963,380,380,0,0,17
2026-03-24 15:30,756,380,380,0,0,0
2026-03-24 16:00,550,380,380,0,0,0
2026-03-24 16:30,347,380,380,0,0,7
2026-03-24 17:00,141,380,380,0,0,0
2026-03-24 17:30,0,380,259,121,0,0
2026-03-24 18:00,0,280,0,280,0,0
2026-03-24 18:30,0,280,0,280,0,0
2026-03-24 19:00,0,280,0,280,0,0
2026-03-24 19:30,0,280,0,280,0,0
2026-03-24 20:00,0,280,0,280,0,0
2026-03-24 20:30,0,280,0,280,0,0
2026-03-24 21:00,0,280,0,280,0,0
2026-03-24 21:30,0,280,0,280,0,0
2026-03-24 22:00,0,280,0,280,0,0
2026-03-24 22:30,0,280,0,280,0,0
2026-03-24 23:00,0,280,0,280,0,0
2026-03-24 23:30,0,280,0,280,0,0
2026-03-25 00:00,0,280,0,280,0,0
2026-03-25 00:30,1104,280,0,280,2208,0
2026-03-25 01:00,2208,280,0,280,2208,0
2026-03-25 01:30,3312,280,0,280,2208,0
2026-03-25 02:00,4096,280,0,280,1568,0
2026-03-25 02:30,4096,280,0,280,0,0
2026-03-25 03:00,4096,280,0,280,0,0
2026-03-25 03:30,4096,280,0,280,0,0
2026-03-25 04:00,4096,280,0,280,0,0
2026-03-25 04:30,4096,280,0,280,0,0
2026-03-25 05:00,4096,280,0,280,0,0
2026-03-25 05:30,4096,280,0,280,0,0
2026-03-25 06:00,4096,280,0,280,0,0
2026-03-25 06:30,4096,280,0,280,0,0
2026-03-25 07:00,4096,280,0,280,0,0
2026-03-25 07:30,3944,280,280,0,0,0
2026-03-25 08:00,3792,280,280,0,0,0
2026-03-25 08:30,3639,280,280,0,0,0
2026-03-25 09:00,3433,380,380,0,0,0
2026-03-25 09:30,3226,380,380,0,0,0
2026-03-25 10:00,3020,380,380,0,0,0
2026-03-25 10:30,2813,380,380,0,0,0
2026-03-25 11:00,2607,380,380,0,0,0
2026-03-25 11:30,2400,380,380,0,0,0
2026-03-25 12:00,2194,380,380,0,0,0
2026-03-25 12:30,1987,380,380,0,0,0
2026-03-25 13:00,1781,380,380,0,0,0
2026-03-25 13:30,1574,380,380,0,0,0
2026-03-25 14:00,1368,380,380,0,0,0
2026-03-25 14:30,1161,380,380,0,0,0
2026-03-25 15:00,955,380,380,0,0,0
2026-03-25 15:30,748,380,380,0,0,0
2026-03-25 16:00,542,380,380,0,0,0
2026-03-25 16:30,335,380,380,0,0,0
2026-03-25 17:00,129,380,380,0,0,0
2026-03-25 17:30,0,380,237,143,0,0
2026-03-25 18:00,0,280,0,280,0,0
2026-03-25 18:30,0,280,0,280,0,0
2026-03-25 19:00,0,280,0,280,0,0
2026-03-25 19:30,0,280,0,280,0,0
2026-03-25 20:00,0,280,0,280,0,0
2026-03-25 20:30,0,280,0,280,0,0
2026-03-25 21:00,0,280,0,280,0,0
2026-03-25 21:30,0,280,0,280,0,0
2026-03-25 22:00,0,280,0,280,0,0
2026-03-25 22:30,0,280,0,280,0,0
2026-03-25 23:00,0,280,0,280,0,0
2026-03-25 23:30,0,280,0,280,0,0
2026-03-26 00:00,0,280,0,280,0,0
2026-03-26 00:30,1104,280,0,280,2208,0
2026-03-26 01:00,2208,280,0,280,2208,0
2026-03-26 01:30,3312,280,0,280,2208,0
2026-03-26 02:00,4096,280,0,280,1568,0
2026-03-26 02:30,4096,280,0,280,0,0
2026-03-26 03:00,4096,280,0,280,0,0
2026-03-26 03:30,4096,280,0,280,0,0
2026-03-26 04:00,4096,280,0,280,0,0
2026-03-26 04:30,4096,280,0,280,0,0
2026-03-26 05:00,4096,280,0,280,0,0
2026-03-26 05:30,4096,280,0,280,0,0
2026-03-26 06:00,4096,280,0,280,0,0
2026-03-26 06:30,4096,280,0,280,0,0
2026-03-26 07:00,4096,280,0,280,0,0
2026-03-26 07:30,3944,280,280,0,0,0
2026-03-26 08:00,3792,280,280,0,0,0
2026-03-26 08:30,3639,280,280,0,0,0
2026-03-26 09:00,3433,380,380,0,0,0
2026-03-26 09:30,3226,380,380,0,0,0
2026-03-26 10:00,3020,380,380,0,0,0
2026-03-26 10:30,2813,380,380,0,0,0
2026-03-26 11:00,2607,380,380,0,0,0
2026-03-26 11:30,2400,380,380,0,0,0
2026-03-26 12:00,2194,380,380,0,0,0
2026-03-26 12:30,1987,380,380,0,0,0
2026-03-26 13:00,1781,380,380,0,0,0
2026-03-26 13:30,1574,380,380,0,0,0
2026-03-26 14:00,1368,380,380,0,0,0
2026-03-26 14:30,1161,380,380,0,0,0
2026-03-26 15:00,955,380,380,0,0,0
2026-03-26 15:30,748,380,380,0,0,0
2026-03-26 16:00,542,380,380,0,0,0
2026-03-26 16:30,335,380,380,0,0,0
2026-03-26 17:00,129,380,380,0,0,0
2026-03-26 17:30,0,380,237,143,0,0
2026-03-26 18:00,0,280,0,280,0,0
2026-03-26 18:30,0,280,0,280,0,0
2026-03-26 19:00,0,280,0,280,0,0
2026-03-26 19:30,0,280,0,280,0,0
2026-03-26 20:00,0,280,0,280,0,0
2026-03-26 20:30,0,280,0,280,0,0
2026-03-26 21:00,0,280,0,280,0,0
2026-03-26 21:30,0,280,0,280,0,0
2026-03-26 22:00,0,280,0,280,0,0
2026-03-26 22:30,0,280,0,280,0,0
2026-03-26 23:00,0,280,0,280,0,0
2026-03-26 23:30,0,280,0,280,0,0
2026-03-27 00:00,0,280,0,280,0,0
2026-03-27 00:30,1104,280,0,280,2208,0
2026-03-27 01:00,2208,280,0,280,2208,0
2026-03-27 01:30,3312,280,0,280,2208,0
2026-03-27 02:00,4096,280,0,280,1568,0
2026-03-27 02:30,4096,280,0,280,0,0
2026-03-27 03:00,4096,280,0,280,0,0
2026-03-27 03:30,4096,280,0,280,0,0
2026-03-27 04:00,4096,280,0,280,0,0
2026-03-27 04:30,4096,280,0,280,0,0
2026-03-27 05:00,4096,280,0,280,0,0
2026-03-27 05:30,4096,280,0,280,0,0
2026-03-27 06:00,4096,280,0,280,0,0
2026-03-27 06:30,4096,280,0,280,0,0
2026-03-27 07:00,4096,280,0,280,0,0
2026-03-27 07:30,3944,280,280,0,0,0
2026-03-27 08:00,3792,280,280,0,0,0
2026-03-27 08:30,3639,280,280,0,0,0
2026-03-27 09:00,3433,380,380,0,0,0
2026-03-27 09:30,3226,380,380,0,0,0
2026-03-27 10:00,3020,380,380,0,0,0
2026-03-27 10:30,2813,380,380,0,0,0
2026-03-27 11:00,2607,380,380,0,0,0
2026-03-27 11:30,2400,380,380,0,0,0
2026-03-27 12:00,2194,380,380,0,0,0
2026-03-27 12:30,1987,380,380,0,0,0
2026-03-27 13:00,1781,380,380,0,0,0
2026-03-27 13:30,1574,380,380,0,0,0
2026-03-27 14:00,1368,380,380,0,0,0
2026-03-27 14:30,1161,380,380,0,0,0
2026-03-27 15:00,955,380,380,0,0,0
2026-03-27 15:30,748,380,380,0,0,0
2026-03-27 16:00,542,380,380,0,0,0
2026-03-27 16:30,335,380,380,0,0,0
2026-03-27 17:00,129,380,380,0,0,0
2026-03-27 17:30,0,380,237,143,0,0
2026-03-27 18:00,0,280,0,280,0,0
2026-03-27 18:30,0,280,0,280,0,0
2026-03-27 19:00,0,580,0,580,0,0
2026-03-27 19:30,0,580,0,580,0,0
2026-03-27 20:00,0,580,0,580,0,0
2026-03-27 20:30,0,580,0,580,0,0
2026-03-27 21:00,0,580,0,580,0,0
2026-03-27 21:30,0,580,0,580,0,0
2026-03-27 22:00,0,580,0,580,0,0
2026-03-27 22:30,0,580,0,580,0,0
2026-03-27 23:00,0,280,0,280,0,0
2026-03-27 23:30,0,280,0,280,0,0
2026-03-28 00:00,0,280,0,280,0,0
2026-03-28 00:30,1104,280,0,280,2208,0
2026-03-28 01:00,2208,280,0,280,2208,0
2026-03-28 01:30,3312,280,0,280,2208,0
2026-03-28 02:00,4096,280,0,280,1568,0
2026-03-28 02:30,4096,280,0,280,0,0
2026-03-28 03:00,4096,280,0,280,0,0
2026-03-28 03:30,4096,280,0,280,0,0
2026-03-28 04:00,4096,280,0,280,0,0
2026-03-28 04:30,4096,280,0,280,0,0
2026-03-28 05:00,4096,280,0,280,0,0
2026-03-28 05:30,4096,280,0,280,0,0
2026-03-28 06:00,4096,280,0,280,0,0
2026-03-28 06:30,4096,280,0,280,0,0
2026-03-28 07:00,4096,280,0,280,0,0
2026-03-28 07:30,3944,280,280,0,0,0
2026-03-28 08:00,3792,280,280,0,0,0
2026-03-28 08:30,3639,280,280,0,0,0
2026-03-28 09:00,3487,280,280,0,0,0
2026-03-28 09:30,3335,280,280,0,0,0
2026-03-28 10:00,3183,280,280,0,0,0
2026-03-28 10:30,3031,280,280,0,0,0
2026-03-28 11:00,2879,280,280,0,0,0
2026-03-28 11:30,2726,280,280,0,0,0
2026-03-28 12:00,2574,280,280,0,0,0
2026-03-28 12:30,2422,280,280,0,0,0
2026-03-28 13:00,2270,280,280,0,0,0
2026-03-28 13:30,2118,280,280,0,0,0
2026-03-28 14:00,1966,280,280,0,0,0
2026-03-28 14:30,1813,280,280,0,0,0
2026-03-28 15:00,1661,280,280,0,0,0
2026-03-28 15:30,1509,280,280,0,0,0
2026-03-28 16:00,1357,280,280,0,0,0
2026-03-28 16:30,1205,280,280,0,0,0
2026-03-28 17:00,1053,280,280,0,0,0
2026-03-28 17:30,900,280,280,0,0,0
2026-03-28 18:00,748,280,280,0,0,0
2026-03-28 18:30,596,280,280,0,0,0
2026-03-28 19:00,281,580,580,0,0,0
2026-03-28 19:30,0,580,517,63,0,0
2026-03-28 20:00,0,580,0,580,0,0
2026-03-28 20:30,0,580,0,580,0,0
2026-03-28 21:00,0,580,0,580,0,0
2026-03-28 21:30,0,580,0,580,0,0
2026-03-28 22:00,0,580,0,580,0,0
2026-03-28 22:30,0,580,0,580,0,0
2026-03-28 23:00,0,280,0,280,0,0
2026-03-28 23:30,0,280,0,280,0,0
2026-03-29 00:00,0,280,0,280,0,0
2026-03-29 00:30,1104,280,0,280,2208,0
2026-03-29 01:00,2208,280,0,280,2208,0
2026-03-29 01:30,3312,280,0,280,2208,0
2026-03-29 02:00,4096,280,0,280,1568,0
2026-03-29 02:30,4096,280,0,280,0,0
2026-03-29 03:00,4096,280,0,280,0,0
2026-03-29 03:30,4096,280,0,280,0,0
2026-03-29 04:00,4096,280,0,280,0,0
2026-03-29 04:30,4096,280,0,280,0,0
2026-03-29 05:00,4096,280,0,280,0,0
2026-03-29 05:30,4096,280,0,280,0,0
2026-03-29 06:00,4096,280,0,280,0,0
2026-03-29 06:30,3944,280,280,0,0,0
2026-03-29 07:00,3792,280,280,0,0,0
2026-03-29 07:30,3639,280,280,0,0,0
2026-03-29 08:00,3487,280,280,0,0,0
2026-03-29 08:30,3335,280,280,0,0,0
2026-03-29 09:00,3183,280,280,0,0,0
2026-03-29 09:30,3031,280,280,0,0,0
2026-03-29 10:00,2879,280,280,0,0,0
2026-03-29 10:30,2726,280,280,0,0,0
2026-03-29 11:00,2574,280,280,0,0,0
2026-03-29 11:30,2422,280,280,0,0,0
2026-03-29 12:00,2270,280,280,0,0,0
2026-03-29 12:30,2118,280,280,0,0,0
2026-03-29 13:00,1966,280,280,0,0,0
2026-03-29 13:30,1813,280,280,0,0,0
2026-03-29 14:00,1661,280,280,0,0,0
2026-03-29 14:30,1509,280,280,0,0,0
2026-03-29 15:00,1357,280,280,0,0,0
2026-03-29 15:30,1205,280,280,0,0,0
2026-03-29 16:00,1053,280,280,0,0,0
2026-03-29 16:30,900,280,280,0,0,0
2026-03-29 17:00,748,280,280,0,0,0
2026-03-29 17:30,596,280,280,0,0,0
2026-03-29 18:00,444,280,280,0,0,0
2026-03-29 18:30,292,280,280,0,0,0
2026-03-29 19:00,139,280,280,0,0,0
2026-03-29 19:30,0,280,257,23,0,0
2026-03-29 20:00,0,280,0,280,0,0
2026-03-29 20:30,0,280,0,280,0,0
2026-03-29 21:00,0,280,0,280,0,0
2026-03-29 21:30,0,280,0,280,0,0
2026-03-29 22:00,0,280,0,280,0,0
2026-03-29 22:30,0,280,0,280,0,0
2026-03-29 23:00,0,280,0,280,0,0
2026-03-29 23:30,1104,280,0,280,2208,0
2026-03-30 00:00,2208,280,0,280,2208,0
2026-03-30 00:30,3312,280,0,280,2208,0
2026-03-30 01:00,4096,280,0,280,1568,0
2026-03-30 01:30,4096,280,0,280,0,0
2026-03-30 02:00,4096,280,0,280,0,0
2026-03-30 02:30,4096,280,0,280,0,0
2026-03-30 03:00,4096,280,0,280,0,0
2026-03-30 03:30,4096,280,0,280,0,0
2026-03-30 04:00,4096,280,0,280,0,0
2026-03-30 04:30,4096,280,0,280,0,0
2026-03-30 05:00,4096,280,0,280,0,0
2026-03-30 05:30,4096,280,0,280,0,0
2026-03-30 06:00,4096,280,0,280,0,0
2026-03-30 06:30,3944,280,280,0,0,0
2026-03-30 07:00,3792,280,280,0,0,0
2026-03-30 07:30,3639,280,280,0,0,0
2026-03-30 08:00,3433,380,380,0,0,0
2026-03-30 08:30,3226,380,380,0,0,0
2026-03-30 09:00,3020,380,380,0,0,0
2026-03-30 09:30,2813,380,380,0,0,0
2026-03-30 10:00,2607,380,380,0,0,0
2026-03-30 10:30,2400,380,380,0,0,0
2026-03-30 11:00,2194,380,380,0,0,0
2026-03-30 11:30,1987,380,380,0,0,0
2026-03-30 12:00,1781,380,380,0,0,0
2026-03-30 12:30,1574,380,380,0,0,0
2026-03-30 13:00,1368,380,380,0,0,0
2026-03-30 13:30,1161,380,380,0,0,0
2026-03-30 14:00,955,380,380,0,0,0
2026-03-30 14:30,748,380,380,0,0,0
2026-03-30 15:00,542,380,380,0,0,0
2026-03-30 15:30,335,380,380,0,0,0
2026-03-30 16:00,129,380,380,0,0,0
2026-03-30 16:30,0,380,237,143,0,0
2026-03-30 17:00,0,280,0,280,0,0
2026-03-30 17:30,0,280,0,280,0,0
2026-03-30 18:00,0,280,0,280,0,0
2026-03-30 18:30,0,280,0,280,0,0
2026-03-30 19:00,0,280,0,280,0,0
2026-03-30 19:30,0,280,0,280,0,0
2026-03-30 20:00,0,280,0,280,0,0
2026-03-30 20:30,0,280,0,280,0,0
2026-03-30 21:00,0,280,0,280,0,0
2026-03-30 21:30,0,280,0,280,0,0
2026-03-30 22:00,0,280,0,280,0,0
2026-03-30 22:30,0,280,0,280,0,0
2026-03-30 23:00,0,280,0,280,0,0
2026-03-30 23:30,1104,280,0,280,2208,0
2026-03-31 00:00,2208,280,0,280,2208,0
2026-03-31 00:30,3312,280,0,280,2208,0
2026-03-31 01:00,4096,280,0,280,1568,0
2026-03-31 01:30,4096,280,0,280,0,0
2026-03-31 02:00,4096,280,0,280,0,0
2026-03-31 02:30,4096,280,0,280,0,0
2026-03-31 03:00,4096,280,0,280,0,0
2026-03-31 03:30,4096,280,0,280,0,0
2026-03-31 04:00,4096,280,0,280,0,0
2026-03-31 04:30,4096,280,0,280,0,0
2026-03-31 05:00,4096,280,0,280,0,0
2026-03-31 05:30,4096,280,0,280,0,0
2026-03-31 06:00,4096,280,0,280,0,0
2026-03-31 06:30,3944,280,280,0,0,0
2026-03-31 07:00,3792,280,280,0,0,0
2026-03-31 07:30,3639,280,280,0,0,0
2026-03-31 08:00,3449,380,380,0,0,31
2026-03-31 08:30,3242,380,380,0,0,0
2026-03-31 09:00,3036,380,380,0,0,0
2026-03-31 09:30,2829,380,380,0,0,0
2026-03-31 10:00,2623,380,380,0,0,0
2026-03-31 10:30,2416,380,380,0,0,0
2026-03-31 11:00,2209,380,380,0,0,0
2026-03-31 11:30,2003,380,380,0,0,0
2026-03-31 12:00,1796,380,380,0,0,0
2026-03-31 12:30,1590,380,380,0,0,0
2026-03-31 13:00,1383,380,380,0,0,0
2026-03-31 13:30,1177,380,380,0,0,0
2026-03-31 14:00,970,380,380,0,0,0
2026-03-31 14:30,764,380,380,0,0,0
2026-03-31 15:00,557,380,380,0,0,0
2026-03-31 15:30,351,380,380,0,0,0
2026-03-31 16:00,144,380,380,0,0,0
2026-03-31 16:30,0,380,265,115,0,0
2026-03-31 17:00,0,280,0,280,0,0
2026-03-31 17:30,0,280,0,280,0,0
2026-03-31 18:00,0,280,0,280,0,0
2026-03-31 18:30,0,280,0,280,0,0
2026-03-31 19:00,0,280,0,280,0,0
2026-03-31 19:30,0,280,0,280,0,0
2026-03-31 20:00,0,280,0,280,0,0
2026-03-31 20:30,0,280,0,280,0,0
2026-03-31 21:00,0,280,0,280,0,0
2026-03-31 21:30,0,280,0,280,0,0
2026-03-31 22:00,0,280,0,280,0,0
2026-03-31 22:30,0,280,0,280,0,0
2026-03-31 23:00,0,280,0,280,0,0
2026-03-31 23:30,1104,280,0,280,2208,0
2026-04-01 00:00,2208,280,0,280,2208,0
2026-04-01 00:30,3312,280,0,280,2208,0
2026-04-01 01:00,4096,280,0,280,1568,0
2026-04-01 01:30,4096,280,0,280,0,0
2026-04-01 02:00,4096,280,0,280,0,0
2026-04-01 02:30,4096,280,0,280,0,0
2026-04-01 03:00,4096,280,0,280,0,0
2026-04-01 03:30,4096,280,0,280,0,0
2026-04-01 04:00,4096,280,0,280,0,0
2026-04-01 04:30,4096,280,0,280,0,0
2026-04-01 05:00,4096,280,0,280,0,0
2026-04-01 05:30,4096,280,0,280,0,0
2026-04-01 06:00,4096,280,0,280,0,0
2026-04-01 06:30,3944,280,280,0,0,0
2026-04-01 07:00,3792,280,280,0,0,0
2026-04-01 07:30,3639,280,280,0,0,0
2026-04-01 08:00,3433,380,380,0,0,0
2026-04-01 08:30,3226,380,380,0,0,0
2026-04-01 09:00,3020,380,380,0,0,0
2026-04-01 09:30,2813,380,380,0,0,0
2026-04-01 10:00,2607,380,380,0,0,0
2026-04-01 10:30,2400,380,380,0,0,0
2026-04-01 11:00,2194,380,380,0,0,0
2026-04-01 11:30,1987,380,380,0,0,0
2026-04-01 12:00,1781,380,380,0,0,0
2026-04-01 12:30,1574,380,380,0,0,0
2026-04-01 13:00,1368,380,380,0,0,0
2026-04-01 13:30,1161,380,380,0,0,0
2026-04-01 14:00,955,380,380,0,0,0
2026-04-01 14:30,748,380,380,0,0,0
2026-04-01 15:00,542,380,380,0,0,0
2026-04-01 15:30,335,380,380,0,0,0
2026-04-01 16:00,129,380,380,0,0,0
2026-04-01 16:30,0,380,237,143,0,0
2026-04-01 17:00,0,280,0,280,0,0
2026-04-01 17:30,0,280,0,280,0,0
2026-04-01 18:00,0,280,0,280,0,0
2026-04-01 18:30,0,280,0,280,0,0
2026-04-01 19:00,0,280,0,280,0,0
2026-04-01 19:30,0,280,0,280,0,0
2026-04-01 20:00,0,280,0,280,0,0
2026-04-01 20:30,0,280,0,280,0,0
2026-04-01 21:00,0,280,0,280,0,0
2026-04-01 21:30,0,280,0,280,0,0
2026-04-01 22:00,0,280,0,280,0,0
2026-04-01 22:30,0,280,0,280,0,0
2026-04-01 23:00,0,280,0,280,0,0
2026-04-01 23:30,1104,280,0,280,2208,0
2026-04-02 00:00,2208,280,0,280,2208,0
2026-04-02 00:30,3312,280,0,280,2208,0
2026-04-02 01:00,4096,280,0,280,1568,0
2026-04-02 01:30,4096,280,0,280,0,0
2026-04-02 02:00,4096,280,0,280,0,0
2026-04-02 02:30,4096,280,0,280,0,0
2026-04-02 03:00,4096,280,0,280,0,0
2026-04-02 03:30,4096,280,0,280,0,0
2026-04-02 04:00,4096,280,0,280,0,0
2026-04-02 04:30,4096,280,0,280,0,0
2026-04-02 05:00,4096,280,0,280,0,0
2026-04-02 05:30,4096,280,0,280,0,0
2026-04-02 06:00,4096,280,0,280,0,0
2026-04-02 06:30,3944,280,280,0,0,0
2026-04-02 07:00,3792,280,280,0,0,0
2026-04-02 07:30,3639,280,280,0,0,0
2026-04-02 08:00,3433,380,380,0,0,0
2026-04-02 08:30,3226,380,380,0,0,0
2026-04-02 09:00,3020,380,380,0,0,0
2026-04-02 09:30,2813,380,380,0,0,0
2026-04-02 10:00,2607,380,380,0,0,0
2026-04-02 10:30,2400,380,380,0,0,0
2026-04-02 11:00,2194,380,380,0,0,0
2026-04-02 11:30,1987,380,380,0,0,0
2026-04-02 12:00,1781,380,380,0,0,0
2026-04-02 12:30,1574,380,380,0,0,0
2026-04-02 13:00,1368,380,380,0,0,0
2026-04-02 13:30,1161,380,380,0,0,0
2026-04-02 14:00,955,380,380,0,0,0
2026-04-02 14:30,748,380,380,0,0,0
2026-04-02 15:00,542,380,380,0,0,0
2026-04-02 15:30,335,380,380,0,0,0
2026-04-02 16:00,129,380,380,0,0,0
2026-04-02 16:30,0,380,237,143,0,0
2026-04-02 17:00,0,280,0,280,0,0
2026-04-02 17:30,0,280,0,280,0,0
2026-04-02 18:00,0,580,0,580,0,0
2026-04-02 18:30,0,580,0,580,0,0
2026-04-02 19:00,0,580,0,580,0,0
2026-04-02 19:30,0,580,0,580,0,0
2026-04-02 20:00,0,580,0,580,0,0
2026-04-02 20:30,0,580,0,580,0,0
2026-04-02 21:00,0,580,0,580,0,0
2026-04-02 21:30,0,580,0,580,0,0
2026-04-02 22:00,0,280,0,280,0,0
2026-04-02 22:30,0,280,0,280,0,0
2026-04-02 23:00,0,280,0,280,0,0
2026-04-02 23:30,1104,280,0,280,2208,0
2026-04-03 00:00,2208,280,0,280,2208,0
2026-04-03 00:30,3312,280,0,280,2208,0
2026-04-03 01:00,4096,280,0,280,1568,0
2026-04-03 01:30,4096,280,0,280,0,0
2026-04-03 02:00,4096,280,0,280,0,0
2026-04-03 02:30,4096,280,0,280,0,0
2026-04-03 03:00,4096,280,0,280,0,0
2026-04-03 03:30,4096,280,0,280,0,0
2026-04-03 04:00,4096,280,0,280,0,0
2026-04-03 04:30,4096,280,0,280,0,0
2026-04-03 05:00,4096,280,0,280,0,0
2026-04-03 05:30,4096,280,0,280,0,0
2026-04-03 06:00,4096,280,0,280,0,0
2026-04-03 06:30,3944,280,280,0,0,0
2026-04-03 07:00,3792,280,280,0,0,0
2026-04-03 07:30,3639,280,280,0,0,0
2026-04-03 08:00,3433,380,380,0,0,0
2026-04-03 08:30,3226,380,380,0,0,0
2026-04-03 09:00,3020,380,380,0,0,0
2026-04-03 09:30,2813,380,380,0,0,0
2026-04-03 10:00,2607,380,380,0,0,0
2026-04-03 10:30,2400,380,380,0,0,0
2026-04-03 11:00,2194,380,380,0,0,0
2026-04-03 11:30,1987,380,380,0,0,0
2026-04-03 12:00,1781,380,380,0,0,0
2026-04-03 12:30,1574,380,380,0,0,0
2026-04-03 13:00,1368,380,380,0,0,0
2026-04-03 13:30,1161,380,380,0,0,0
2026-04-03 14:00,955,380,380,0,0,0
2026-04-03 14:30,748,380,380,0,0,0
2026-04-03 15:00,542,380,380,0,0,0
2026-04-03 15:30,335,380,380,0,0,0
2026-04-03 16:00,129,380,380,0,0,0
2026-04-03 16:30,0,380,237,143,0,0
2026-04-03 17:00,0,280,0,280,0,0
2026-04-03 17:30,0,280,0,280,0,0
2026-04-03 18:00,0,580,0,580,0,0
2026-04-03 18:30,0,580,0,580,0,0
2026-04-03 19:00,0,580,0,580,0,0
2026-04-03 19:30,0,580,0,580,0,0
2026-04-03 20:00,0,580,0,580,0,0
2026-04-03 20:30,0,580,0,580,0,0
2026-04-03 21:00,0,580,0,580,0,0
2026-04-03 21:30,0,580,0,580,0,0
2026-04-03 22:00,0,280,0,280,0,0
2026-04-03 22:30,0,280,0,280,0,0
2026-04-03 23:00,0,280,0,280,0,0
2026-04-03 23:30,1104,280,0,280,2208,0
2026-04-04 00:00,2208,280,0,280,2208,0
2026-04-04 00:30,3312,280,0,280,2208,0
2026-04-04 01:00,4096,280,0,280,1568,0
2026-04-04 01:30,4096,280,0,280,0,0
2026-04-04 02:00,4096,280,0,280,0,0
2026-04-04 02:30,4096,280,0,280,0,0
2026-04-04 03:00,4096,280,0,280,0,0
2026-04-04 03:30,4096,280,0,280,0,0
2026-04-04 04:00,4096,280,0,280,0,0
2026-04-04 04:30,4096,280,0,280,0,0
2026-04-04 05:00,4096,280,0,280,0,0
2026-04-04 05:30,4096,280,0,280,0,0
2026-04-04 06:00,4096,280,0,280,0,0
2026-04-04 06:30,3944,280,280,0,0,0
2026-04-04 07:00,3792,280,280,0,0,0
2026-04-04 07:30,3639,280,280,0,0,0
2026-04-04 08:00,3487,280,280,0,0,0
2026-04-04 08:30,3335,280,280,0,0,0
2026-04-04 09:00,3183,280,280,0,0,0
2026-04-04 09:30,3031,280,280,0,0,0
2026-04-04 10:00,2879,280,280,0,0,0
2026-04-04 10:30,2726,280,280,0,0,0
2026-04-04 11:00,2574,280,280,0,0,0
2026-04-04 11:30,2422,280,280,0,0,0
2026-04-04 12:00,2270,280,280,0,0,0
2026-04-04 12:30,2118,280,280,0,0,0
2026-04-04 13:00,1966,280,280,0,0,0
2026-04-04 13:30,1813,280,280,0,0,0
2026-04-04 14:00,1661,280,280,0,0,0
2026-04-04 14:30,1509,280,280,0,0,0
2026-04-04 15:00,1357,280,280,0,0,0
2026-04-04 15:30,1205,280,280,0,0,0
2026-04-04 16:00,1053,280,280,0,0,0
2026-04-04 16:30,900,280,280,0,0,0
2026-04-04 17:00,748,280,280,0,0,0
2026-04-04 17:30,596,280,280,0,0,0
2026-04-04 18:00,346,460,460,0,0,0
2026-04-04 18:30,96,460,460,0,0,0
2026-04-04 19:00,0,460,177,283,0,0
2026-04-04 19:30,0,460,0,460,0,0
2026-04-04 20:00,0,460,0,460,0,0
2026-04-04 20:30,0,460,0,460,0,0
2026-04-04 21:00,0,280,0,280,0,0
2026-04-04 21:30,0,280,0,280,0,0
2026-04-04 22:00,0,280,0,280,0,0
2026-04-04 22:30,0,280,0,280,0,0
2026-04-04 23:00,0,280,0,280,0,0
2026-04-04 23:30,1104,280,0,280,2208,0
2026-04-05 00:00,2208,280,0,280,2208,0
2026-04-05 00:30,3312,280,0,280,2208,0
2026-04-05 01:00,4096,280,0,280,1568,0
2026-04-05 01:30,4096,280,0,280,0,0
2026-04-05 02:00,4096,280,0,280,0,0
2026-04-05 02:30,4096,280,0,280,0,0
2026-04-05 03:00,4096,280,0,280,0,0
2026-04-05 03:30,4096,280,0,280,0,0
2026-04-05 04:00,4096,280,0,280,0,0
2026-04-05 04:30,4096,280,0,280,0,0
2026-04-05 05:00,4096,280,0,280,0,0
2026-04-05 05:30,4096,280,0,280,0,0
2026-04-05 06:00,4096,280,0,280,0,0
2026-04-05 06:30,3944,280,280,0,0,0
2026-04-05 07:00,3792,280,280,0,0,0
2026-04-05 07:30,3639,280,280,0,0,0
2026-04-05 08:00,3487,280,280,0,0,0
2026-04-05 08:30,3335,280,280,0,0,0
2026-04-05 09:00,3183,280,280,0,0,0
2026-04-05 09:30,3031,280,280,0,0,0
2026-04-05 10:00,2879,280,280,0,0,0
2026-04-05 10:30,2726,280,280,0,0,0
2026-04-05 11:00,2574,280,280,0,0,0
2026-04-05 11:30,2422,280,280,0,0,0
2026-04-05 12:00,2270,280,280,0,0,0
2026-04-05 12:30,2118,280,280,0,0,0
2026-04-05 13:00,1966,280,280,0,0,0
2026-04-05 13:30,1813,280,280,0,0,0
2026-04-05 14:00,1661,280,280,0,0,0
2026-04-05 14:30,1509,280,280,0,0,0
2026-04-05 15:00,1357,280,280,0,0,0
2026-04-05 15:30,1205,280,280,0,0,0
2026-04-05 16:00,1053,280,280,0,0,0
2026-04-05 16:30,900,280,280,0,0,0
2026-04-05 17:00,748,280,280,0,0,0
2026-04-05 17:30,596,280,280,0,0,0
2026-04-05 18:00,199,730,730,0,0,0
2026-04-05 18:30,0,730,367,363,0,0
2026-04-05 19:00,0,730,0,730,0,0
2026-04-05 19:30,0,730,0,730,0,0
2026-04-05 20:00,0,730,0,730,0,0
2026-04-05 20:30,0,730,0,730,0,0
2026-04-05 21:00,0,730,0,730,0,0
2026-04-05 21:30,0,730,0,730,0,0
2026-04-05 22:00,0,730,0,730,0,0
2026-04-05 22:30,0,730,0,730,0,0
2026-04-05 23:00,0,280,0,280,0,0
2026-04-05 23:30,1104,280,0,280,2208,0
2026-04-06 00:00,2208,280,0,280,2208,0
2026-04-06 00:30,3312,280,0,280,2208,0
2026-04-06 01:00,4096,280,0,280,1568,0
2026-04-06 01:30,4096,280,0,280,0,0
2026-04-06 02:00,4096,280,0,280,0,0
2026-04-06 02:30,4096,280,0,280,0,0
2026-04-06 03:00,4096,280,0,280,0,0
2026-04-06 03:30,4096,280,0,280,0,0
2026-04-06 04:00,4096,280,0,280,0,0
2026-04-06 04:30,4096,280,0,280,0,0
2026-04-06 05:00,4096,280,0,280,0,0
2026-04-06 05:30,4096,280,0,280,0,0
2026-04-06 06:00,4096,280,0,280,0,0
2026-04-06 06:30,3944,280,280,0,0,0
2026-04-06 07:00,3792,280,280,0,0,0
2026-04-06 07:30,3639,280,280,0,0,0
2026-04-06 08:00,3433,380,380,0,0,0
2026-04-06 08:30,3226,380,380,0,0,0
2026-04-06 09:00,3020,380,380,0,0,0
2026-04-06 09:30,2813,380,380,0,0,0
2026-04-06 10:00,2607,380,380,0,0,0
2026-04-06 10:30,2400,380,380,0,0,0
2026-04-06 11:00,2194,380,380,0,0,0
2026-04-06 11:30,1987,380,380,0,0,0
2026-04-06 12:00,1781,380,380,0,0,0
2026-04-06 12:30,1574,380,380,0,0,0
2026-04-06 13:00,1368,380,380,0,0,0
2026-04-06 13:30,1161,380,380,0,0,0
2026-04-06 14:00,955,380,380,0,0,0
2026-04-06 14:30,748,380,380,0,0,0
2026-04-06 15:00,542,380,380,0,0,0
2026-04-06 15:30,335,380,380,0,0,0
2026-04-06 16:00,129,380,380,0,0,0
2026-04-06 16:30,0,380,237,143,0,0
2026-04-06 17:00,0,280,0,280,0,0
2026-04-06 17:30,0,280,0,280,0,0
2026-04-06 18:00,0,280,0,280,0,0
2026-04-06 18:30,0,280,0,280,0,0
2026-04-06 19:00,0,280,0,280,0,0
2026-04-06 19:30,0,280,0,280,0,0
2026-04-06 20:00,0,280,0,280,0,0
2026-04-06 20:30,0,280,0,280,0,0
2026-04-06 21:00,0,280,0,280,0,0
2026-04-06 21:30,0,280,0,280,0,0
2026-04-06 22:00,0,280,0,280,0,0
2026-04-06 22:30,0,280,0,280,0,0
2026-04-06 23:00,0,280,0,280,0,0
2026-04-06 23:30,1104,280,0,280,2208,0
2026-04-07 00:00,2208,280,0,280,2208,0
2026-04-07 00:30,3312,280,0,280,2208,0
2026-04-07 01:00,4096,280,0,280,1568,0
2026-04-07 01:30,4096,280,0,280,0,0
2026-04-07 02:00,4096,280,0,280,0,0
2026-04-07 02:30,4096,280,0,280,0,0
2026-04-07 03:00,4096,280,0,280,0,0
2026-04-07 03:30,4096,280,0,280,0,0
2026-04-07 04:00,4096,280,0,280,0,0
2026-04-07 04:30,4096,280,0,280,0,0
2026-04-07 05:00,4096,280,0,280,0,0
2026-04-07 05:30,4096,280,0,280,0,0
2026-04-07 06:00,4096,280,0,280,0,0
2026-04-07 06:30,3944,280,280,0,0,0
2026-04-07 07:00,3792,280,280,0,0,0
2026-04-07 07:30,3639,280,280,0,0,0
2026-04-07 08:00,3433,380,380,0,0,0
2026-04-07 08:30,3226,380,380,0,0,0
2026-04-07 09:00,3020,380,380,0,0,0
2026-04-07 09:30,2813,380,380,0,0,0
2026-04-07 10:00,2607,380,380,0,0,0
2026-04-07 10:30,2400,380,380,0,0,0
2026-04-07 11:00,2194,380,380,0,0,0
2026-04-07 11:30,1987,380,380,0,0,0
2026-04-07 12:00,1781,380,380,0,0,0
2026-04-07 12:30,1574,380,380,0,0,0
2026-04-07 13:00,1368,380,380,0,0,0
2026-04-07 13:30,1161,380,380,0,0,0
2026-04-07 14:00,955,380,380,0,0,0
2026-04-07 14:30,748,380,380,0,0,0
2026-04-07 15:00,542,380,380,0,0,0
2026-04-07 15:30,335,380,380,0,0,0
2026-04-07 16:00,129,380,380,0,0,0
2026-04-07 16:30,0,380,237,143,0,0
2026-04-07 17:00,0,280,0,280,0,0
2026-04-07 17:30,0,280,0,280,0,0
2026-04-07 18:00,0,280,0,280,0,0
2026-04-07 18:30,0,280,0,280,0,0
2026-04-07 19:00,0,280,0,280,0,0
2026-04-07 19:30,0,280,0,280,0,0
2026-04-07 20:00,0,280,0,280,0,0
2026-04-07 20:30,0,280,0,280,0,0
2026-04-07 21:00,0,280,0,280,0,0
2026-04-07 21:30,0,280,0,280,0,0
2026-04-07 22:00,0,280,0,280,0,0
2026-04-07 22:30,0,280,0,280,0,0
2026-04-07 23:00,0,280,0,280,0,0
2026-04-07 23:30,1104,280,0,280,2208,0
2026-04-08 00:00,2208,280,0,280,2208,0
2026-04-08 00:30,3312,280,0,280,2208,0
2026-04-08 01:00,4096,280,0,280,1568,0
2026-04-08 01:30,4096,280,0,280,0,0
2026-04-08 02:00,4096,280,0,280,0,0
2026-04-08 02:30,4096,280,0,280,0,0
2026-04-08 03:00,4096,280,0,280,0,0
2026-04-08 03:30,4096,280,0,280,0,0
2026-04-08 04:00,4096,280,0,280,0,0
2026-04-08 04:30,4096,280,0,280,0,0
2026-04-08 05:00,4096,280,0,280,0,0
2026-04-08 05:30,4096,280,0,280,0,0
2026-04-08 06:00,4096,280,0,280,0,0
2026-04-08 06:30,3944,280,280,0,0,0
2026-04-08 07:00,3792,280,280,0,0,0
2026-04-08 07:30,3639,280,280,0,0,0
2026-04-08 08:00,3433,380,380,0,0,0
2026-04-08 08:30,3226,380,380,0,0,0
2026-04-08 09:00,3020,380,380,0,0,0
2026-04-08 09:30,2813,380,380,0,0,0
2026-04-08 10:00,2607,380,380,0,0,0
2026-04-08 10:30,2400,380,380,0,0,0
2026-04-08 11:00,2194,380,380,0,0,0
2026-04-08 11:30,1987,380,380,0,0,0
2026-04-08 12:00,1781,380,380,0,0,0
2026-04-08 12:30,1574,380,380,0,0,0
2026-04-08 13:00,1368,380,380,0,0,0
2026-04-08 13:30,1161,380,380,0,0,0
2026-04-08 14:00,955,380,380,0,0,0
2026-04-08 14:30,748,380,380,0,0,0
2026-04-08 15:00,542,380,380,0,0,0
2026-04-08 15:30,335,380,380,0,0,0
2026-04-08 16:00,129,380,380,0,0,0
2026-04-08 16:30,0,380,237,143,0,0
2026-04-08 17:00,0,280,0,280,0,0
2026-04-08 17:30,0,280,0,280,0,0
2026-04-08 18:00,0,280,0,280,0,0
2026-04-08 18:30,0,280,0,280,0,0
2026-04-08 19:00,0,280,0,280,0,0
2026-04-08 19:30,0,280,0,280,0,0
2026-04-08 20:00,0,280,0,280,0,0
2026-04-08 20:30,0,280,0,280,0,0
2026-04-08 21:00,0,280,0,280,0,0
2026-04-08 21:30,0,280,0,280,0,0
2026-04-08 22:00,0,280,0,280,0,0
2026-04-08 22:30,0,280,0,280,0,0
2026-04-08 23:00,0,280,0,280,0,0
2026-04-08 23:30,1104,280,0,280,2208,0
2026-04-09 00:00,2208,280,0,280,2208,0
2026-04-09 00:30,3312,280,0,280,2208,0
2026-04-09 01:00,4096,280,0,280,1568,0
2026-04-09 01:30,4096,280,0,280,0,0
2026-04-09 02:00,4096,280,0,280,0,0
2026-04-09 02:30,4096,280,0,280,0,0
2026-04-09 03:00,4096,280,0,280,0,0
2026-04-09 03:30,4096,280,0,280,0,0
2026-04-09 04:00,4096,280,0,280,0,0
2026-04-09 04:30,4096,280,0,280,0,0
2026-04-09 05:00,4096,280,0,280,0,0
2026-04-09 05:30,4096,280,0,280,0,0
2026-04-09 06:00,4096,280,0,280,0,0
2026-04-09 06:30,3944,280,280,0,0,0
2026-04-09 07:00,3792,280,280,0,0,0
2026-04-09 07:30,3653,280,280,0,0,28
2026-04-09 08:00,3447,380,380,0,0,0
2026-04-09 08:30,3240,380,380,0,0,0
2026-04-09 09:00,3034,380,380,0,0,0
2026-04-09 09:30,2828,380,380,0,0,2
2026-04-09 10:00,2622,380,380,0,0,0
2026-04-09 10:30,2415,380,380,0,0,0
2026-04-09 11:00,2209,380,380,0,0,0
2026-04-09 11:30,2002,380,380,0,0,0
2026-04-09 12:00,1796,380,380,0,0,0
2026-04-09 12:30,1589,380,380,0,0,0
2026-04-09 13:00,1382,380,380,0,0,0
2026-04-09 13:30,1176,380,380,0,0,0
2026-04-09 14:00,969,380,380,0,0,0
2026-04-09 14:30,763,380,380,0,0,0
2026-04-09 15:00,556,380,380,0,0,0
2026-04-09 15:30,350,380,380,0,0,0
2026-04-09 16:00,143,380,380,0,0,0
2026-04-09 16:30,0,380,264,116,0,0
2026-04-09 17:00,0,280,0,280,0,0
2026-04-09 17:30,0,280,0,280,0,0
2026-04-09 18:00,0,280,0,280,0,0
2026-04-09 18:30,0,280,0,280,0,0
2026-04-09 19:00,0,280,0,280,0,0
2026-04-09 19:30,0,280,0,280,0,0
2026-04-09 20:00,0,280,0,280,0,0
2026-04-09 20:30,0,280,0,280,0,0
2026-04-09 21:00,0,280,0,280,0,0
2026-04-09 21:30,0,280,0,280,0,0
2026-04-09 22:00,0,280,0,280,0,0
2026-04-09 22:30,0,280,0,280,0,0
2026-04-09 23:00,0,280,0,280,0,0
2026-04-09 23:30,1104,280,0,280,2208,0
2026-04-10 00:00,2208,280,0,280,2208,0
2026-04-10 00:30,3312,280,0,280,2208,0
2026-04-10 01:00,4096,280,0,280,1568,0
2026-04-10 01:30,4096,280,0,280,0,0
2026-04-10 02:00,4096,280,0,280,0,0
2026-04-10 02:30,4096,280,0,280,0,0
2026-04-10 03:00,4096,280,0,280,0,0
2026-04-10 03:30,4096,280,0,280,0,0
2026-04-10 04:00,4096,280,0,280,0,0
2026-04-10 04:30,4096,280,0,280,0,0
2026-04-10 05:00,4096,280,0,280,0,0
2026-04-10 05:30,4096,280,0,280,0,0
2026-04-10 06:00,4096,280,0,280,0,0
2026-04-10 06:30,3944,280,280,0,0,0
2026-04-10 07:00,3792,280,280,0,0,0
2026-04-10 07:30,3642,280,280,0,0,6
2026-04-10 08:00,3436,380,380,0,0,0
2026-04-10 08:30,3229,380,380,0,0,0
2026-04-10 09:00,3023,380,380,0,0,0
2026-04-10 09:30,2816,380,380,0,0,0
2026-04-10 10:00,2610,380,380,0,0,0
2026-04-10 10:30,2403,380,380,0,0,0
2026-04-10 11:00,2197,380,380,0,0,0
2026-04-10 11:30,1990,380,380,0,0,0
2026-04-10 12:00,1784,380,380,0,0,0
2026-04-10 12:30,1577,380,380,0,0,0
2026-04-10 13:00,1370,380,380,0,0,0
2026-04-10 13:30,1164,380,380,0,0,0
2026-04-10 14:00,957,380,380,0,0,0
2026-04-10 14:30,751,380,380,0,0,0
2026-04-10 15:00,544,380,380,0,0,0
2026-04-10 15:30,338,380,380,0,0,0
2026-04-10 16:00,131,380,380,0,0,0
2026-04-10 16:30,0,380,242,138,0,0
2026-04-10 17:00,0,280,0,280,0,0
2026-04-10 17:30,0,280,0,280,0,0
2026-04-10 18:00,0,580,0,580,0,0
2026-04-10 18:30,0,580,0,580,0,0
2026-04-10 19:00,0,580,0,580,0,0
2026-04-10 19:30,0,580,0,580,0,0
2026-04-10 20:00,0,580,0,580,0,0
2026-04-10 20:30,0,580,0,580,0,0
2026-04-10 21:00,0,580,0,580,0,0
2026-04-10 21:30,0,580,0,580,0,0
2026-04-10 22:00,0,280,0,280,0,0
2026-04-10 22:30,0,280,0,280,0,0
2026-04-10 23:00,0,280,0,280,0,0
2026-04-10 23:30,1104,280,0,280,2208,0
2026-04-11 00:00,2208,280,0,280,2208,0
2026-04-11 00:30,3312,280,0,280,2208,0
2026-04-11 01:00,4096,280,0,280,1568,0
2026-04-11 01:30,4096,280,0,280,0,0
2026-04-11 02:00,4096,280,0,280,0,0
2026-04-11 02:30,4096,280,0,280,0,0
2026-04-11 03:00,4096,280,0,280,0,0
2026-04-11 03:30,4096,280,0,280,0,0
2026-04-11 04:00,4096,280,0,280,0,0
2026-04-11 04:30,4096,280,0,280,0,0
2026-04-11 05:00,4096,280,0,280,0,0
2026-04-11 05:30,4096,280,0,280,0,0
2026-04-11 06:00,4096,280,0,280,0,0
2026-04-11 06:30,3944,280,280,0,0,0
2026-04-11 07:00,3792,280,280,0,0,0
2026-04-11 07:30,3639,280,280,0,0,0
2026-04-11 08:00,3487,280,280,0,0,0
2026-04-11 08:30,3335,280,280,0,0,0
2026-04-11 09:00,3183,280,280,0,0,0
2026-04-11 09:30,3031,280,280,0,0,0
2026-04-11 10:00,2879,280,280,0,0,0
2026-04-11 10:30,2726,280,280,0,0,0
2026-04-11 11:00,2574,280,280,0,0,0
2026-04-11 11:30,2422,280,280,0,0,0
2026-04-11 12:00,2270,280,280,0,0,0
2026-04-11 12:30,2118,280,280,0,0,0
2026-04-11 13:00,1966,280,280,0,0,0
2026-04-11 13:30,1813,280,280,0,0,0
2026-04-11 14:00,1661,280,280,0,0,0
2026-04-11 14:30,1509,280,280,0,0,0
2026-04-11 15:00,1357,280,280,0,0,0
2026-04-11 15:30,1205,280,280,0,0,0
2026-04-11 16:00,1053,280,280,0,0,0
2026-04-11 16:30,900,280,280,0,0,0
2026-04-11 17:00,748,280,280,0,0,0
2026-04-11 17:30,596,280,280,0,0,0
2026-04-11 18:00,346,460,460,0,0,0
2026-04-11 18:30,96,460,460,0,0,0
2026-04-11 19:00,0,460,177,283,0,0
2026-04-11 19:30,0,460,0,460,0,0
2026-04-11 20:00,0,460,0,460,0,0
2026-04-11 20:30,0,460,0,460,0,0
2026-04-11 21:00,0,280,0,280,0,0
2026-04-11 21:30,0,280,0,280,0,0
2026-04-11 22:00,0,280,0,280,0,0
2026-04-11 22:30,0,280,0,280,0,0
2026-04-11 23:00,0,280,0,280,0,0
2026-04-11 23:30,1104,280,0,280,2208,0
2026-04-12 00:00,2208,280,0,280,2208,0
2026-04-12 00:30,3312,280,0,280,2208,0
2026-04-12 01:00,4096,280,0,280,1568,0
2026-04-12 01:30,4096,280,0,280,0,0
2026-04-12 02:00,4096,280,0,280,0,0
2026-04-12 02:30,4096,280,0,280,0,0
2026-04-12 03:00,4096,280,0,280,0,0
2026-04-12 03:30,4096,280,0,280,0,0
2026-04-12 04:00,4096,280,0,280,0,0
2026-04-12 04:30,4096,280,0,280,0,0
2026-04-12 05:00,4096,280,0,280,0,0
2026-04-12 05:30,4096,280,0,280,0,0
2026-04-12 06:00,4096,280,0,280,0,0
2026-04-12 06:30,3944,280,280,0,0,0
2026-04-12 07:00,3792,280,280,0,0,0
2026-04-12 07:30,3639,280,280,0,0,0
2026-04-12 08:00,3487,280,280,0,0,0
2026-04-12 08:30,3335,280,280,0,0,0
2026-04-12 09:00,3183,280,280,0,0,0
2026-04-12 09:30,3031,280,280,0,0,0
2026-04-12 10:00,2879,280,280,0,0,0
2026-04-12 10:30,2726,280,280,0,0,0
2026-04-12 11:00,2574,280,280,0,0,0
2026-04-12 11:30,2422,280,280,0,0,0
2026-04-12 12:00,2270,280,280,0,0,0
2026-04-12 12:30,2118,280,280,0,0,0
2026-04-12 13:00,1966,280,280,0,0,0
2026-04-12 13:30,1813,280,280,0,0,0
2026-04-12 14:00,1661,280,280,0,0,0
2026-04-12 14:30,1509,280,280,0,0,0
2026-04-12 15:00,1357,280,280,0,0,0
2026-04-12 15:30,1205,280,280,0,0,0
2026-04-12 16:00,1053,280,280,0,0,0
2026-04-12 16:30,900,280,280,0,0,0
2026-04-12 17:00,748,280,280,0,0,0
2026-04-12 17:30,596,280,280,0,0,0
2026-04-12 18:00,444,280,280,0,0,0
2026-04-12 18:30,292,280,280,0,0,0
2026-04-12 19:00,139,280,280,0,0,0
2026-04-12 19:30,0,280,257,23,0,0
2026-04-12 20:00,0,280,0,280,0,0
2026-04-12 20:30,0,280,0,280,0,0
2026-04-12 21:00,0,280,0,280,0,0
2026-04-12 21:30,0,280,0,280,0,0
2026-04-12 22:00,0,280,0,280,0,0
2026-04-12 22:30,0,280,0,280,0,0
2026-04-12 23:00,0,280,0,280,0,0
2026-04-12 23:30,1104,280,0,280,2208,0
2026-04-13 00:00,2208,280,0,280,2208,0
2026-04-13 00:30,3312,280,0,280,2208,0
2026-04-13 01:00,4096,280,0,280,1568,0
2026-04-13 01:30,4096,280,0,280,0,0
2026-04-13 02:00,4096,280,0,280,0,0
2026-04-13 02:30,4096,280,0,280,0,0
2026-04-13 03:00,4096,280,0,280,0,0
2026-04-13 03:30,4096,280,0,280,0,0
2026-04-13 04:00,4096,280,0,280,0,0
2026-04-13 04:30,4096,280,0,280,0,0
2026-04-13 05:00,4096,280,0,280,0,0
2026-04-13 05:30,4096,280,0,280,0,0
2026-04-13 06:00,4096,280,0,280,0,0
2026-04-13 06:30,3944,280,280,0,0,0
2026-04-13 07:00,3792,280,280,0,0,0
2026-04-13 07:30,3639,280,280,0,0,0
2026-04-13 08:00,3433,380,380,0,0,0
2026-04-13 08:30,3226,380,380,0,0,0
2026-04-13 09:00,3020,380,380,0,0,0
2026-04-13 09:30,2813,380,380,0,0,0
2026-04-13 10:00,2607,380,380,0,0,0
2026-04-13 10:30,2400,380,380,0,0,0
2026-04-13 11:00,2194,380,380,0,0,0
2026-04-13 11:30,1987,380,380,0,0,0
2026-04-13 12:00,1781,380,380,0,0,0
2026-04-13 12:30,1574,380,380,0,0,0
2026-04-13 13:00,1368,380,380,0,0,0
2026-04-13 13:30,1161,380,380,0,0,0
2026-04-13 14:00,955,380,380,0,0,0
2026-04-13 14:30,748,380,380,0,0,0
2026-04-13 15:00,542,380,380,0,0,0
2026-04-13 15:30,335,380,380,0,0,0
2026-04-13 16:00,129,380,380,0,0,0
2026-04-13 16:30,0,380,237,143,0,0
2026-04-13 17:00,0,280,0,280,0,0
2026-04-13 17:30,0,280,0,280,0,0
2026-04-13 18:00,0,280,0,280,0,0
2026-04-13 18:30,0,280,0,280,0,0
2026-04-13 19:00,0,280,0,280,0,0
2026-04-13 19:30,0,280,0,280,0,0
2026-04-13 20:00,0,280,0,280,0,0
2026-04-13 20:30,0,280,0,280,0,0
2026-04-13 21:00,0,280,0,280,0,0
2026-04-13 21:30,0,280,0,280,0,0
2026-04-13 22:00,0,280,0,280,0,0
2026-04-13 22:30,0,280,0,280,0,0
2026-04-13 23:00,0,280,0,280,0,0
2026-04-13 23:30,1104,280,0,280,2208,0
2026-04-14 00:00,2208,280,0,280,2208,0
2026-04-14 00:30,3312,280,0,280,2208,0
2026-04-14 01:00,4096,280,0,280,1568,0
2026-04-14 01:30,4096,280,0,280,0,0
2026-04-14 02:00,4096,280,0,280,0,0
2026-04-14 02:30,4096,280,0,280,0,0
2026-04-14 03:00,4096,280,0,280,0,0
2026-04-14 03:30,4096,280,0,280,0,0
2026-04-14 04:00,4096,280,0,280,0,0
2026-04-14 04:30,4096,280,0,280,0,0
2026-04-14 05:00,4096,280,0,280,0,0
2026-04-14 05:30,4096,280,0,280,0,0
2026-04-14 06:00,4096,280,0,280,0,0
2026-04-14 06:30,3944,280,280,0,0,0
2026-04-14 07:00,3792,280,280,0,0,0
2026-04-14 07:30,3639,280,280,0,0,0
2026-04-14 08:00,3433,380,380,0,0,0
2026-04-14 08:30,3226,380,380,0,0,0
2026-04-14 09:00,3030,380,380,0,0,20
2026-04-14 09:30,2824,380,380,0,0,0
2026-04-14 10:00,2617,380,380,0,0,0
2026-04-14 10:30,2410,380,380,0,0,0
2026-04-14 11:00,2204,380,380,0,0,0
2026-04-14 11:30,1997,380,380,0,0,0
2026-04-14 12:00,1791,380,380,0,0,0
2026-04-14 12:30,1584,380,380,0,0,0
2026-04-14 13:00,1378,380,380,0,0,0
2026-04-14 13:30,1171,380,380,0,0,0
2026-04-14 14:00,965,380,380,0,0,0
2026-04-14 14:30,758,380,380,0,0,0
2026-04-14 15:00,552,380,380,0,0,0
2026-04-14 15:30,345,380,380,0,0,0
2026-04-14 16:00,139,380,380,0,0,0
2026-04-14 16:30,0,380,255,125,0,0
2026-04-14 17:00,0,280,0,280,0,0
2026-04-14 17:30,0,280,0,280,0,0
2026-04-14 18:00,0,280,0,280,0,0
2026-04-14 18:30,0,280,0,280,0,0
2026-04-14 19:00,0,280,0,280,0,0
2026-04-14 19:30,0,280,0,280,0,0
2026-04-14 20:00,0,280,0,280,0,0
2026-04-14 20:30,0,280,0,280,0,0
2026-04-14 21:00,0,280,0,280,0,0
2026-04-14 21:30,0,280,0,280,0,0
2026-04-14 22:00,0,280,0,280,0,0
2026-04-14 22:30,0,280,0,280,0,0
2026-04-14 23:00,0,280,0,280,0,0
2026-04-14 23:30,1104,280,0,280,2208,0
2026-04-15 00:00,2208,280,0,280,2208,0
2026-04-15 00:30,3312,280,0,280,2208,0
2026-04-15 01:00,4096,280,0,280,1568,0
2026-04-15 01:30,4096,280,0,280,0,0
2026-04-15 02:00,4096,280,0,280,0,0
2026-04-15 02:30,4096,280,0,280,0,0
2026-04-15 03:00,4096,280,0,280,0,0
2026-04-15 03:30,4096,280,0,280,0,0
2026-04-15 04:00,4096,280,0,280,0,0
2026-04-15 04:30,4096,280,0,280,0,0
2026-04-15 05:00,4096,280,0,280,0,0
2026-04-15 05:30,4096,280,0,280,0,0
2026-04-15 06:00,4096,280,0,280,0,0
2026-04-15 06:30,3944,280,280,0,0,0
2026-04-15 07:00,3792,280,280,0,0,0
2026-04-15 07:30,3639,280,280,0,0,0
2026-04-15 08:00,3433,380,380,0,0,0
2026-04-15 08:30,3226,380,380,0,0,0
2026-04-15 09:00,3020,380,380,0,0,0
2026-04-15 09:30,2813,380,380,0,0,0
2026-04-15 10:00,2607,380,380,0,0,0
2026-04-15 10:30,2400,380,380,0,0,0
2026-04-15 11:00,2194,380,380,0,0,0
2026-04-15 11:30,1987,380,380,0,0,0
2026-04-15 12:00,1781,380,380,0,0,0
2026-04-15 12:30,1574,380,380,0,0,0
2026-04-15 13:00,1368,380,380,0,0,0
2026-04-15 13:30,1161,380,380,0,0,0
2026-04-15 14:00,955,380,380,0,0,0
2026-04-15 14:30,748,380,380,0,0,0
2026-04-15 15:00,542,380,380,0,0,0
2026-04-15 15:30,335,380,380,0,0,0
2026-04-15 16:00,129,380,380,0,0,0
2026-04-15 16:30,0,380,237,143,0,0
2026-04-15 17:00,0,280,0,280,0,0
2026-04-15 17:30,0,280,0,280,0,0
2026-04-15 18:00,0,280,0,280,0,0
2026-04-15 18:30,0,280,0,280,0,0
2026-04-15 19:00,0,280,0,280,0,0
2026-04-15 19:30,0,280,0,280,0,0
2026-04-15 20:00,0,280,0,280,0,0
2026-04-15 20:30,0,280,0,280,0,0
2026-04-15 21:00,0,280,0,280,0,0
2026-04-15 21:30,0,280,0,280,0,0
2026-04-15 22:00,0,280,0,280,0,0
2026-04-15 22:30,0,280,0,280,0,0
2026-04-15 23:00,0,280,0,280,0,0
2026-04-15 23:30,1104,280,0,280,2208,0
2026-04-16 00:00,2208,280,0,280,2208,0
2026-04-16 00:30,3312,280,0,280,2208,0
2026-04-16 01:00,4096,280,0,280,1568,0
2026-04-16 01:30,4096,280,0,280,0,0
2026-04-16 02:00,4096,280,0,280,0,0
2026-04-16 02:30,4096,280,0,280,0,0
2026-04-16 03:00,4096,280,0,280,0,0
2026-04-16 03:30,4096,280,0,280,0,0
2026-04-16 04:00,4096,280,0,280,0,0
2026-04-16 04:30,4096,280,0,280,0,0
2026-04-16 05:00,4096,280,0,280,0,0
2026-04-16 05:30,4096,280,0,280,0,0
2026-04-16 06:00,4096,280,0,280,0,0
2026-04-16 06:30,3944,280,280,0,0,0
2026-04-16 07:00,3792,280,280,0,0,0
2026-04-16 07:30,3639,280,280,0,0,0
2026-04-16 08:00,3433,380,380,0,0,0
2026-04-16 08:30,3226,380,380,0,0,0
2026-04-16 09:00,3020,380,380,0,0,0
2026-04-16 09:30,2813,380,380,0,0,0
2026-04-16 10:00,2607,380,380,0,0,0
2026-04-16 10:30,2400,380,380,0,0,0
2026-04-16 11:00,2194,380,380,0,0,0
2026-04-16 11:30,1987,380,380,0,0,0
2026-04-16 12:00,1781,380,380,0,0,0
2026-04-16 12:30,1574,380,380,0,0,0
2026-04-16 13:00,1368,380,380,0,0,0
2026-04-16 13:30,1161,380,380,0,0,0
2026-04-16 14:00,955,380,380,0,0,0
2026-04-16 14:30,748,380,380,0,0,0
2026-04-16 15:00,542,380,380,0,0,0
2026-04-16 15:30,335,380,380,0,0,0
2026-04-16 16:00,129,380,380,0,0,0
2026-04-16 16:30,0,380,237,143,0,0
2026-04-16 17:00,0,280,0,280,0,0
2026-04-16 17:30,0,280,0,280,0,0
2026-04-16 18:00,0,280,0,280,0,0
2026-04-16 18:30,0,280,0,280,0,0
2026-04-16 19:00,0,280,0,280,0,0
2026-04-16 19:30,0,280,0,280,0,0
2026-04-16 20:00,0,280,0,280,0,0
2026-04-16 20:30,0,280,0,280,0,0
2026-04-16 21:00,0,280,0,280,0,0
2026-04-16 21:30,0,280,0,280,0,0
2026-04-16 22:00,0,280,0,280,0,0
2026-04-16 22:30,0,280,0,280,0,0
2026-04-16 23:00,0,280,0,280,0,0
2026-04-16 23:30,1104,280,0,280,2208,0
2026-04-17 00:00,2208,280,0,280,2208,0
2026-04-17 00:30,3312,280,0,280,2208,0
2026-04-17 01:00,4096,280,0,280,1568,0
2026-04-17 01:30,4096,280,0,280,0,0
2026-04-17 02:00,4096,280,0,280,0,0
2026-04-17 02:30,4096,280,0,280,0,0
2026-04-17 03:00,4096,280,0,280,0,0
2026-04-17 03:30,4096,280,0,280,0,0
2026-04-17 04:00,4096,280,0,280,0,0
2026-04-17 04:30,4096,280,0,280,0,0
2026-04-17 05:00,4096,280,0,280,0,0
2026-04-17 05:30,4096,280,0,280,0,0
2026-04-17 06:00,4096,280,0,280,0,0
2026-04-17 06:30,3944,280,280,0,0,0
2026-04-17 07:00,3792,280,280,0,0,0
2026-04-17 07:30,3639,280,280,0,0,0
2026-04-17 08:00,3433,380,380,0,0,0
2026-04-17 08:30,3226,380,380,0,0,0
2026-04-17 09:00,3020,380,380,0,0,0
2026-04-17 09:30,2813,380,380,0,0,0
2026-04-17 10:00,2607,380,380,0,0,0
2026-04-17 10:30,2400,380,380,0,0,0
2026-04-17 11:00,2194,380,380,0,0,0
2026-04-17 11:30,1987,380,380,0,0,0
2026-04-17 12:00,1781,380,380,0,0,0
2026-04-17 12:30,1574,380,380,0,0,0
2026-04-17 13:00,1368,380,380,0,0,0
2026-04-17 13:30,1161,380,380,0,0,0
2026-04-17 14:00,955,380,380,0,0,0
2026-04-17 14:30,748,380,380,0,0,0
2026-04-17 15:00,542,380,380,0,0,0
2026-04-17 15:30,335,380,380,0,0,0
2026-04-17 16:00,129,380,380,0,0,0
2026-04-17 16:30,0,380,237,143,0,0
2026-04-17 17:00,0,280,0,280,0,0
2026-04-17 17:30,0,280,0,280,0,0
2026-04-17 18:00,0,280,0,280,0,0
2026-04-17 18:30,0,280,0,280,0,0
2026-04-17 19:00,0,280,0,280,0,0
2026-04-17 19:30,0,280,0,280,0,0
2026-04-17 20:00,0,280,0,280,0,0
2026-04-17 20:30,0,280,0,280,0,0
2026-04-17 21:00,0,280,0,280,0,0
2026-04-17 21:30,0,280,0,280,0,0
2026-04-17 22:00,0,280,0,280,0,0
2026-04-17 22:30,0,280,0,280,0,0
2026-04-17 23:00,0,280,0,280,0,0
2026-04-17 23:30,1104,280,0,280,2208,0
2026-04-18 00:00,2208,280,0,280,2208,0
2026-04-18 00:30,3312,280,0,280,2208,0
2026-04-18 01:00,4096,280,0,280,1568,0
2026-04-18 01:30,4096,280,0,280,0,0
2026-04-18 02:00,4096,280,0,280,0,0
2026-04-18 02:30,4096,280,0,280,0,0
2026-04-18 03:00,4096,280,0,280,0,0
2026-04-18 03:30,4096,280,0,280,0,0
2026-04-18 04:00,4096,280,0,280,0,0
2026-04-18 04:30,4096,280,0,280,0,0
2026-04-18 05:00,4096,280,0,280,0,0
2026-04-18 05:30,4096,280,0,280,0,0
2026-04-18 06:00,4096,280,0,280,0,0
2026-04-18 06:30,3944,280,280,0,0,0
2026-04-18 07:00,3792,280,280,0,0,0
2026-04-18 07:30,3639,280,280,0,0,0
2026-04-18 08:00,3487,280,280,0,0,0
2026-04-18 08:30,3335,280,280,0,0,0
2026-04-18 09:00,3183,280,280,0,0,0
2026-04-18 09:30,3031,280,280,0,0,0
2026-04-18 10:00,2879,280,280,0,0,0
2026-04-18 10:30,2726,280,280,0,0,0
2026-04-18 11:00,2574,280,280,0,0,0
2026-04-18 11:30,2422,280,280,0,0,0
2026-04-18 12:00,2270,280,280,0,0,0
2026-04-18 12:30,2118,280,280,0,0,0
2026-04-18 13:00,1966,280,280,0,0,0
2026-04-18 13:30,1813,280,280,0,0,0
2026-04-18 14:00,1661,280,280,0,0,0
2026-04-18 14:30,1509,280,280,0,0,0
2026-04-18 15:00,1357,280,280,0,0,0
2026-04-18 15:30,1205,280,280,0,0,0
2026-04-18 16:00,1053,280,280,0,0,0
2026-04-18 16:30,900,280,280,0,0,0
2026-04-18 17:00,748,280,280,0,0,0
2026-04-18 17:30,596,280,280,0,0,0
2026-04-18 18:00,444,280,280,0,0,0
2026-04-18 18:30,292,280,280,0,0,0
2026-04-18 19:00,139,280,280,0,0,0
2026-04-18 19:30,0,280,257,23,0,0
2026-04-18 20:00,0,280,0,280,0,0
2026-04-18 20:30,0,280,0,280,0,0
2026-04-18 21:00,0,280,0,280,0,0
2026-04-18 21:30,0,280,0,280,0,0
2026-04-18 22:00,0,280,0,280,0,0
2026-04-18 22:30,0,280,0,280,0,0
2026-04-18 23:00,0,280,0,280,0,0
2026-04-18 23:30,1104,280,0,280,2208,0
2026-04-19 00:00,2208,280,0,280,2208,0
2026-04-19 00:30,3312,280,0,280,2208,0
2026-04-19 01:00,4096,280,0,280,1568,0
2026-04-19 01:30,4096,280,0,280,0,0
2026-04-19 02:00,4096,280,0,280,0,0
2026-04-19 02:30,4096,280,0,280,0,0
2026-04-19 03:00,4096,280,0,280,0,0
2026-04-19 03:30,4096,280,0,280,0,0
2026-04-19 04:00,4096,280,0,280,0,0
2026-04-19 04:30,4096,280,0,280,0,0
2026-04-19 05:00,4096,280,0,280,0,0
2026-04-19 05:30,4096,280,0,280,0,0
2026-04-19 06:00,4096,280,0,280,0,0
2026-04-19 06:30,3944,280,280,0,0,0
2026-04-19 07:00,3944,280,280,0,0,304
2026-04-19 07:30,3944,280,280,0,0,304
2026-04-19 08:00,3944,280,280,0,0,304
2026-04-19 08:30,3792,280,280,0,0,0
2026-04-19 09:00,3741,280,280,0,0,202
2026-04-19 09:30,3836,280,280,0,0,495
2026-04-19 10:00,3939,280,280,0,0,510
2026-04-19 10:30,3944,280,280,0,0,315
2026-04-19 11:00,3792,280,280,0,0,0
2026-04-19 11:30,3803,280,280,0,0,328
2026-04-19 12:00,3814,280,280,0,0,326
2026-04-19 12:30,3662,280,280,0,0,0
2026-04-19 13:00,3551,280,280,0,0,83
2026-04-19 13:30,3591,280,280,0,0,385
2026-04-19 14:00,3439,280,280,0,0,0
2026-04-19 14:30,3467,280,280,0,0,361
2026-04-19 15:00,3463,280,280,0,0,296
2026-04-19 15:30,3382,280,280,0,0,142
2026-04-19 16:00,3331,280,280,0,0,202
2026-04-19 16:30,3229,280,280,0,0,101
2026-04-19 17:00,3077,280,280,0,0,0
2026-04-19 17:30,2925,280,280,0,0,0
2026-04-19 18:00,2773,280,280,0,0,0
2026-04-19 18:30,2620,280,280,0,0,0
2026-04-19 19:00,2468,280,280,0,0,0
2026-04-19 19:30,2316,280,280,0,0,0
2026-04-19 20:00,2164,280,280,0,0,0
2026-04-19 20:30,2012,280,280,0,0,0
2026-04-19 21:00,1860,280,280,0,0,0
2026-04-19 21:30,1707,280,280,0,0,0
2026-04-19 22:00,1555,280,280,0,0,0
2026-04-19 22:30,1403,280,280,0,0,0
2026-04-19 23:00,1251,280,280,0,0,0
2026-04-19 23:30,2355,280,0,280,2208,0
2026-04-20 00:00,3459,280,0,280,2208,0
2026-04-20 00:30,4096,280,0,280,1274,0
2026-04-20 01:00,4096,280,0,280,0,0
2026-04-20 01:30,4096,280,0,280,0,0
2026-04-20 02:00,4096,280,0,280,0,0
2026-04-20 02:30,4096,280,0,280,0,0
2026-04-20 03:00,4096,280,0,280,0,0
2026-04-20 03:30,4096,280,0,280,0,0
2026-04-20 04:00,4096,280,0,280,0,0
2026-04-20 04:30,4096,280,0,280,0,0
2026-04-20 05:00,4096,280,0,280,0,0
2026-04-20 05:30,4096,280,0,280,0,0
2026-04-20 06:00,4096,280,0,280,0,0
2026-04-20 06:30,3944,280,280,0,0,0
2026-04-20 07:00,3944,280,280,0,0,304
2026-04-20 07:30,3944,280,280,0,0,304
2026-04-20 08:00,3889,380,380,0,0,304
2026-04-20 08:30,3889,380,380,0,0,413
2026-04-20 09:00,3889,380,380,0,0,413
2026-04-20 09:30,3889,380,380,0,0,413
2026-04-20 10:00,3889,380,380,0,0,413
2026-04-20 10:30,3889,380,380,0,0,413
2026-04-20 11:00,3811,380,380,0,0,256
2026-04-20 11:30,3801,380,380,0,0,394
2026-04-20 12:00,3757,380,380,0,0,324
2026-04-20 12:30,3550,380,380,0,0,0
2026-04-20 13:00,3600,380,380,0,0,513
2026-04-20 13:30,3563,380,380,0,0,339
2026-04-20 14:00,3415,380,380,0,0,118
2026-04-20 14:30,3209,380,380,0,0,0
2026-04-20 15:00,3029,380,380,0,0,53
2026-04-20 15:30,2822,380,380,0,0,0
2026-04-20 16:00,2616,380,380,0,0,0
2026-04-20 16:30,2409,380,380,0,0,0
2026-04-20 17:00,2257,280,280,0,0,0
2026-04-20 17:30,2105,280,280,0,0,0
2026-04-20 18:00,1953,280,280,0,0,0
2026-04-20 18:30,1801,280,280,0,0,0
2026-04-20 19:00,1649,280,280,0,0,0
2026-04-20 19:30,1496,280,280,0,0,0
2026-04-20 20:00,1344,280,280,0,0,0
2026-04-20 20:30,1192,280,280,0,0,0
2026-04-20 21:00,1040,280,280,0,0,0
2026-04-20 21:30,888,280,280,0,0,0
2026-04-20 22:00,736,280,280,0,0,0
2026-04-20 22:30,583,280,280,0,0,0
2026-04-20 23:00,431,280,280,0,0,0
2026-04-20 23:30,1535,280,0,280,2208,0
2026-04-21 00:00,2639,280,0,280,2208,0
2026-04-21 00:30,3743,280,0,280,2208,0
2026-04-21 01:00,4096,280,0,280,706,0
2026-04-21 01:30,4096,280,0,280,0,0
2026-04-21 02:00,4096,280,0,280,0,0
2026-04-21 02:30,4096,280,0,280,0,0
2026-04-21 03:00,4096,280,0,280,0,0
2026-04-21 03:30,4096,280,0,280,0,0
2026-04-21 04:00,4096,280,0,280,0,0
2026-04-21 04:30,4096,280,0,280,0,0
2026-04-21 05:00,4096,280,0,280,0,0
2026-04-21 05:30,4096,280,0,280,0,0
2026-04-21 06:00,4096,280,0,280,0,0
2026-04-21 06:30,3944,280,280,0,0,0
2026-04-21 07:00,3944,280,280,0,0,304
2026-04-21 07:30,3944,280,280,0,0,304
2026-04-21 08:00,3889,380,380,0,0,304
2026-04-21 08:30,3889,380,380,0,0,413
2026-04-21 09:00,3889,380,380,0,0,413
2026-04-21 09:30,3889,380,380,0,0,413
2026-04-21 10:00,3889,380,380,0,0,413
2026-04-21 10:30,3889,380,380,0,0,413
2026-04-21 11:00,3889,380,380,0,0,413
2026-04-21 11:30,3889,380,380,0,0,413
2026-04-21 12:00,3889,380,380,0,0,413
2026-04-21 12:30,3889,380,380,0,0,413
2026-04-21 13:00,3889,380,380,0,0,413
2026-04-21 13:30,3889,380,380,0,0,413
2026-04-21 14:00,3889,380,380,0,0,413
2026-04-21 14:30,3887,380,380,0,0,408
2026-04-21 15:00,3738,380,380,0,0,114
2026-04-21 15:30,3531,380,380,0,0,0
2026-04-21 16:00,3325,380,380,0,0,0
2026-04-21 16:30,3118,380,380,0,0,0
2026-04-21 17:00,2966,280,280,0,0,0
2026-04-21 17:30,2814,280,280,0,0,0
2026-04-21 18:00,2564,460,460,0,0,0
2026-04-21 18:30,2314,460,460,0,0,0
2026-04-21 19:00,2064,460,460,0,0,0
2026-04-21 19:30,1814,460,460,0,0,0
2026-04-21 20:00,1564,460,460,0,0,0
2026-04-21 20:30,1314,460,460,0,0,0
2026-04-21 21:00,1162,280,280,0,0,0
2026-04-21 21:30,1009,280,280,0,0,0
2026-04-21 22:00,857,280,280,0,0,0
2026-04-21 22:30,705,280,280,0,0,0
2026-04-21 23:00,553,280,280,0,0,0
2026-04-21 23:30,1657,280,0,280,2208,0
2026-04-22 00:00,2761,280,0,280,2208,0
2026-04-22 00:30,3865,280,0,280,2208,0
2026-04-22 01:00,4096,280,0,280,462,0
2026-04-22 01:30,4096,280,0,280,0,0
2026-04-22 02:00,4096,280,0,280,0,0
2026-04-22 02:30,4096,280,0,280,0,0
2026-04-22 03:00,4096,280,0,280,0,0
2026-04-22 03:30,4096,280,0,280,0,0
2026-04-22 04:00,4096,280,0,280,0,0
2026-04-22 04:30,4096,280,0,280,0,0
2026-04-22 05:00,4096,280,0,280,0,0
2026-04-22 05:30,4096,280,0,280,0,0
2026-04-22 06:00,4096,280,0,280,0,0
2026-04-22 06:30,3944,280,280,0,0,0
2026-04-22 07:00,3944,280,280,0,0,304
2026-04-22 07:30,3814,280,280,0,0,44
2026-04-22 08:00,3607,380,380,0,0,0
2026-04-22 08:30,3532,380,380,0,0,263
2026-04-22 09:00,3582,380,380,0,0,513
2026-04-22 09:30,3609,380,380,0,0,466
2026-04-22 10:00,3659,380,380,0,0,513
2026-04-22 10:30,3709,380,380,0,0,513
2026-04-22 11:00,3759,380,380,0,0,513
2026-04-22 11:30,3809,380,380,0,0,513
2026-04-22 12:00,3603,380,380,0,0,0
2026-04-22 12:30,3653,380,380,0,0,513
2026-04-22 13:00,3703,380,380,0,0,513
2026-04-22 13:30,3753,380,380,0,0,513
2026-04-22 14:00,3803,380,380,0,0,513
2026-04-22 14:30,3837,380,380,0,0,480
2026-04-22 15:00,3695,380,380,0,0,129
2026-04-22 15:30,3488,380,380,0,0,0
2026-04-22 16:00,3282,380,380,0,0,0
2026-04-22 16:30,3075,380,380,0,0,0
2026-04-22 17:00,2923,280,280,0,0,0
2026-04-22 17:30,2771,280,280,0,0,0
2026-04-22 18:00,2619,280,280,0,0,0
2026-04-22 18:30,2467,280,280,0,0,0
2026-04-22 19:00,2314,280,280,0,0,0
2026-04-22 19:30,2162,280,280,0,0,0
2026-04-22 20:00,2010,280,280,0,0,0
2026-04-22 20:30,1858,280,280,0,0,0
2026-04-22 21:00,1706,280,280,0,0,0
2026-04-22 21:30,1554,280,280,0,0,0
2026-04-22 22:00,1401,280,280,0,0,0
2026-04-22 22:30,1249,280,280,0,0,0
2026-04-22 23:00,1097,280,280,0,0,0
2026-04-22 23:30,2201,280,0,280,2208,0
2026-04-23 00:00,3305,280,0,280,2208,0
2026-04-23 00:30,4096,280,0,280,1582,0
2026-04-23 01:00,4096,280,0,280,0,0
2026-04-23 01:30,4096,280,0,280,0,0
2026-04-23 02:00,4096,280,0,280,0,0
2026-04-23 02:30,4096,280,0,280,0,0
2026-04-23 03:00,4096,280,0,280,0,0
2026-04-23 03:30,4096,280,0,280,0,0
2026-04-23 04:00,4096,280,0,280,0,0
2026-04-23 04:30,4096,280,0,280,0,0
2026-04-23 05:00,4096,280,0,280,0,0
2026-04-23 05:30,4096,280,0,280,0,0
2026-04-23 06:00,4096,280,0,280,0,0
2026-04-23 06:30,3944,280,280,0,0,0
2026-04-23 07:00,3851,280,280,0,0,120
2026-04-23 07:30,3860,280,280,0,0,322
2026-04-23 08:00,3889,380,380,0,0,471
2026-04-23 08:30,3889,380,380,0,0,413
2026-04-23 09:00,3889,380,380,0,0,413
2026-04-23 09:30,3889,380,380,0,0,413
2026-04-23 10:00,3889,380,380,0,0,413
2026-04-23 10:30,3889,380,380,0,0,413
2026-04-23 11:00,3889,380,380,0,0,413
2026-04-23 11:30,3889,380,380,0,0,413
2026-04-23 12:00,3889,380,380,0,0,413
2026-04-23 12:30,3889,380,380,0,0,413
2026-04-23 13:00,3889,380,380,0,0,413
2026-04-23 13:30,3889,380,380,0,0,413
2026-04-23 14:00,3889,380,380,0,0,413
2026-04-23 14:30,3889,380,380,0,0,413
2026-04-23 15:00,3713,380,380,0,0,61
2026-04-23 15:30,3507,380,380,0,0,0
2026-04-23 16:00,3300,380,380,0,0,0
2026-04-23 16:30,3094,380,380,0,0,0
2026-04-23 17:00,2942,280,280,0,0,0
2026-04-23 17:30,2789,280,280,0,0,0
2026-04-23 18:00,2637,280,280,0,0,0
2026-04-23 18:30,2485,280,280,0,0,0
2026-04-23 19:00,2333,280,280,0,0,0
2026-04-23 19:30,2181,280,280,0,0,0
2026-04-23 20:00,2029,280,280,0,0,0
2026-04-23 20:30,1876,280,280,0,0,0
2026-04-23 21:00,1724,280,280,0,0,0
2026-04-23 21:30,1572,280,280,0,0,0
2026-04-23 22:00,1420,280,280,0,0,0
2026-04-23 22:30,1268,280,280,0,0,0
2026-04-23 23:00,1115,280,280,0,0,0
2026-04-23 23:30,2219,280,0,280,2208,0
2026-04-24 00:00,3323,280,0,280,2208,0
2026-04-24 00:30,4096,280,0,280,1545,0
2026-04-24 01:00,4096,280,0,280,0,0
2026-04-24 01:30,4096,280,0,280,0,0
2026-04-24 02:00,4096,280,0,280,0,0
2026-04-24 02:30,4096,280,0,280,0,0
2026-04-24 03:00,4096,280,0,280,0,0
2026-04-24 03:30,4096,280,0,280,0,0
2026-04-24 04:00,4096,280,0,280,0,0
2026-04-24 04:30,4096,280,0,280,0,0
2026-04-24 05:00,4096,280,0,280,0,0
2026-04-24 05:30,4096,280,0,280,0,0
2026-04-24 06:00,4096,280,0,280,0,0
2026-04-24 06:30,3944,280,280,0,0,0
2026-04-24 07:00,3944,280,280,0,0,304
2026-04-24 07:30,3944,280,280,0,0,304
2026-04-24 08:00,3889,380,380,0,0,304
2026-04-24 08:30,3889,380,380,0,0,413
2026-04-24 09:00,3889,380,380,0,0,413
2026-04-24 09:30,3889,380,380,0,0,413
2026-04-24 10:00,3889,380,380,0,0,413
2026-04-24 10:30,3889,380,380,0,0,413
2026-04-24 11:00,3889,380,380,0,0,413
2026-04-24 11:30,3889,380,380,0,0,413
2026-04-24 12:00,3889,380,380,0,0,413
2026-04-24 12:30,3889,380,380,0,0,413
2026-04-24 13:00,3889,380,380,0,0,413
2026-04-24 13:30,3889,380,380,0,0,413
2026-04-24 14:00,3889,380,380,0,0,413
2026-04-24 14:30,3889,380,380,0,0,413
2026-04-24 15:00,3806,380,380,0,0,247
2026-04-24 15:30,3661,380,380,0,0,123
2026-04-24 16:00,3476,380,380,0,0,42
2026-04-24 16:30,3325,380,380,0,0,110
2026-04-24 17:00,3172,280,280,0,0,0
2026-04-24 17:30,3020,280,280,0,0,0
2026-04-24 18:00,2705,580,580,0,0,0
2026-04-24 18:30,2390,580,580,0,0,0
2026-04-24 19:00,2075,580,580,0,0,0
2026-04-24 19:30,1759,580,580,0,0,0
2026-04-24 20:00,1444,580,580,0,0,0
2026-04-24 20:30,1129,580,580,0,0,0
2026-04-24 21:00,814,580,580,0,0,0
2026-04-24 21:30,499,580,580,0,0,0
2026-04-24 22:00,346,280,280,0,0,0
2026-04-24 22:30,194,280,280,0,0,0
2026-04-24 23:00,42,280,280,0,0,0
2026-04-24 23:30,1146,280,0,280,2208,0
2026-04-25 00:00,2250,280,0,280,2208,0
2026-04-25 00:30,3354,280,0,280,2208,0
2026-04-25 01:00,4096,280,0,280,1484,0
2026-04-25 01:30,4096,280,0,280,0,0
2026-04-25 02:00,4096,280,0,280,0,0
2026-04-25 02:30,4096,280,0,280,0,0
2026-04-25 03:00,4096,280,0,280,0,0
2026-04-25 03:30,4096,280,0,280,0,0
2026-04-25 04:00,4096,280,0,280,0,0
2026-04-25 04:30,4096,280,0,280,0,0
2026-04-25 05:00,4096,280,0,280,0,0
2026-04-25 05:30,4096,280,0,280,0,0
2026-04-25 06:00,4096,280,0,280,0,0
2026-04-25 06:30,3944,280,280,0,0,0
2026-04-25 07:00,3944,280,280,0,0,304
2026-04-25 07:30,3944,280,280,0,0,304
2026-04-25 08:00,3944,280,280,0,0,304
2026-04-25 08:30,3944,280,280,0,0,304
2026-04-25 09:00,3853,280,280,0,0,123
2026-04-25 09:30,3926,280,280,0,0,449
2026-04-25 10:00,3944,280,280,0,0,341
2026-04-25 10:30,3944,280,280,0,0,304
2026-04-25 11:00,3944,280,280,0,0,304
2026-04-25 11:30,3944,280,280,0,0,304
2026-04-25 12:00,3944,280,280,0,0,304
2026-04-25 12:30,3944,280,280,0,0,304
2026-04-25 13:00,3944,280,280,0,0,304
2026-04-25 13:30,3944,280,280,0,0,304
2026-04-25 14:00,3944,280,280,0,0,304
2026-04-25 14:30,3944,280,280,0,0,304
2026-04-25 15:00,3817,280,280,0,0,52
2026-04-25 15:30,3665,280,280,0,0,0
2026-04-25 16:00,3513,280,280,0,0,0
2026-04-25 16:30,3361,280,280,0,0,0
2026-04-25 17:00,3209,280,280,0,0,0
2026-04-25 17:30,3057,280,280,0,0,0
2026-04-25 18:00,2904,280,280,0,0,0
2026-04-25 18:30,2752,280,280,0,0,0
2026-04-25 19:00,2600,280,280,0,0,0
2026-04-25 19:30,2448,280,280,0,0,0
2026-04-25 20:00,2296,280,280,0,0,0
2026-04-25 20:30,2143,280,280,0,0,0
2026-04-25 21:00,1991,280,280,0,0,0
2026-04-25 21:30,1839,280,280,0,0,0
2026-04-25 22:00,1687,280,280,0,0,0
2026-04-25 22:30,1535,280,280,0,0,0
2026-04-25 23:00,1383,280,280,0,0,0
2026-04-25 23:30,2487,280,0,280,2208,0
2026-04-26 00:00,3591,280,0,280,2208,0
2026-04-26 00:30,4096,280,0,280,1011,0
2026-04-26 01:00,4096,280,0,280,0,0
2026-04-26 01:30,4096,280,0,280,0,0
2026-04-26 02:00,4096,280,0,280,0,0
2026-04-26 02:30,4096,280,0,280,0,0
2026-04-26 03:00,4096,280,0,280,0,0
2026-04-26 03:30,4096,280,0,280,0,0
2026-04-26 04:00,4096,280,0,280,0,0
2026-04-26 04:30,4096,280,0,280,0,0
2026-04-26 05:00,4096,280,0,280,0,0
2026-04-26 05:30,4096,280,0,280,0,0
2026-04-26 06:00,4096,280,0,280,0,0
2026-04-26 06:30,3944,280,280,0,0,0
2026-04-26 07:00,3814,280,280,0,0,44
2026-04-26 07:30,3822,280,280,0,0,320
2026-04-26 08:00,3883,280,280,0,0,427
2026-04-26 08:30,3944,280,280,0,0,426
2026-04-26 09:00,3883,280,280,0,0,182
2026-04-26 09:30,3944,280,280,0,0,427
2026-04-26 10:00,3944,280,280,0,0,304
2026-04-26 10:30,3912,280,280,0,0,241
2026-04-26 11:00,3760,280,280,0,0,0
2026-04-26 11:30,3660,280,280,0,0,105
2026-04-26 12:00,3758,280,280,0,0,500
2026-04-26 12:30,3731,280,280,0,0,250
2026-04-26 13:00,3836,280,280,0,0,513
2026-04-26 13:30,3739,280,280,0,0,110
2026-04-26 14:00,3843,280,280,0,0,513
2026-04-26 14:30,3944,280,280,0,0,505
2026-04-26 15:00,3792,280,280,0,0,0
2026-04-26 15:30,3646,280,280,0,0,13
2026-04-26 16:00,3494,280,280,0,0,0
2026-04-26 16:30,3342,280,280,0,0,0
2026-04-26 17:00,3189,280,280,0,0,0
2026-04-26 17:30,3037,280,280,0,0,0
2026-04-26 18:00,2885,280,280,0,0,0
2026-04-26 18:30,2733,280,280,0,0,0
2026-04-26 19:00,2581,280,280,0,0,0
2026-04-26 19:30,2429,280,280,0,0,0
2026-04-26 20:00,2276,280,280,0,0,0
2026-04-26 20:30,2124,280,280,0,0,0
2026-04-26 21:00,1972,280,280,0,0,0
2026-04-26 21:30,1820,280,280,0,0,0
2026-04-26 22:00,1668,280,280,0,0,0
2026-04-26 22:30,1515,280,280,0,0,0
2026-04-26 23:00,1363,280,280,0,0,0
2026-04-26 23:30,2467,280,0,280,2208,0
2026-04-27 00:00,3571,280,0,280,2208,0
2026-04-27 00:30,4096,280,0,280,1049,0
2026-04-27 01:00,4096,280,0,280,0,0
2026-04-27 01:30,4096,280,0,280,0,0
2026-04-27 02:00,4096,280,0,280,0,0
2026-04-27 02:30,4096,280,0,280,0,0
2026-04-27 03:00,4096,280,0,280,0,0
2026-04-27 03:30,4096,280,0,280,0,0
2026-04-27 04:00,4096,280,0,280,0,0
2026-04-27 04:30,4096,280,0,280,0,0
2026-04-27 05:00,4096,280,0,280,0,0
2026-04-27 05:30,4096,280,0,280,0,0
2026-04-27 06:00,4096,280,0,280,0,0
2026-04-27 06:30,3944,280,280,0,0,0
2026-04-27 07:00,3944,280,280,0,0,304
2026-04-27 07:30,3944,280,280,0,0,304
2026-04-27 08:00,3889,380,380,0,0,304
2026-04-27 08:30,3683,380,380,0,0,0
2026-04-27 09:00,3487,380,380,0,0,22
2026-04-27 09:30,3461,380,380,0,0,361
2026-04-27 10:00,3475,380,380,0,0,440
2026-04-27 10:30,3525,380,380,0,0,513
2026-04-27 11:00,3318,380,380,0,0,0
2026-04-27 11:30,3112,380,380,0,0,0
2026-04-27 12:00,3160,380,380,0,0,510
2026-04-27 12:30,3157,380,380,0,0,407
2026-04-27 13:00,2950,380,380,0,0,0
2026-04-27 13:30,2939,380,380,0,0,390
2026-04-27 14:00,2950,380,380,0,0,436
2026-04-27 14:30,2886,380,380,0,0,283
2026-04-27 15:00,2679,380,380,0,0,0
2026-04-27 15:30,2472,380,380,0,0,0
2026-04-27 16:00,2266,380,380,0,0,0
2026-04-27 16:30,2059,380,380,0,0,0
2026-04-27 17:00,1907,280,280,0,0,0
2026-04-27 17:30,1755,280,280,0,0,0
2026-04-27 18:00,1603,280,280,0,0,0
2026-04-27 18:30,1451,280,280,0,0,0
2026-04-27 19:00,1299,280,280,0,0,0
2026-04-27 19:30,1146,280,280,0,0,0
2026-04-27 20:00,994,280,280,0,0,0
2026-04-27 20:30,842,280,280,0,0,0
2026-04-27 21:00,690,280,280,0,0,0
2026-04-27 21:30,538,280,280,0,0,0
2026-04-27 22:00,386,280,280,0,0,0
2026-04-27 22:30,233,280,280,0,0,0
2026-04-27 23:00,81,280,280,0,0,0
2026-04-27 23:30,1185,280,0,280,2208,0
2026-04-28 00:00,2289,280,0,280,2208,0
2026-04-28 00:30,3393,280,0,280,2208,0
2026-04-28 01:00,4096,280,0,280,1406,0
2026-04-28 01:30,4096,280,0,280,0,0
2026-04-28 02:00,4096,280,0,280,0,0
2026-04-28 02:30,4096,280,0,280,0,0
2026-04-28 03:00,4096,280,0,280,0,0
2026-04-28 03:30,4096,280,0,280,0,0
2026-04-28 04:00,4096,280,0,280,0,0
2026-04-28 04:30,4096,280,0,280,0,0
2026-04-28 05:00,4096,280,0,280,0,0
2026-04-28 05:30,4096,280,0,280,0,0
2026-04-28 06:00,4096,280,0,280,0,0
2026-04-28 06:30,3944,280,280,0,0,0
2026-04-28 07:00,3792,280,280,0,0,0
2026-04-28 07:30,3639,280,280,0,0,0
2026-04-28 08:00,3485,380,380,0,0,105
2026-04-28 08:30,3312,380,380,0,0,66
2026-04-28 09:00,3112,380,380,0,0,13
2026-04-28 09:30,2905,380,380,0,0,0
2026-04-28 10:00,2699,380,380,0,0,0
2026-04-28 10:30,2665,380,380,0,0,346
2026-04-28 11:00,2671,380,380,0,0,425
2026-04-28 11:30,2721,380,380,0,0,512
2026-04-28 12:00,2715,380,380,0,0,401
2026-04-28 12:30,2691,380,380,0,0,366
2026-04-28 13:00,2671,380,380,0,0,374
2026-04-28 13:30,2465,380,380,0,0,0
2026-04-28 14:00,2444,380,380,0,0,372
2026-04-28 14:30,2470,380,380,0,0,466
2026-04-28 15:00,2303,380,380,0,0,77
2026-04-28 15:30,2096,380,380,0,0,0
2026-04-28 16:00,1889,380,380,0,0,0
2026-04-28 16:30,1683,380,380,0,0,0
2026-04-28 17:00,1531,280,280,0,0,0
2026-04-28 17:30,1379,280,280,0,0,0
2026-04-28 18:00,1226,280,280,0,0,0
2026-04-28 18:30,1074,280,280,0,0,0
2026-04-28 19:00,922,280,280,0,0,0
2026-04-28 19:30,770,280,280,0,0,0
2026-04-28 20:00,618,280,280,0,0,0
2026-04-28 20:30,466,280,280,0,0,0
2026-04-28 21:00,313,280,280,0,0,0
2026-04-28 21:30,161,280,280,0,0,0
2026-04-28 22:00,9,280,280,0,0,0
2026-04-28 22:30,0,280,17,263,0,0
2026-04-28 23:00,0,280,0,280,0,0
2026-04-28 23:30,1104,280,0,280,2208,0
2026-04-29 00:00,2208,280,0,280,2208,0
2026-04-29 00:30,3312,280,0,280,2208,0
2026-04-29 01:00,4096,280,0,280,1568,0
2026-04-29 01:30,4096,280,0,280,0,0
2026-04-29 02:00,4096,280,0,280,0,0
2026-04-29 02:30,4096,280,0,280,0,0
2026-04-29 03:00,4096,280,0,280,0,0
2026-04-29 03:30,4096,280,0,280,0,0
2026-04-29 04:00,4096,280,0,280,0,0
2026-04-29 04:30,4096,280,0,280,0,0
2026-04-29 05:00,4096,280,0,280,0,0
2026-04-29 05:30,4096,280,0,280,0,0
2026-04-29 06:00,4096,280,0,280,0,0
2026-04-29 06:30,3944,280,280,0,0,0
2026-04-29 07:00,3944,280,280,0,0,304
2026-04-29 07:30,3944,280,280,0,0,304
2026-04-29 08:00,3889,380,380,0,0,304
2026-04-29 08:30,3889,380,380,0,0,413
2026-04-29 09:00,3889,380,380,0,0,413
2026-04-29 09:30,3889,380,380,0,0,413
2026-04-29 10:00,3889,380,380,0,0,413
2026-04-29 10:30,3889,380,380,0,0,413
2026-04-29 11:00,3889,380,380,0,0,413
2026-04-29 11:30,3889,380,380,0,0,413
2026-04-29 12:00,3889,380,380,0,0,413
2026-04-29 12:30,3889,380,380,0,0,413
2026-04-29 13:00,3889,380,380,0,0,413
2026-04-29 13:30,3889,380,380,0,0,413
2026-04-29 14:00,3889,380,380,0,0,413
2026-04-29 14:30,3683,380,380,0,0,0
2026-04-29 15:00,3476,380,380,0,0,0
2026-04-29 15:30,3296,380,380,0,0,52
2026-04-29 16:00,3089,380,380,0,0,0
2026-04-29 16:30,2899,380,380,0,0,33
2026-04-29 17:00,2747,280,280,0,0,0
2026-04-29 17:30,2595,280,280,0,0,0
2026-04-29 18:00,2345,460,460,0,0,0
2026-04-29 18:30,2095,460,460,0,0,0
2026-04-29 19:00,1845,460,460,0,0,0
2026-04-29 19:30,1595,460,460,0,0,0
2026-04-29 20:00,1345,460,460,0,0,0
2026-04-29 20:30,1095,460,460,0,0,0
2026-04-29 21:00,943,280,280,0,0,0
2026-04-29 21:30,790,280,280,0,0,0
2026-04-29 22:00,638,280,280,0,0,0
2026-04-29 22:30,486,280,280,0,0,0
2026-04-29 23:00,334,280,280,0,0,0
2026-04-29 23:30,1438,280,0,280,2208,0
2026-04-30 00:00,2542,280,0,280,2208,0
2026-04-30 00:30,3646,280,0,280,2208,0
2026-04-30 01:00,4096,280,0,280,900,0
2026-04-30 01:30,4096,280,0,280,0,0
2026-04-30 02:00,4096,280,0,280,0,0
2026-04-30 02:30,4096,280,0,280,0,0
2026-04-30 03:00,4096,280,0,280,0,0
2026-04-30 03:30,4096,280,0,280,0,0
2026-04-30 04:00,4096,280,0,280,0,0
2026-04-30 04:30,4096,280,0,280,0,0
2026-04-30 05:00,4096,280,0,280,0,0
2026-04-30 05:30,4096,280,0,280,0,0
2026-04-30 06:00,4096,280,0,280,0,0
2026-04-30 06:30,3944,280,280,0,0,0
2026-04-30 07:00,3944,280,280,0,0,304
2026-04-30 07:30,3944,280,280,0,0,304
2026-04-30 08:00,3889,380,380,0,0,304
2026-04-30 08:30,3889,380,380,0,0,413
2026-04-30 09:00,3889,380,380,0,0,413
2026-04-30 09:30,3889,380,380,0,0,413
2026-04-30 10:00,3889,380,380,0,0,413
2026-04-30 10:30,3889,380,380,0,0,413
2026-04-30 11:00,3889,380,380,0,0,413
2026-04-30 11:30,3883,380,380,0,0,399
2026-04-30 12:00,3889,380,380,0,0,427
2026-04-30 12:30,3889,380,380,0,0,413
2026-04-30 13:00,3889,380,380,0,0,413
2026-04-30 13:30,3889,380,380,0,0,413
2026-04-30 14:00,3889,380,380,0,0,413
2026-04-30 14:30,3889,380,380,0,0,413
2026-04-30 15:00,3845,380,380,0,0,324
2026-04-30 15:30,3638,380,380,0,0,0
2026-04-30 16:00,3432,380,380,0,0,0
2026-04-30 16:30,3225,380,380,0,0,0
2026-04-30 17:00,3073,280,280,0,0,0
2026-04-30 17:30,2921,280,280,0,0,0
2026-04-30 18:00,2769,280,280,0,0,0
2026-04-30 18:30,2617,280,280,0,0,0
2026-04-30 19:00,2464,280,280,0,0,0
2026-04-30 19:30,2312,280,280,0,0,0
2026-04-30 20:00,2160,280,280,0,0,0
2026-04-30 20:30,2008,280,280,0,0,0
2026-04-30 21:00,1856,280,280,0,0,0
2026-04-30 21:30,1704,280,280,0,0,0
2026-04-30 22:00,1551,280,280,0,0,0
2026-04-30 22:30,1399,280,280,0,0,0
2026-04-30 23:00,1247,280,280,0,0,0
2026-04-30 23:30,2351,280,0,280,2208,0
